-- phpMyAdmin SQL Dump
-- version 5.0.1
-- https://www.phpmyadmin.net/
--
-- Servidor: 127.0.0.1
-- Tiempo de generación: 25-05-2020 a las 02:20:40
-- Versión del servidor: 10.4.11-MariaDB
-- Versión de PHP: 7.4.3

SET SQL_MODE = "NO_AUTO_VALUE_ON_ZERO";
SET AUTOCOMMIT = 0;
START TRANSACTION;
SET time_zone = "+00:00";


/*!40101 SET @OLD_CHARACTER_SET_CLIENT=@@CHARACTER_SET_CLIENT */;
/*!40101 SET @OLD_CHARACTER_SET_RESULTS=@@CHARACTER_SET_RESULTS */;
/*!40101 SET @OLD_COLLATION_CONNECTION=@@COLLATION_CONNECTION */;
/*!40101 SET NAMES utf8mb4 */;

--
-- Base de datos: `ecommerce`
--

-- --------------------------------------------------------

--
-- Estructura de tabla para la tabla `cancelacion`
--

CREATE TABLE `cancelacion` (
  `id` int(11) NOT NULL,
  `motivo` longtext NOT NULL,
  `idventa` int(11) NOT NULL,
  `estado` varchar(50) NOT NULL,
  `fecha` date NOT NULL
) ENGINE=InnoDB DEFAULT CHARSET=utf8mb4;

--
-- Volcado de datos para la tabla `cancelacion`
--

INSERT INTO `cancelacion` (`id`, `motivo`, `idventa`, `estado`, `fecha`) VALUES
(5, 'No quiero el producto.', 34, 'Reembolsado', '2020-04-01'),
(6, 'No me gusta el producto.', 33, 'Pendiente', '2020-04-01'),
(7, 'No me gusta el producto.', 32, 'Reembolsado', '2020-04-01'),
(8, 'No me gusto el producto, ya no lo quiero.', 39, 'Pendiente', '2020-04-01'),
(9, 'No quiero el producto', 41, 'Reembolsado', '2020-04-01');

-- --------------------------------------------------------

--
-- Estructura de tabla para la tabla `carrito`
--

CREATE TABLE `carrito` (
  `id` int(11) NOT NULL,
  `iduser` int(11) NOT NULL,
  `idproducto` int(11) NOT NULL,
  `cantidad` int(11) NOT NULL,
  `createAt` date NOT NULL
) ENGINE=InnoDB DEFAULT CHARSET=utf8mb4;

--
-- Volcado de datos para la tabla `carrito`
--

INSERT INTO `carrito` (`id`, `iduser`, `idproducto`, `cantidad`, `createAt`) VALUES
(53, 5, 19, 1, '2020-05-20'),
(54, 5, 16, 1, '2020-05-20');

-- --------------------------------------------------------

--
-- Estructura de tabla para la tabla `categoria`
--

CREATE TABLE `categoria` (
  `id` int(11) NOT NULL,
  `titulo` varchar(250) NOT NULL,
  `icono` varchar(150) NOT NULL
) ENGINE=InnoDB DEFAULT CHARSET=utf8mb4;

--
-- Volcado de datos para la tabla `categoria`
--

INSERT INTO `categoria` (`id`, `titulo`, `icono`) VALUES
(5, 'Smartphones', 'icon-mobile'),
(6, 'Computadoras', 'icon-cat-computer'),
(7, 'Audio', 'icon icon-earphones-alt'),
(8, 'Ropa masculina', 'icon icon-cat-shirt'),
(9, 'Ropa femenina', 'icon icon-cat-shirt'),
(10, 'Televisores', 'icon icon-desktop'),
(11, 'Salud', 'icon icon-heart');

-- --------------------------------------------------------

--
-- Estructura de tabla para la tabla `configuraciones`
--

CREATE TABLE `configuraciones` (
  `id` int(11) NOT NULL,
  `logo` varchar(250) NOT NULL,
  `titulo` varchar(150) NOT NULL,
  `telefono` varchar(20) NOT NULL,
  `facebook` varchar(300) NOT NULL,
  `twitter` varchar(300) NOT NULL,
  `correo` varchar(100) NOT NULL,
  `direccion` varchar(300) NOT NULL,
  `horario` varchar(250) NOT NULL,
  `msm_procesado` varchar(500) NOT NULL,
  `msm_cancelado` varchar(500) NOT NULL,
  `msm_entregado` varchar(500) NOT NULL,
  `banner_inicio_uno` varchar(250) NOT NULL,
  `banner_inicio_dos` varchar(250) NOT NULL,
  `banner_producto` varchar(250) NOT NULL,
  `paypal_mode` varchar(20) NOT NULL,
  `paypal_client_id` varchar(250) NOT NULL,
  `paypal_client_id_production` varchar(250) NOT NULL,
  `tipo_moneda` varchar(20) NOT NULL,
  `culqui_key_public` varchar(50) NOT NULL,
  `culqui_key_private` varchar(50) NOT NULL
) ENGINE=InnoDB DEFAULT CHARSET=utf8mb4;

--
-- Volcado de datos para la tabla `configuraciones`
--

INSERT INTO `configuraciones` (`id`, `logo`, `titulo`, `telefono`, `facebook`, `twitter`, `correo`, `direccion`, `horario`, `msm_procesado`, `msm_cancelado`, `msm_entregado`, `banner_inicio_uno`, `banner_inicio_dos`, `banner_producto`, `paypal_mode`, `paypal_client_id`, `paypal_client_id_production`, `tipo_moneda`, `culqui_key_public`, `culqui_key_private`) VALUES
(1, '5e83fb9f0498d.png', 'Devctheme EDIT', '992648793', 'https://www.facebook.com/profile.php?id=100008971981009', 'https://www.facebook.com/profile.php?id=100008971981009', 'diegoarca02@gmail.com', 'EDITADO Miraflores #189, Calle gardenias piso #1 \r\nPerú, Lima, Miraflores', 'EDITADO  Lunes', 'La compra esta a la espera del que producto sea enviado a su destino, proximo estado sera ENVIADO.', 'La compra fue cancelada, el tiempo de espera por la emisión del reembolso es de 3 a 5 días hábiles.', 'El producto fue entregado con exito, si aun no escribe una reseña del producto que compró ya lo puede hacer.', '5e83fb9f19a5a.jpeg', '5e83fb9f19ea0.jpeg', '5e83fb9f1a18e.jpeg', 'sandbox', 'ATICHcu5eXDSWJOQAIzZ08kcI89lXFZpY2TmbpN0ZlL6zHLVkplziHsWWSujjR5cPGkbRcIzNSQHgAVL', '564dgLJHGL5a6454DF654', 'Soles', 'pk_test_0b07aceaa3de8c43', 'sk_test_56683314fd8a5328');

-- --------------------------------------------------------

--
-- Estructura de tabla para la tabla `direccion`
--

CREATE TABLE `direccion` (
  `id` int(11) NOT NULL,
  `iduser` int(11) NOT NULL,
  `pais` varchar(100) NOT NULL,
  `region` varchar(100) NOT NULL,
  `ciudad` varchar(100) NOT NULL,
  `direccion` varchar(400) NOT NULL,
  `zip` int(11) NOT NULL
) ENGINE=InnoDB DEFAULT CHARSET=utf8mb4;

--
-- Volcado de datos para la tabla `direccion`
--

INSERT INTO `direccion` (`id`, `iduser`, `pais`, `region`, `ciudad`, `direccion`, `zip`) VALUES
(3, 5, 'Peru', 'Santa', 'Chimbote', 'Miraflores Alto\r\nPsj.Los Laureles Mz.G2 Lt.30', 2741),
(4, 5, 'Peru', 'Ancash', 'Nuevo Chimbote', 'Urb. Paseo Del mar MZ G2 Lt6 - 1ra etapa', 2710),
(5, 6, 'Peru', 'Lima', 'Lima', 'Lima Surquillo 987, Edificio 8, piso 5, puerta 895', 2741);

-- --------------------------------------------------------

--
-- Estructura de tabla para la tabla `failed_jobs`
--

CREATE TABLE `failed_jobs` (
  `id` bigint(20) UNSIGNED NOT NULL,
  `connection` text COLLATE utf8mb4_unicode_ci NOT NULL,
  `queue` text COLLATE utf8mb4_unicode_ci NOT NULL,
  `payload` longtext COLLATE utf8mb4_unicode_ci NOT NULL,
  `exception` longtext COLLATE utf8mb4_unicode_ci NOT NULL,
  `failed_at` timestamp NOT NULL DEFAULT current_timestamp()
) ENGINE=InnoDB DEFAULT CHARSET=utf8mb4 COLLATE=utf8mb4_unicode_ci;

-- --------------------------------------------------------

--
-- Estructura de tabla para la tabla `galeria`
--

CREATE TABLE `galeria` (
  `id` int(11) NOT NULL,
  `foto` varchar(200) NOT NULL,
  `idproducto` int(11) NOT NULL
) ENGINE=InnoDB DEFAULT CHARSET=utf8mb4;

--
-- Volcado de datos para la tabla `galeria`
--

INSERT INTO `galeria` (`id`, `foto`, `idproducto`) VALUES
(2, '5e727c508e854.jpg', 1),
(3, '5e727c508f0dd.jpg', 1),
(4, '5e73cd28c138b.jpg', 2),
(5, '5e73cd28c6155.jpg', 2),
(6, '5e73cd28c816c.jpg', 2),
(7, '5e7fc0f10fc73.jpg', 3),
(8, '5e7fc0f110479.jpg', 3),
(9, '5e7fc0f110a1a.jpg', 3),
(10, '5e800c44ae910.webp', 1),
(11, '5e82db7a04896.jpg', 4),
(12, '5e82db7a0b4ba.jpg', 4),
(13, '5e82db7a0e063.jpg', 4),
(14, '5e82db7a12a8d.jpg', 4),
(15, '5e82dd7ff1427.jpg', 5),
(16, '5e82dd800dd5c.jpg', 5),
(17, '5e82dd80116d1.jpg', 5),
(18, '5e82dd80168ba.jpg', 5),
(19, '5e82de203905d.jpg', 6),
(20, '5e82de203981f.jpg', 6),
(21, '5e82de2039e8b.jpg', 6),
(22, '5e82de203a662.jpg', 6),
(23, '5e82df211f06e.jpg', 7),
(24, '5e82df211faad.jpg', 7),
(25, '5e82df212034a.jpg', 7),
(26, '5e82df21208d8.jpg', 7),
(27, '5e82dfe192878.jpg', 8),
(28, '5e82dfe192f39.jpg', 8),
(29, '5e82dfe193462.jpg', 8),
(30, '5e82dfe193bd8.jpg', 8),
(31, '5e8351439871b.jpg', 9),
(32, '5e83514398dfa.jpg', 9),
(33, '5e83514399318.jpg', 9),
(34, '5e83514399bac.jpg', 9),
(35, '5e835243dfd39.jpg', 10),
(36, '5e835243e03f7.jpg', 10),
(37, '5e835243e0a8c.jpg', 10),
(38, '5e835243e14ea.jpg', 10),
(39, '5e835310552aa.jpg', 11),
(40, '5e83531055e09.jpg', 11),
(41, '5e8353105645d.jpg', 11),
(42, '5e835310569fc.jpg', 11),
(43, '5e8353e10c7b9.jpg', 12),
(44, '5e8353e1170bd.jpg', 12),
(45, '5e8353e117d9a.jpg', 12),
(46, '5e8353e118760.jpg', 12),
(47, '5e8354c277eb8.jpg', 13),
(48, '5e8354c2784e1.jpg', 13),
(49, '5e8354c2789c8.jpg', 13),
(50, '5e835595c50d3.jpg', 14),
(51, '5e835595c5766.jpg', 14),
(52, '5e835595c5cb9.jpg', 14),
(53, '5e835595c6371.jpg', 14),
(54, '5e8356af38b12.jpg', 15),
(55, '5e8356af39080.jpg', 15),
(56, '5e8356af399d0.jpg', 15),
(57, '5e8356af3a274.jpg', 15),
(58, '5e83575a0fbc7.jpg', 16),
(59, '5e83575a10181.jpg', 16),
(60, '5e83575a106d0.jpg', 16),
(61, '5e83575a10f25.jpg', 16),
(67, '5e855b86806de.jpg', 18),
(68, '5e855b8680fdc.jpg', 18),
(69, '5e855b86843a9.jpg', 18),
(70, '5e855bff1dfc7.jpeg', 18),
(71, '5eab86b2a2c48.jpg', 19),
(72, '5eab86b2aaf4b.jpg', 19);

-- --------------------------------------------------------

--
-- Estructura de tabla para la tabla `mensajes`
--

CREATE TABLE `mensajes` (
  `id` int(11) NOT NULL,
  `nombres` varchar(150) NOT NULL,
  `correo` varchar(150) NOT NULL,
  `mensaje` longtext NOT NULL,
  `telefono` varchar(15) NOT NULL
) ENGINE=InnoDB DEFAULT CHARSET=utf8mb4;

--
-- Volcado de datos para la tabla `mensajes`
--

INSERT INTO `mensajes` (`id`, `nombres`, `correo`, `mensaje`, `telefono`) VALUES
(1, 'Diego Alonso Murray', 'diegoarca02@gmail.com', 'Hola como estas, tengo una consulta', '998106245');

-- --------------------------------------------------------

--
-- Estructura de tabla para la tabla `migrations`
--

CREATE TABLE `migrations` (
  `id` int(10) UNSIGNED NOT NULL,
  `migration` varchar(255) COLLATE utf8mb4_unicode_ci NOT NULL,
  `batch` int(11) NOT NULL
) ENGINE=InnoDB DEFAULT CHARSET=utf8mb4 COLLATE=utf8mb4_unicode_ci;

--
-- Volcado de datos para la tabla `migrations`
--

INSERT INTO `migrations` (`id`, `migration`, `batch`) VALUES
(1, '2014_10_12_000000_create_users_table', 1),
(2, '2014_10_12_100000_create_password_resets_table', 1),
(3, '2019_08_19_000000_create_failed_jobs_table', 1);

-- --------------------------------------------------------

--
-- Estructura de tabla para la tabla `password_resets`
--

CREATE TABLE `password_resets` (
  `email` varchar(255) COLLATE utf8mb4_unicode_ci NOT NULL,
  `token` varchar(255) COLLATE utf8mb4_unicode_ci NOT NULL,
  `created_at` timestamp NULL DEFAULT NULL
) ENGINE=InnoDB DEFAULT CHARSET=utf8mb4 COLLATE=utf8mb4_unicode_ci;

-- --------------------------------------------------------

--
-- Estructura de tabla para la tabla `producto`
--

CREATE TABLE `producto` (
  `id` int(11) NOT NULL,
  `titulo` varchar(300) NOT NULL,
  `resena` varchar(500) NOT NULL,
  `contenido` longtext NOT NULL,
  `idcategoria` int(11) DEFAULT NULL,
  `poster` varchar(200) DEFAULT NULL,
  `precio_ahora` decimal(7,2) NOT NULL,
  `precio_antes` decimal(7,2) NOT NULL,
  `estado` varchar(10) NOT NULL,
  `stock` int(11) NOT NULL,
  `slug` longtext NOT NULL,
  `num_ventas` int(11) NOT NULL
) ENGINE=InnoDB DEFAULT CHARSET=utf8mb4;

--
-- Volcado de datos para la tabla `producto`
--

INSERT INTO `producto` (`id`, `titulo`, `resena`, `contenido`, `idcategoria`, `poster`, `precio_ahora`, `precio_antes`, `estado`, `stock`, `slug`, `num_ventas`) VALUES
(1, 'Huawei Nova 6 Se Cn VersióN 6.4 Pulgadas 48Mp', 'Lorem ipsum dolor sit, amet consectetur adipisicing elit. Quasi omnis ratione corrupti nisi repellat molestiae dolores corporis veritatis illum provident, dolor, magnam, vitae voluptates sequi', '<!DOCTYPE html>\r\n<html>\r\n<head>\r\n</head>\r\n<body>\r\n<table style=\"width: 600px;\" border=\"1\" cellpadding=\"5\">\r\n<tbody>\r\n<tr>\r\n<td style=\"width: 600px;\" colspan=\"2\">Basic&nbsp;Information</td>\r\n</tr>\r\n<tr>\r\n<td>&nbsp;Model</td>\r\n<td>&nbsp;Xiaomi Redmi 8 Global Version (4GB+64GB)</td>\r\n</tr>\r\n<tr>\r\n<td>&nbsp;Style</td>\r\n<td>&nbsp;Bar</td>\r\n</tr>\r\n<tr>\r\n<td>&nbsp;Color</td>\r\n<td>&nbsp;Black, Red, Sapphire Blue</td>\r\n</tr>\r\n<tr>\r\n<td>&nbsp;Network&nbsp;Band&nbsp;</td>\r\n<td>&nbsp;2G: GSM B2/B3/B5/B8<br />&nbsp;3G: WCDMA B1/B2/B4/B5/B8<br />&nbsp;4G: FDD-LTE B1/B2/B3/B4/B5/B7/B8/B20<br />&nbsp; &nbsp; &nbsp; &nbsp; TDD-LTE B38/B40</td>\r\n</tr>\r\n<tr>\r\n<td colspan=\"2\">&nbsp;<a href=\"http://blog.banggood.com/check-phone-frequency-band-60194.html\" target=\"_blank\" rel=\"noopener\">[===<span style=\"margin: 0px; padding: 0px; box-sizing: border-box; font-style: normal; text-decoration: underline; font-size: 14px; font-weight: 100;\">Not Sure Your Network ?</span>===]</a>&nbsp;</td>\r\n</tr>\r\n<tr>\r\n<td>&nbsp;Sim&nbsp;Card</td>\r\n<td>&nbsp;Dual SIM Card Dual Standby (Nano SIM)<br />&nbsp;Supports 2+1 card slot, nano-SIM + nano-SIM + microSD</td>\r\n</tr>\r\n<tr>\r\n<td style=\"width: 600px;\" colspan=\"2\">System</td>\r\n</tr>\r\n<tr>\r\n<td>&nbsp;OS</td>\r\n<td>&nbsp;MIUI 10</td>\r\n</tr>\r\n<tr>\r\n<td>&nbsp;CPU</td>\r\n<td>&nbsp;Snapdragon 439 Octa core processor, Up to 2.0 GHz</td>\r\n</tr>\r\n<tr>\r\n<td>&nbsp;GPU</td>\r\n<td>&nbsp;Adreno 505, max to 650MHz</td>\r\n</tr>\r\n<tr>\r\n<td>&nbsp;ROM</td>\r\n<td>&nbsp;64GB &nbsp;</td>\r\n</tr>\r\n<tr>\r\n<td>&nbsp;RAM</td>\r\n<td>&nbsp;4GB&nbsp;&nbsp;</td>\r\n</tr>\r\n<tr>\r\n<td>&nbsp;Card&nbsp;Extend</td>\r\n<td>&nbsp;Supports an external TF card up to&nbsp;512GB&nbsp;(VFAT)</td>\r\n</tr>\r\n<tr>\r\n<td style=\"width: 600px;\" colspan=\"2\">Screen&nbsp;</td>\r\n</tr>\r\n<tr>\r\n<td>&nbsp;Display&nbsp;Size</td>\r\n<td>&nbsp;6.22 Inch 19:9 Dot Drop display</td>\r\n</tr>\r\n<tr>\r\n<td>&nbsp;Type</td>\r\n<td>&nbsp;HD+ Capacitive Touch Screen, 1500:1 contrast rotio, 400nit Brightness, 70.8% NTSC color gamut, Sunlight display, Night mode,T&Uuml;V Rheinland certified for blue light protection, Color temperature adjustment, Standard mode, 2.5D Corning&reg; Gorilla&reg; Glass 5</td>\r\n</tr>\r\n<tr>\r\n<td>&nbsp;Resolution</td>\r\n<td>&nbsp;1520 x 720 pixels</td>\r\n</tr>\r\n<tr>\r\n<td>&nbsp;Multitouch</td>\r\n<td>&nbsp;Yes</td>\r\n</tr>\r\n<tr>\r\n<td style=\"width: 600px;\" colspan=\"2\">Support&nbsp;Format</td>\r\n</tr>\r\n<tr>\r\n<td>&nbsp;Ringtones&nbsp;Type</td>\r\n<td>&nbsp;Polyphonic/MP3</td>\r\n</tr>\r\n<tr>\r\n<td>&nbsp;Audio&nbsp;format</td>\r\n<td>&nbsp;AAC, AAC+, MP3, AMR, FLAC, WAV</td>\r\n</tr>\r\n<tr>\r\n<td>&nbsp;Video&nbsp;File&nbsp;Format</td>\r\n<td>&nbsp;MP4, M4V, MKV, XVID</td>\r\n</tr>\r\n<tr>\r\n<td>&nbsp;Graphical&nbsp;Format</td>\r\n<td>&nbsp;JPEG/PNG/GIF/BMP</td>\r\n</tr>\r\n<tr>\r\n<td>&nbsp;Earphone Port</td>\r\n<td>&nbsp;3.5mm</td>\r\n</tr>\r\n<tr>\r\n<td>&nbsp;Wireless FM Radio</td>\r\n<td>&nbsp;Yes</td>\r\n</tr>\r\n<tr>\r\n<td style=\"width: 600px;\" colspan=\"2\">Data&nbsp;Transfer&nbsp;&amp;&nbsp;Connectivity</td>\r\n</tr>\r\n<tr>\r\n<td>&nbsp;Data&nbsp;transfer</td>\r\n<td>&nbsp;USB/bluetooth</td>\r\n</tr>\r\n<tr>\r\n<td>&nbsp;Mobile&nbsp;internet</td>\r\n<td>&nbsp;WAP/WiFi</td>\r\n</tr>\r\n<tr>\r\n<td style=\"width: 600px;\" colspan=\"2\">Features</td>\r\n</tr>\r\n<tr>\r\n<td rowspan=\"2\">&nbsp;Camera/Picture&nbsp;<br />Resolution</td>\r\n<td>Front&nbsp;Camera: 8.0MP<br />AI Face Unlock</td>\r\n</tr>\r\n<tr>\r\n<td>Dual Back&nbsp;camera: 12.0MP + 2.0MP<br />- 12MP AI camera<br />&nbsp; AI scene detection, portrait mode<br />- 2MP depth sensor<br />PDAF, Facial recognition | Standard HDR | Auto HDR<br />Single-tone flash<br />Rear camera video features:<br />1080P 30fps | 720P 30fps</td>\r\n</tr>\r\n<tr>\r\n<td>&nbsp;Language</td>\r\n<td>&nbsp;Multi-language.&nbsp;(More details please refer to the screenshots)</td>\r\n</tr>\r\n<tr>\r\n<td>&nbsp;Message</td>\r\n<td>&nbsp;SMS/MMS</td>\r\n</tr>\r\n<tr>\r\n<td>&nbsp;Keyboard</td>\r\n<td>&nbsp;QWERTY&nbsp;Virtual</td>\r\n</tr>\r\n<tr>\r\n<td>&nbsp;VoLTE</td>\r\n<td>&nbsp;Whether you can use VoLTE depends on the local carriers, because not all of the the local carriers can support this function.</td>\r\n</tr>\r\n<tr>\r\n<td>&nbsp;Input</td>\r\n<td>&nbsp;Handwrite/Keypad</td>\r\n</tr>\r\n<tr>\r\n<td>&nbsp;GPS</td>\r\n<td>&nbsp;Yes, GPS/AGPS/GLONASS/BEIDOU</td>\r\n</tr>\r\n<tr>\r\n<td>&nbsp;WIFI</td>\r\n<td>&nbsp;Yes, 802.11 b/g/n, 2.4G, WiFi Direct/WiFi Display</td>\r\n</tr>\r\n<tr>\r\n<td>&nbsp;bluetooth</td>\r\n<td>&nbsp;BT4.2</td>\r\n</tr>\r\n<tr>\r\n<td>&nbsp;Ambient Light&nbsp;Sensor</td>\r\n<td>&nbsp;Support</td>\r\n</tr>\r\n<tr>\r\n<td>&nbsp;Proximity&nbsp;sensor</td>\r\n<td>&nbsp;Support</td>\r\n</tr>\r\n<tr>\r\n<td>&nbsp;Accelerometer</td>\r\n<td>&nbsp;Support</td>\r\n</tr>\r\n<tr>\r\n<td>&nbsp;E-compass</td>\r\n<td>&nbsp;Support</td>\r\n</tr>\r\n<tr>\r\n<td>&nbsp;Infrared Sensor</td>\r\n<td>&nbsp;Support</td>\r\n</tr>\r\n<tr>\r\n<td>&nbsp;Fingerprint</td>\r\n<td>&nbsp;Support</td>\r\n</tr>\r\n<tr>\r\n<td>&nbsp;Face Unlock</td>\r\n<td>&nbsp;Support</td>\r\n</tr>\r\n<tr>\r\n<td>&nbsp;Other&nbsp;Feature</td>\r\n<td>&nbsp;WIFI,&nbsp;GPS, 4G, 3G,&nbsp;bluetooth,&nbsp;Games,&nbsp;calendar,&nbsp;calculator,&nbsp;clock,&nbsp;camera,&nbsp;etc</td>\r\n</tr>\r\n<tr>\r\n<td>&nbsp;Battery(Built-in)</td>\r\n<td>&nbsp;5000mAh(typ)</td>\r\n</tr>\r\n<tr>\r\n<td>&nbsp;Quick Charge</td>\r\n<td>&nbsp;Support, QC3.0, 18W fast charge</td>\r\n</tr>\r\n<tr>\r\n<td>&nbsp;Charger</td>\r\n<td>&nbsp;EU&nbsp;type, 5V 2A</td>\r\n</tr>\r\n<tr>\r\n<td>&nbsp;USB connector</td>\r\n<td>&nbsp;USB Type-C</td>\r\n</tr>\r\n<tr>\r\n<td>&nbsp;Dimensions</td>\r\n<td>&nbsp;156.5*75.4*9.4mm</td>\r\n</tr>\r\n<tr>\r\n<td>&nbsp;Weight</td>\r\n<td>&nbsp;190g</td>\r\n</tr>\r\n<tr>\r\n<td rowspan=\"5\">\r\n<div id=\"Size_Chart\">&nbsp;</div>\r\n<img style=\"height: 80px; width: 108px;\" title=\"Xiaomi Redmi 8 Global Version 6.22 inch Dual Rear Camera 4GB 64GB 5000mAh Snapdragon 439 Octa core 4G Smartphone\" src=\"https://imgaz.staticbg.com/images/oaupload/banggood/images/6E/9B/ad329491-5e6d-48f3-9bab-9a2090cb7c77.jpg\" alt=\"Xiaomi Redmi 8 Global Version 6.22 inch Dual Rear Camera 4GB 64GB 5000mAh Snapdragon 439 Octa core 4G Smartphone\" data-original=\"https://imgaz.staticbg.com/images/oaupload/banggood/images/6E/9B/ad329491-5e6d-48f3-9bab-9a2090cb7c77.jpg\" /></td>\r\n<td>&nbsp;1&nbsp;x&nbsp;Xiaomi Redmi 8 Global Version&nbsp;Smartphone</td>\r\n</tr>\r\n<tr>\r\n<td>&nbsp;1&nbsp;x&nbsp;USB Type-C Cable</td>\r\n</tr>\r\n<tr>\r\n<td>&nbsp;1 x Eject Pin</td>\r\n</tr>\r\n<tr>\r\n<td>&nbsp;1 x Protective case</td>\r\n</tr>\r\n<tr>\r\n<td>&nbsp;1&nbsp;x&nbsp;EU&nbsp;Charger</td>\r\n</tr>\r\n</tbody>\r\n</table>\r\n<p><br /><br /></p>\r\n</body>\r\n</html>', 5, '5e7ffaf679b13.webp', '130.00', '30.00', 'DISPONIBLE', 10, 'huawei_nova_6_se_cn_version_64_pulgadas_48mp', 0),
(2, 'Xiaomi Mi Note 10 Global Version 6.47 pulgadas', 'Lorem ipsum dolor sit, amet consectetur adipisicing elit. Quasi omnis ratione corrupti nisi repellat molestiae dolores corporis veritatis illum provident, dolor, magnam, vitae voluptates sequi', '<!DOCTYPE html>\r\n<html>\r\n<head>\r\n</head>\r\n<body>\r\n<p>&nbsp;</p>\r\n<table style=\"width: 600px;\" border=\"1\" cellspacing=\"1\" cellpadding=\"1\">\r\n<tbody>\r\n<tr>\r\n<td style=\"width: 600px;\" colspan=\"2\">Informaci&oacute;n&nbsp;b&aacute;sica</td>\r\n</tr>\r\n<tr>\r\n<td>Modelo</td>\r\n<td>Xiaomi&nbsp;Mi&nbsp;Note&nbsp;10&nbsp;Global&nbsp;Version (6GB + 128GB)</td>\r\n</tr>\r\n<tr>\r\n<td rowspan=\"1\">Red</td>\r\n<td>\r\n<div>2G:&nbsp;GSM&nbsp;B2/B3/B5/B8</div>\r\n<div>3G:&nbsp;WCDMA:&nbsp;B1/B2/B4/B5/B6/B8/B19</div>\r\n<div>4G:&nbsp;LTE&nbsp;FDD:&nbsp;B1/B2/B3/B4/B5/B7/B8/B18/B19&nbsp;/B20/&nbsp;B26<br />LTE&nbsp;TDD:&nbsp;B38&nbsp;/&nbsp;B40</div>\r\n</td>\r\n</tr>\r\n<tr>\r\n<td colspan=\"2\"><a href=\"http://blog.banggood.com/check-phone-frequency-band-60194.html\" target=\"_blank\" rel=\"noopener\">[===<span style=\"margin: 0px; padding: 0px; box-sizing: border-box; font-style: normal; text-decoration: underline; font-size: 14px; font-weight: 100;\">&iquest;No&nbsp;est&aacute;s&nbsp;seguro&nbsp;de&nbsp;tu&nbsp;red?</span>===]</a></td>\r\n</tr>\r\n<tr>\r\n<td>Tarjeta&nbsp;SIM</td>\r\n<td>Tarjeta&nbsp;SIM&nbsp;Dual&nbsp;de&nbsp;doble&nbsp;modo de espera, Dual Nano-SIM</td>\r\n</tr>\r\n<tr>\r\n<td>Estilo</td>\r\n<td>Bar</td>\r\n</tr>\r\n<tr>\r\n<td>Color</td>\r\n<td>Midnight&nbsp;Black,&nbsp;Glacier&nbsp;White,&nbsp;Aurora&nbsp;Green</td>\r\n</tr>\r\n<tr>\r\n<td>Materiales&nbsp;de&nbsp;Carcasa</td>\r\n<td>\r\n<div>Cristal&nbsp;3D&nbsp;frontal&nbsp;y&nbsp;posterior,&nbsp;Corning&reg; Gorilla&reg; Glass 5 frontal y posterior</div>\r\n</td>\r\n</tr>\r\n<tr>\r\n<td style=\"width: 600px;\" colspan=\"2\">Sistema</td>\r\n</tr>\r\n<tr>\r\n<td>OS</td>\r\n<td>MIUI&nbsp;11</td>\r\n</tr>\r\n<tr>\r\n<td>UPC</td>\r\n<td>Snapdragon&nbsp;730G&nbsp;Octa&nbsp;Core&nbsp;(m&aacute;ximo&nbsp;a 2.2GHz)</td>\r\n</tr>\r\n<tr>\r\n<td>GPU</td>\r\n<td>Adreno&nbsp;618</td>\r\n</tr>\r\n<tr>\r\n<td>RAM</td>\r\n<td>LPDDR4x&nbsp;de&nbsp;6&nbsp;GB</td>\r\n</tr>\r\n<tr>\r\n<td>ROM</td>\r\n<td>128&nbsp;GB&nbsp;de&nbsp;UFS&nbsp;2.1</td>\r\n</tr>\r\n<tr>\r\n<td>Tarjeta&nbsp;Extender</td>\r\n<td>No&nbsp;apoyo</td>\r\n</tr>\r\n<tr>\r\n<td style=\"width: 600px;\" colspan=\"2\">Pantalla</td>\r\n</tr>\r\n<tr>\r\n<td>Tama&ntilde;o&nbsp;de&nbsp;Pantalla</td>\r\n<td>6.47&nbsp;Inch&nbsp;3D&nbsp;AMOLED&nbsp;curvado&nbsp;Pantalla</td>\r\n</tr>\r\n<tr>\r\n<td rowspan=\"1\">Tipo</td>\r\n<td>Pantalla&nbsp;t&aacute;ctil&nbsp;capacitiva&nbsp;FHD&nbsp;+,&nbsp;Brillo 600nit (HBM) / 430nit (Typ), Alto contraste 400000: 1 (Min), NTSC: DCI-P3, Certificaci&oacute;n T&Uuml;V Rheinland con poca luz azul, Modo de lectura 2.0, Modo oscuro, Gestos de pantalla completa, Siempre -en pantalla compatible</td>\r\n</tr>\r\n<tr>\r\n<td>Resoluci&oacute;n</td>\r\n<td>2340*1080&nbsp;Pixel&nbsp;FHD&nbsp;+</td>\r\n</tr>\r\n<tr>\r\n<td>PPI</td>\r\n<td>398</td>\r\n</tr>\r\n<tr>\r\n<td>Multi-T&aacute;ctil</td>\r\n<td>S&iacute;</td>\r\n</tr>\r\n<tr>\r\n<td style=\"width: 600px;\" colspan=\"2\">Formato&nbsp;de&nbsp;soporte</td>\r\n</tr>\r\n<tr>\r\n<td>Formato&nbsp;de&nbsp;archivo&nbsp;de&nbsp;audio</td>\r\n<td>MP4,&nbsp;M4V,&nbsp;MKV,&nbsp;XVID,&nbsp;WAV,&nbsp;AAC, MP3, AMR, FLAC, APE</td>\r\n</tr>\r\n<tr>\r\n<td>Formato&nbsp;de&nbsp;archivo&nbsp;de&nbsp;video</td>\r\n<td>H.265&nbsp;/&nbsp;HEVC,&nbsp;H.264,&nbsp;MPEG4,&nbsp;VC-1, VP8, VP9</td>\r\n</tr>\r\n<tr>\r\n<td>Formato&nbsp;de&nbsp;archivo&nbsp;de&nbsp;imagen</td>\r\n<td>JPEG&nbsp;/&nbsp;BMP&nbsp;/&nbsp;GIF&nbsp;/ PNG</td>\r\n</tr>\r\n<tr>\r\n<td>Formato&nbsp;de&nbsp;libro&nbsp;electr&oacute;nico</td>\r\n<td>TXT</td>\r\n</tr>\r\n<tr>\r\n<td>Auricular&nbsp;Puerto</td>\r\n<td>3.5mm</td>\r\n</tr>\r\n<tr>\r\n<td style=\"width: 600px;\" colspan=\"2\">Transferencia&nbsp;de&nbsp;datos&nbsp;y&nbsp;conectividad</td>\r\n</tr>\r\n<tr>\r\n<td>Transferencia&nbsp;de&nbsp;datos</td>\r\n<td>USB&nbsp;/&nbsp;Bluetooth</td>\r\n</tr>\r\n<tr>\r\n<td>Internet&nbsp;m&oacute;vil</td>\r\n<td>WAP&nbsp;/&nbsp;WiFi</td>\r\n</tr>\r\n<tr>\r\n<td style=\"width: 600px;\" colspan=\"2\">Caracteristicas</td>\r\n</tr>\r\n<tr>\r\n<td colspan=\"1\" rowspan=\"2\">C&aacute;mara&nbsp;/&nbsp;Imagen<br />Resoluci&oacute;n</td>\r\n<td>C&aacute;mara&nbsp;frontal:&nbsp;32.0MP&nbsp;AI&nbsp;c&aacute;mara&nbsp;selfie<br />1.6&nbsp;Pixel&nbsp;4&nbsp;en&nbsp;1&nbsp;Super Pixel f / 2.0<br />Selfie&nbsp;de&nbsp;retratos&nbsp;AI,&nbsp;detecci&oacute;n&nbsp;de escenas AI, selfie panor&aacute;mico, obturador de palma<br />Video&nbsp;de&nbsp;la&nbsp;c&aacute;mara&nbsp;frontal:<br />Grabaci&oacute;n&nbsp;1080P&nbsp;30&nbsp;fps<br />Grabaci&oacute;n&nbsp;720P&nbsp;a&nbsp;30&nbsp;fps</td>\r\n</tr>\r\n<tr>\r\n<td>C&aacute;mara&nbsp;trasera&nbsp;Penta:<br />C&aacute;mara&nbsp;penta&nbsp;108MP&nbsp;+&nbsp;12MP&nbsp;+ 5MP + 20MP + 2MP<br />C&aacute;mara&nbsp;de&nbsp;alta&nbsp;resoluci&oacute;n&nbsp;de&nbsp;108MP<br />-1&nbsp;/&nbsp;1.33&nbsp;\"super&nbsp;sensor,&nbsp;1.6&mu;m 4-en-1 Super Pixel<br />-Soporta&nbsp;OIS,&nbsp;f&nbsp;/&nbsp;1.69,&nbsp;AF, lente 7P, FOV 82 &deg;<br />Teleobjetivo&nbsp;de&nbsp;12MP<br />Zoom&nbsp;&oacute;ptico&nbsp;de&nbsp;-2x,&nbsp;p&iacute;xeles&nbsp;grandes de 1,4 &mu;m<br />-f&nbsp;/&nbsp;2.0,&nbsp;doble&nbsp;PD,&nbsp;lente 6P, admite luz suave<br />Teleobjetivo&nbsp;de&nbsp;5MP<br />-Soporta&nbsp;zoom&nbsp;&oacute;ptico&nbsp;de&nbsp;5x,&nbsp;zoom de mezcla de 10x, zoom digital de 50x<br />-Soporta&nbsp;OIS,&nbsp;f&nbsp;/&nbsp;2.0<br />C&aacute;mara&nbsp;ultra&nbsp;gran&nbsp;angular&nbsp;de&nbsp;20MP<br />-FOV&nbsp;117&nbsp;&deg;,&nbsp;f&nbsp;/&nbsp;2.2<br />C&aacute;mara&nbsp;macro&nbsp;de&nbsp;2MP<br />Tama&ntilde;o&nbsp;de&nbsp;p&iacute;xel&nbsp;de&nbsp;-1.75&nbsp;&mu;m, distancia AF (2 cm a 10 cm)<br />Modo&nbsp;nocturno&nbsp;2.0,&nbsp;Grabar&nbsp;video&nbsp;estable, modo Vlog<br />Caracter&iacute;sticas&nbsp;de&nbsp;video&nbsp;de&nbsp;la&nbsp;c&aacute;mara trasera:<br />Video&nbsp;a&nbsp;c&aacute;mara&nbsp;lenta&nbsp;de&nbsp;960 fps | Emparejamiento de audio inteligente a 960 fps | Edici&oacute;n de video corta<br />Video&nbsp;c&aacute;mara&nbsp;trasera&nbsp;|&nbsp;Embellecer&nbsp;| Video estabilizador | Rastreo de movimiento<br />Grabaci&oacute;n&nbsp;4K,&nbsp;30&nbsp;fps<br />Grabaci&oacute;n&nbsp;1080P,&nbsp;60&nbsp;fps&nbsp;/&nbsp;30 fps<br />Grabaci&oacute;n&nbsp;720P,&nbsp;30&nbsp;fps<br />Grabaci&oacute;n&nbsp;en&nbsp;c&aacute;mara&nbsp;lenta&nbsp;1080P,&nbsp;120 fps / 240 fps<br />Grabaci&oacute;n&nbsp;en&nbsp;c&aacute;mara&nbsp;lenta&nbsp;720P,&nbsp;120 fps / 240 fps / 960 fps</td>\r\n</tr>\r\n<tr>\r\n<td>Idioma</td>\r\n<td>Este&nbsp;tel&eacute;fono&nbsp;es&nbsp;compatible&nbsp;con&nbsp;varios idiomas.<br />(M&aacute;s&nbsp;detalles&nbsp;por&nbsp;favor&nbsp;refi&eacute;rase&nbsp;a las capturas de pantalla)</td>\r\n</tr>\r\n<tr>\r\n<td>Mensaje</td>\r\n<td>SMS&nbsp;/&nbsp;MMS&nbsp;/&nbsp;E-Mail</td>\r\n</tr>\r\n<tr>\r\n<td>Entrada</td>\r\n<td>Handwrite,&nbsp;El&nbsp;teclado&nbsp;virtual</td>\r\n</tr>\r\n<tr>\r\n<td>Audio</td>\r\n<td>1216&nbsp;Altavoz&nbsp;ultra&nbsp;lineal&nbsp;de&nbsp;alta amplitud de 0.5 mm<br />Smart&nbsp;PA&nbsp;proporciona&nbsp;alto&nbsp;volumen&nbsp;impulsado por presi&oacute;n<br />Dise&ntilde;o&nbsp;de&nbsp;cavidad&nbsp;de&nbsp;sonido&nbsp;grande de 1.0 cc<br />Calidad&nbsp;de&nbsp;sonido&nbsp;de&nbsp;alta&nbsp;fidelidad<br />Audio&nbsp;de&nbsp;alta&nbsp;resoluci&oacute;n&nbsp;certificado</td>\r\n</tr>\r\n<tr>\r\n<td>GPS</td>\r\n<td>S&iacute;,&nbsp;AGPS,&nbsp;GPS:&nbsp;L1,&nbsp;Galileo:&nbsp;E1, GLONASS: G1, Beidou: B1</td>\r\n</tr>\r\n<tr>\r\n<td>WIFI</td>\r\n<td>Compatible&nbsp;con&nbsp;Wi-Fi&nbsp;(2.4G&nbsp;/&nbsp;5G), 802.11 a / b / g / n / ac, pantalla WiFi, WiFi Direct</td>\r\n</tr>\r\n<tr>\r\n<td>VoLTE</td>\r\n<td>Si&nbsp;puede&nbsp;usar&nbsp;VoLTE&nbsp;depende&nbsp;de los operadores locales.</td>\r\n</tr>\r\n<tr>\r\n<td>GPRS</td>\r\n<td>S&iacute;</td>\r\n</tr>\r\n<tr>\r\n<td>WAP</td>\r\n<td>S&iacute;</td>\r\n</tr>\r\n<tr>\r\n<td>Bluetooth</td>\r\n<td>S&iacute;,&nbsp;V5.0</td>\r\n</tr>\r\n<tr>\r\n<td>Sensor&nbsp;de&nbsp;proximidad</td>\r\n<td>S&iacute;</td>\r\n</tr>\r\n<tr>\r\n<td>Giroscopio</td>\r\n<td>S&iacute;</td>\r\n</tr>\r\n<tr>\r\n<td>Sensor&nbsp;de&nbsp;luz</td>\r\n<td>S&iacute;</td>\r\n</tr>\r\n<tr>\r\n<td>Aceler&oacute;metro</td>\r\n<td>S&iacute;</td>\r\n</tr>\r\n<tr>\r\n<td>Br&uacute;jula&nbsp;electr&oacute;nica</td>\r\n<td>S&iacute;</td>\r\n</tr>\r\n<tr>\r\n<td>C&aacute;mara&nbsp;sensor&nbsp;de&nbsp;enfoque&nbsp;l&aacute;ser</td>\r\n<td>S&iacute;</td>\r\n</tr>\r\n<tr>\r\n<td>NFC</td>\r\n<td>S&iacute;</td>\r\n</tr>\r\n<tr>\r\n<td>Huella&nbsp;dactilar</td>\r\n<td>S&iacute;,&nbsp;sensor&nbsp;de&nbsp;huella&nbsp;digital&nbsp;en pantalla</td>\r\n</tr>\r\n<tr>\r\n<td>Reconocimiento&nbsp;facial</td>\r\n<td>S&iacute;</td>\r\n</tr>\r\n<tr>\r\n<td>Carga&nbsp;r&aacute;pida</td>\r\n<td>Soporte,&nbsp;m&aacute;ximo&nbsp;a&nbsp;30W</td>\r\n</tr>\r\n<tr>\r\n<td>Bater&iacute;a&nbsp;(incorporado)</td>\r\n<td>5260&nbsp;mAh&nbsp;(t&iacute;pico),&nbsp;5170&nbsp;mAh&nbsp;(min), bater&iacute;a de pol&iacute;mero de iones de litio incorporada</td>\r\n</tr>\r\n<tr>\r\n<td>Interfaz&nbsp;de&nbsp;carga</td>\r\n<td>USB&nbsp;Tipo-C</td>\r\n</tr>\r\n<tr>\r\n<td>Cargador</td>\r\n<td>Tipo&nbsp;UE,&nbsp;30W</td>\r\n</tr>\r\n<tr>\r\n<td rowspan=\"1\">Otras&nbsp;caracter&iacute;sticas</td>\r\n<td>WiFi,&nbsp;Bluetooth,&nbsp;navegador,&nbsp;MP3,&nbsp;MP4,&nbsp;MMS, alarma, calendario, calculadora, audio de alta resoluci&oacute;n, etc.</td>\r\n</tr>\r\n<tr>\r\n<td>Dimensiones</td>\r\n<td>157.8*74.2*9.67mm</td>\r\n</tr>\r\n<tr>\r\n<td>Peso</td>\r\n<td>208g</td>\r\n</tr>\r\n<tr>\r\n<td rowspan=\"5\">\r\n<div id=\"Size_Chart\">&nbsp;</div>\r\n<img style=\"height: 80px; width: 108px;\" title=\"Xiaomi Mi Note 10 Global Version 6.47 pulgadas 3D curvado AMOLED 108MP Penta C&aacute;mara 30W Carga r&aacute;pida 6GB 128GB 4G Smartphone\" src=\"https://img.bgxcdn.com/images/oaupload/banggood/images/6E/9B/ad329491-5e6d-48f3-9bab-9a2090cb7c77.jpg\" alt=\"Xiaomi Mi Note 10 Global Version 6.47 pulgadas 3D curvado AMOLED 108MP Penta C&aacute;mara 30W Carga r&aacute;pida 6GB 128GB 4G Smartphone\" data-original=\"https://img.bgxcdn.com/images/oaupload/banggood/images/6E/9B/ad329491-5e6d-48f3-9bab-9a2090cb7c77.jpg\" /></td>\r\n<td>1 x&nbsp;Xiaomi&nbsp;Mi&nbsp;Nota&nbsp;10&nbsp;Global&nbsp;Version&nbsp;Smartphone</td>\r\n</tr>\r\n<tr>\r\n<td>1&nbsp;x&nbsp;cable&nbsp;USB&nbsp;Tipo-C</td>\r\n</tr>\r\n<tr>\r\n<td>1&nbsp;x&nbsp;Protector&nbsp;Caso</td>\r\n</tr>\r\n<tr>\r\n<td>1 x&nbsp;EU&nbsp;Cargador</td>\r\n</tr>\r\n<tr>\r\n<td>1&nbsp;x&nbsp;pin&nbsp;de&nbsp;expulsi&oacute;n</td>\r\n</tr>\r\n</tbody>\r\n</table>\r\n<p>Capturas&nbsp;</p>\r\n</body>\r\n</html>', 5, '5e73cd286742d.jpg', '45.00', '50.00', 'DISPONIBLE', 20, 'xiaomi_mi_note_10_global_version_647_pulgadas', 0),
(3, 'Xiaomi Redmi Note 8 Global Version 6.3 inch 48MP', 'Lorem ipsum dolor sit, amet consectetur adipisicing elit. Quasi omnis ratione corrupti nisi repellat molestiae dolores corporis veritatis illum provident, dolor, magnam, vitae voluptates sequi', '<!DOCTYPE html>\r\n<html>\r\n<head>\r\n</head>\r\n<body>\r\n<table style=\"width: 600px;\" border=\"1\" cellpadding=\"5\">\r\n<tbody>\r\n<tr>\r\n<td style=\"width: 600px;\" colspan=\"2\">Basic&nbsp;Information</td>\r\n</tr>\r\n<tr>\r\n<td>&nbsp;Model</td>\r\n<td>&nbsp;Xiaomi Redmi Note 8 Global Version (4GB+64GB)</td>\r\n</tr>\r\n<tr>\r\n<td>&nbsp;Style</td>\r\n<td>&nbsp;Bar</td>\r\n</tr>\r\n<tr>\r\n<td>&nbsp;Color</td>\r\n<td>&nbsp;Neptune Blue, Moonlight White, Space Black</td>\r\n</tr>\r\n<tr>\r\n<td>&nbsp;Design</td>\r\n<td>&nbsp;2.5D rounded rear glass design, Corning&reg; Gorilla&reg; Glass 5</td>\r\n</tr>\r\n<tr>\r\n<td>&nbsp;Network&nbsp;Band&nbsp;</td>\r\n<td>&nbsp;2G: GSM B2/B3/B5/B8<br />&nbsp;3G: WCDMA B1/B2/B4/B5/B8<br />&nbsp;4G: FDD-LTE B1/B2/B3/B4/B5/B7/B8/B20<br />&nbsp; &nbsp; &nbsp; &nbsp; TDD-LTE B38/B40</td>\r\n</tr>\r\n<tr>\r\n<td colspan=\"2\">&nbsp;<a href=\"http://blog.banggood.com/check-phone-frequency-band-60194.html\" target=\"_blank\" rel=\"noopener\">[===<span style=\"margin: 0px; padding: 0px; box-sizing: border-box; font-style: normal; text-decoration: underline; font-size: 14px; font-weight: 100;\">Not Sure Your Network ?</span>===]</a>&nbsp;</td>\r\n</tr>\r\n<tr>\r\n<td>&nbsp;Sim&nbsp;Card</td>\r\n<td>&nbsp;Dual SIM Card Dual Standby (Nano SIM)<br />&nbsp;Supports 2+1 card slot, nano-SIM + nano-SIM + microSD</td>\r\n</tr>\r\n<tr>\r\n<td style=\"width: 600px;\" colspan=\"2\">System</td>\r\n</tr>\r\n<tr>\r\n<td>&nbsp;OS</td>\r\n<td>&nbsp;MIUI&nbsp;</td>\r\n</tr>\r\n<tr>\r\n<td>&nbsp;CPU</td>\r\n<td>&nbsp;Snapdragon 665 Octa core&nbsp;processor, Up to 2.0 GHz</td>\r\n</tr>\r\n<tr>\r\n<td>&nbsp;GPU</td>\r\n<td>&nbsp;Adreno 610</td>\r\n</tr>\r\n<tr>\r\n<td>&nbsp;ROM</td>\r\n<td>&nbsp;64GB &nbsp;</td>\r\n</tr>\r\n<tr>\r\n<td>&nbsp;RAM</td>\r\n<td>&nbsp;4GB&nbsp;&nbsp;</td>\r\n</tr>\r\n<tr>\r\n<td>&nbsp;Card&nbsp;Extend</td>\r\n<td>&nbsp;Supports an external TF card up to&nbsp;256GB&nbsp;(VFAT)</td>\r\n</tr>\r\n<tr>\r\n<td style=\"width: 600px;\" colspan=\"2\">Screen&nbsp;</td>\r\n</tr>\r\n<tr>\r\n<td>&nbsp;Display&nbsp;Size</td>\r\n<td>&nbsp;6.3 Inch 19.5:9</td>\r\n</tr>\r\n<tr>\r\n<td>&nbsp;Type</td>\r\n<td>&nbsp;FHD+ Capacitive Touch Screen, 2.5D glass, rounded display corners, 1500:1 contrast rotio, 84% NTSC color gamut, Sunlight display, Night mode, Eye protection mode, Color temperature adjustment, Low blue light T&Uuml;V Rheinland-certified display, Corning&reg;️Gorilla&reg;️Glass 5</td>\r\n</tr>\r\n<tr>\r\n<td>&nbsp;Resolution</td>\r\n<td>&nbsp;2340*1080&nbsp;pixels</td>\r\n</tr>\r\n<tr>\r\n<td>&nbsp;Multitouch</td>\r\n<td>&nbsp;Yes</td>\r\n</tr>\r\n<tr>\r\n<td style=\"width: 600px;\" colspan=\"2\">Support&nbsp;Format</td>\r\n</tr>\r\n<tr>\r\n<td>&nbsp;Ringtones&nbsp;Type</td>\r\n<td>&nbsp;Polyphonic/MP3</td>\r\n</tr>\r\n<tr>\r\n<td>&nbsp;Audio&nbsp;format</td>\r\n<td>&nbsp;AAC, AAC+, MP3, AMR, FLAC, WAV</td>\r\n</tr>\r\n<tr>\r\n<td>&nbsp;Video&nbsp;File&nbsp;Format</td>\r\n<td>&nbsp;MP4, M4V, MKV, XVID</td>\r\n</tr>\r\n<tr>\r\n<td>&nbsp;Graphical&nbsp;Format</td>\r\n<td>&nbsp;JPEG/PNG/GIF/BMP</td>\r\n</tr>\r\n<tr>\r\n<td>&nbsp;Earphone Port</td>\r\n<td>&nbsp;3.5mm</td>\r\n</tr>\r\n<tr>\r\n<td>&nbsp;FM radio</td>\r\n<td>&nbsp;Yes</td>\r\n</tr>\r\n<tr>\r\n<td style=\"width: 600px;\" colspan=\"2\">Data&nbsp;Transfer&nbsp;&amp;&nbsp;Connectivity</td>\r\n</tr>\r\n<tr>\r\n<td>&nbsp;Data&nbsp;transfer</td>\r\n<td>&nbsp;USB/bluetooth</td>\r\n</tr>\r\n<tr>\r\n<td>&nbsp;Mobile&nbsp;internet</td>\r\n<td>&nbsp;WAP/WiFi</td>\r\n</tr>\r\n<tr>\r\n<td style=\"width: 600px;\" colspan=\"2\">Features</td>\r\n</tr>\r\n<tr>\r\n<td rowspan=\"2\">&nbsp;Camera/Picture&nbsp;<br />Resolution</td>\r\n<td>Front&nbsp;Camera: 13.0MP<br />1.12&mu;m, f/2.0<br />Front camera Beautify | Front camera display brightness correction | AI seperation | Face recognition | Front camera filters<br />Selfie timer | Selfie mirror | Hand gesture selfie | Panorama selfie | Portrait mode | Blur adjustment | Full screen camera frame<br />Front camera video features:<br />1080p video&nbsp;recording, 30fps<br />720p&nbsp;video&nbsp;recording, 30fps</td>\r\n</tr>\r\n<tr>\r\n<td>Quad Back&nbsp;camera: 48.0MP + 8.0MP + 2.0MP +2.0MP<br />48MP ultra-high resolution primary camera:<br />48MP, 0.8&mu;m, 1/2\" sensor<br />f/1.79 aperture, 6 piece lens, AF, supports 4-in-1 Super Pixel (12MP, 1.6&mu;m)<br />8MP ultra wide-angle camera:<br />8MP, 1.12&mu;m, FOV 120&deg;, f/2.2 aperture<br />2MP macro camera:<br />2MP, 1.75&mu;m, f/2.4 aperture, -2-10cm focus distance, AF<br />2MP depth camera:<br />2MP, 1.75&mu;m, f/2.4 aperture<br />Photo resolution: 8000 x 6000<br />Video resolution: up to 4K<br />Single-tone flash<br />Rear camera photography features:<br />48MP HD | Smart ultra-wide angle mode | Rear camera Beautify<br />Steady handheld night photography | Portrait mode background blurring | Panorama mode<br />Pro mode | Photo timer | Leveling | Burst mode | Face recognition | HDR | Ultra wide-angle edge distortion correction | Custom watermark<br />Portrait mode background blur adjustment | Full screen frame<br />Rear camera AI scene detection (27 recognizable tags) | Macro camera<br />Rear camera video features:<br />Ultra-wide angle recording | Macro recording | Short video mode | 4K recording<br />4K recording 30fps<br />1080p recording 30fps / 60fps*<br />720p recording 30fps<br />1080p slow motion recording 120fps<br />720p slow motion recording 120fps / 240fps</td>\r\n</tr>\r\n<tr>\r\n<td>&nbsp;Language</td>\r\n<td>&nbsp;Multi-language.&nbsp;(More details please refer to the screenshots)</td>\r\n</tr>\r\n<tr>\r\n<td>&nbsp;Message</td>\r\n<td>&nbsp;SMS/MMS</td>\r\n</tr>\r\n<tr>\r\n<td>&nbsp;Keyboard</td>\r\n<td>&nbsp;QWERTY&nbsp;Virtual</td>\r\n</tr>\r\n<tr>\r\n<td>&nbsp;Speaker</td>\r\n<td>&nbsp;1217 ultra-linear speakers, Smart PA, equivalent to a 0.93cc super-large sound chamberSpeaker sound waves clear away dust</td>\r\n</tr>\r\n<tr>\r\n<td>&nbsp;Handset</td>\r\n<td>&nbsp;0810 high-power handset, maximum power 150mW, handheld volume boost function</td>\r\n</tr>\r\n<tr>\r\n<td>&nbsp;Input</td>\r\n<td>&nbsp;Handwrite/Keypad</td>\r\n</tr>\r\n<tr>\r\n<td>&nbsp;GPS</td>\r\n<td>&nbsp;Yes, GPS/AGPS/GLONASS/BEIDOU</td>\r\n</tr>\r\n<tr>\r\n<td>&nbsp;WIFI</td>\r\n<td>&nbsp;Yes, 802.11 a/b/g/n/ac, 2.4G/5G, WiFi Direct/WiFi Display</td>\r\n</tr>\r\n<tr>\r\n<td>&nbsp;bluetooth</td>\r\n<td>&nbsp;BT4.2</td>\r\n</tr>\r\n<tr>\r\n<td>&nbsp;Ambient Light&nbsp;Sensor</td>\r\n<td>&nbsp;Support</td>\r\n</tr>\r\n<tr>\r\n<td>&nbsp;Proximity&nbsp;sensor</td>\r\n<td>&nbsp;Support</td>\r\n</tr>\r\n<tr>\r\n<td>&nbsp;Accelerometer</td>\r\n<td>&nbsp;Support</td>\r\n</tr>\r\n<tr>\r\n<td>&nbsp;Gyroscope</td>\r\n<td>&nbsp;Support</td>\r\n</tr>\r\n<tr>\r\n<td>&nbsp;E-compass</td>\r\n<td>&nbsp;Support</td>\r\n</tr>\r\n<tr>\r\n<td>&nbsp;Infrared Sensor</td>\r\n<td>&nbsp;Support</td>\r\n</tr>\r\n<tr>\r\n<td>&nbsp;Fingerprint</td>\r\n<td>&nbsp;Support</td>\r\n</tr>\r\n<tr>\r\n<td>&nbsp;Other&nbsp;Feature</td>\r\n<td>&nbsp;WIFI,&nbsp;GPS, 4G, 3G,&nbsp;bluetooth,&nbsp;Games,&nbsp;calendar,&nbsp;calculator,&nbsp;clock,&nbsp;camera,&nbsp;etc</td>\r\n</tr>\r\n<tr>\r\n<td>&nbsp;Battery(Built-in)</td>\r\n<td>&nbsp;4000mAh(typ), 3900mAh(min), lithium-ion polymer battery</td>\r\n</tr>\r\n<tr>\r\n<td>&nbsp;Quick Charge</td>\r\n<td>&nbsp;Support, 18W fast charge</td>\r\n</tr>\r\n<tr>\r\n<td>&nbsp;Charger</td>\r\n<td>&nbsp;10W, EU type</td>\r\n</tr>\r\n<tr>\r\n<td>&nbsp;USB connector</td>\r\n<td>&nbsp;USB Type-C</td>\r\n</tr>\r\n<tr>\r\n<td>&nbsp;Dimensions</td>\r\n<td>&nbsp;158.3*75.3*8.35mm</td>\r\n</tr>\r\n<tr>\r\n<td>&nbsp;Weight</td>\r\n<td>&nbsp;190g</td>\r\n</tr>\r\n<tr>\r\n<td rowspan=\"5\">\r\n<div id=\"Size_Chart\">&nbsp;</div>\r\n<img style=\"height: 80px; width: 108px;\" title=\"Xiaomi Redmi Note 8 Global Version 6.3 inch 48MP Quad Rear Camera 4GB 64GB 4000mAh Snapdragon 665 Octa core 4G Smartphone\" src=\"https://imgaz.staticbg.com/images/oaupload/banggood/images/6E/9B/ad329491-5e6d-48f3-9bab-9a2090cb7c77.jpg\" alt=\"Xiaomi Redmi Note 8 Global Version 6.3 inch 48MP Quad Rear Camera 4GB 64GB 4000mAh Snapdragon 665 Octa core 4G Smartphone\" data-original=\"https://imgaz.staticbg.com/images/oaupload/banggood/images/6E/9B/ad329491-5e6d-48f3-9bab-9a2090cb7c77.jpg\" /></td>\r\n<td>&nbsp;1&nbsp;x&nbsp;Xiaomi Redmi Note 8&nbsp;Smartphone</td>\r\n</tr>\r\n<tr>\r\n<td>&nbsp;1&nbsp;x&nbsp;USB Type-C Cable</td>\r\n</tr>\r\n<tr>\r\n<td>&nbsp;1 x Eject Pin</td>\r\n</tr>\r\n<tr>\r\n<td>&nbsp;1 x Protective case</td>\r\n</tr>\r\n<tr>\r\n<td>&nbsp;1&nbsp;x&nbsp;EU&nbsp;Charger</td>\r\n</tr>\r\n</tbody>\r\n</table>\r\n<p>&nbsp;</p>\r\n</body>\r\n</html>', 5, '5e7fc0f0f06e2.webp', '150.00', '200.00', 'DISPONIBLE', 47, 'xiaomi_redmi_note_8_global_version_63_inch_48mp', 1),
(4, 'Xiaomi Mi A3 Global Version 6.088', 'Lorem ipsum dolor sit amet consectetur, adipisicing elit. Asperiores similique numquam impedit soluta, sapiente omnis eos reiciendis. Impedit, vero possimus.', '<!DOCTYPE html>\r\n<html>\r\n<head>\r\n</head>\r\n<body>\r\n<table style=\"width: 600px;\" border=\"1\" cellspacing=\"1\" cellpadding=\"1\">\r\n<tbody>\r\n<tr>\r\n<td colspan=\"2\">Basic&nbsp;Information&nbsp;&nbsp;&nbsp;&nbsp;&nbsp;&nbsp;&nbsp;&nbsp;&nbsp;&nbsp;</td>\r\n</tr>\r\n<tr>\r\n<td>&nbsp;Model</td>\r\n<td>&nbsp;Xiaomi Mi A3 Global Version (4GB+128GB)</td>\r\n</tr>\r\n<tr>\r\n<td rowspan=\"1\">&nbsp;Network</td>\r\n<td>\r\n<div>2G: GSM B2/B3/B5/B8</div>\r\n<div>3G: WCDMA: B1/B2/B4/B5/B8</div>\r\n<div>4G: FDD LTE: B1/B2/B3/B4/B5/B7/B8/B20&nbsp; &nbsp; &nbsp; &nbsp;<br />&nbsp;&nbsp;&nbsp;&nbsp;&nbsp;&nbsp; TDD LTE: B38/B40</div>\r\n</td>\r\n</tr>\r\n<tr>\r\n<td colspan=\"2\">&nbsp;<a href=\"http://blog.banggood.com/check-phone-frequency-band-60194.html\" target=\"_blank\" rel=\"noopener\">[===<span style=\"margin: 0px; padding: 0px; box-sizing: border-box; font-style: normal; text-decoration: underline; font-size: 14px; font-weight: 100;\">Not Sure Your Network ?</span>===]</a></td>\r\n</tr>\r\n<tr>\r\n<td>&nbsp;SIM&nbsp;Card</td>\r\n<td>&nbsp;Dual SIM Card&nbsp;Dual standby, Dual Nano-SIM<br />&nbsp;Card slot 1 supports Nano-SIM Card<br />&nbsp;Card Slot 2 supports Nano-SIM Card/TF Card</td>\r\n</tr>\r\n<tr>\r\n<td>&nbsp;Style</td>\r\n<td>&nbsp;Bar</td>\r\n</tr>\r\n<tr>\r\n<td>&nbsp;Color</td>\r\n<td>&nbsp;Gray, Blue, White</td>\r\n</tr>\r\n<tr>\r\n<td>&nbsp;Shell&nbsp;Material&nbsp;</td>\r\n<td>\r\n<div>&nbsp;Metal + Glass</div>\r\n</td>\r\n</tr>\r\n<tr>\r\n<td colspan=\"2\">&nbsp;</td>\r\n</tr>\r\n<tr>\r\n<td colspan=\"2\">System</td>\r\n</tr>\r\n<tr>\r\n<td>&nbsp;OS</td>\r\n<td>&nbsp;Android One</td>\r\n</tr>\r\n<tr>\r\n<td>&nbsp;CPU</td>\r\n<td>&nbsp;Snapdragon 665 Octa Core Max to 2.0GHz</td>\r\n</tr>\r\n<tr>\r\n<td>&nbsp;GPU&nbsp;</td>\r\n<td>&nbsp;Adreno 610</td>\r\n</tr>\r\n<tr>\r\n<td>&nbsp;RAM</td>\r\n<td>&nbsp;4GB&nbsp;LPDDR4x 1866MHz</td>\r\n</tr>\r\n<tr>\r\n<td>&nbsp;ROM</td>\r\n<td>&nbsp;128GB&nbsp;UFS2.1</td>\r\n</tr>\r\n<tr>\r\n<td>&nbsp;Card&nbsp;Extend</td>\r\n<td>&nbsp;Supports an external TF card up to&nbsp;256GB&nbsp;(VFAT)</td>\r\n</tr>\r\n<tr>\r\n<td colspan=\"2\">&nbsp;</td>\r\n</tr>\r\n<tr>\r\n<td colspan=\"2\">Screen</td>\r\n</tr>\r\n<tr>\r\n<td>&nbsp;Display Size&nbsp;&nbsp;</td>\r\n<td>&nbsp;6.088 Inch AMOLED Dot Drop Display</td>\r\n</tr>\r\n<tr>\r\n<td rowspan=\"1\">&nbsp;Type</td>\r\n<td>&nbsp;HD+ capacitive&nbsp;touch screen, High contrast 60000:1 (Min), NTSC 102.7% (Typ), 2.5D glass, rounded display corners, Corning&reg; Gorilla&reg; Glass 5</td>\r\n</tr>\r\n<tr>\r\n<td>&nbsp;Resolution</td>\r\n<td>&nbsp;1560*720Pixel</td>\r\n</tr>\r\n<tr>\r\n<td>&nbsp;Multi-Touch</td>\r\n<td>&nbsp;Yes</td>\r\n</tr>\r\n<tr>\r\n<td colspan=\"2\">&nbsp;</td>\r\n</tr>\r\n<tr>\r\n<td colspan=\"2\">Support&nbsp;Format</td>\r\n</tr>\r\n<tr>\r\n<td>&nbsp;Audio&nbsp;File&nbsp;Format</td>\r\n<td>&nbsp;MP4, M4V, MKV, XVID, WAV, AAC, MP3, AMR, FLAC, APE</td>\r\n</tr>\r\n<tr>\r\n<td>&nbsp;Video&nbsp;File&nbsp;Format</td>\r\n<td>&nbsp;H.265/HEVC, H.264, MPEG4, VC-1, VP8, VP9</td>\r\n</tr>\r\n<tr>\r\n<td>&nbsp;Image&nbsp;File&nbsp;Format</td>\r\n<td>&nbsp;JPEG/BMP/GIF/PNG</td>\r\n</tr>\r\n<tr>\r\n<td>&nbsp;E-book&nbsp;Format</td>\r\n<td>&nbsp;TXT&nbsp;</td>\r\n</tr>\r\n<tr>\r\n<td>&nbsp;Earphone Port</td>\r\n<td>&nbsp;3.5mm</td>\r\n</tr>\r\n<tr>\r\n<td colspan=\"2\">&nbsp;</td>\r\n</tr>\r\n<tr>\r\n<td colspan=\"2\">Data&nbsp;Transfer&nbsp;&amp;&nbsp;Connectivity</td>\r\n</tr>\r\n<tr>\r\n<td>&nbsp;Data&nbsp;transfer</td>\r\n<td>&nbsp;USB/bluetooth</td>\r\n</tr>\r\n<tr>\r\n<td>&nbsp;Mobile&nbsp;internet</td>\r\n<td>&nbsp;WAP/WiFi</td>\r\n</tr>\r\n<tr>\r\n<td colspan=\"2\">&nbsp;</td>\r\n</tr>\r\n<tr>\r\n<td colspan=\"2\">Features</td>\r\n</tr>\r\n<tr>\r\n<td colspan=\"1\" rowspan=\"2\">Camera/Picture&nbsp;<br />Resolution</td>\r\n<td>&nbsp;Front&nbsp;Camera: 32.0MP selfie camera<br />1.6&mu;m 4-in-1 Super Pixel Design<br />5 pcs lens, &fnof;/2.0, 79&deg; FOV, FF<br />AI face unlock<br />Panorama selfie<br />Video&nbsp;recordings:<br />1080p, 30fps<br />720p, 30fps<br />Short videos recoridng</td>\r\n</tr>\r\n<tr>\r\n<td>&nbsp;Triple Rear camera: 48 MP + 8MP +2MP<br />48MP Primary camera:<br />1.6&mu;m 4-in-1 Super Pixel<br />6 pcs lens &fnof;/1.79<br />1/2\" sensor size, PDAF<br />8MP ultra wide-angle camera:<br />FOV 118&deg;, &fnof;/2.2, FF<br />2MP Depth camera<br />AI portrait mode, Steady handheld night photography<br />Video&nbsp;recordings:<br />4K video, 30fps<br />1080p, 60fps/30fps<br />720p, 30fps<br />EIS, 1080p, 30fps; 720p, 30fps<br />Slow motion recording, 720p, 240fps/120fps; 1080p, 120fps</td>\r\n</tr>\r\n<tr>\r\n<td>&nbsp;Language</td>\r\n<td>&nbsp;This phone supports&nbsp;multi-language.&nbsp;<br />(More details please refer to the screenshots)</td>\r\n</tr>\r\n<tr>\r\n<td>&nbsp;Message</td>\r\n<td>&nbsp;SMS/MMS/E-Mail</td>\r\n</tr>\r\n<tr>\r\n<td>&nbsp;Input</td>\r\n<td>&nbsp;Handwrite,The&nbsp;virtual&nbsp;keypad</td>\r\n</tr>\r\n<tr>\r\n<td>&nbsp;GPS</td>\r\n<td>&nbsp;Yes, AGPS, GPS, GLONASS, Beidou</td>\r\n</tr>\r\n<tr>\r\n<td>&nbsp;WIFI</td>\r\n<td>&nbsp;Supports Wi-Fi (2.4G/5G), 802.11 a/b/g/n/ac, WiFi Display, WiFi Direct</td>\r\n</tr>\r\n<tr>\r\n<td>&nbsp;VoLTE</td>\r\n<td>&nbsp;Whether you can use VoLTE depends on the local carriers.</td>\r\n</tr>\r\n<tr>\r\n<td>&nbsp;GPRS</td>\r\n<td>&nbsp;Yes</td>\r\n</tr>\r\n<tr>\r\n<td>&nbsp;WAP</td>\r\n<td>&nbsp;Yes</td>\r\n</tr>\r\n<tr>\r\n<td>&nbsp;bluetooth</td>\r\n<td>&nbsp;Yes,&nbsp;V5.0</td>\r\n</tr>\r\n<tr>\r\n<td>&nbsp;Proximity sensor</td>\r\n<td>&nbsp;Yes</td>\r\n</tr>\r\n<tr>\r\n<td>&nbsp;Gyroscope</td>\r\n<td>&nbsp;Yes</td>\r\n</tr>\r\n<tr>\r\n<td>&nbsp;Ambient light sensor</td>\r\n<td>&nbsp;Yes</td>\r\n</tr>\r\n<tr>\r\n<td>&nbsp;Accelerometer</td>\r\n<td>&nbsp;Yes</td>\r\n</tr>\r\n<tr>\r\n<td>&nbsp;E-compass</td>\r\n<td>&nbsp;Yes</td>\r\n</tr>\r\n<tr>\r\n<td>&nbsp;Vibration motor</td>\r\n<td>&nbsp;Yes</td>\r\n</tr>\r\n<tr>\r\n<td>&nbsp;IR remote</td>\r\n<td>&nbsp;Yes</td>\r\n</tr>\r\n<tr>\r\n<td>&nbsp;Fingerprint</td>\r\n<td>&nbsp;Yes, in-display fingerprint sensor</td>\r\n</tr>\r\n<tr>\r\n<td>&nbsp;Face Recognition</td>\r\n<td>&nbsp;Yes</td>\r\n</tr>\r\n<tr>\r\n<td>&nbsp;Fast charge</td>\r\n<td>&nbsp;Supports Quick Charge&trade; 3.0 Techonology and 18W Fast Charge</td>\r\n</tr>\r\n<tr>\r\n<td>&nbsp;Battery(Built-in)</td>\r\n<td>&nbsp;4030mAh(typ), 3940mAh(min)&nbsp;</td>\r\n</tr>\r\n<tr>\r\n<td>&nbsp;Charge&nbsp;interface</td>\r\n<td>&nbsp;USB Type-C</td>\r\n</tr>\r\n<tr>\r\n<td>&nbsp;Charger</td>\r\n<td>&nbsp;EU&nbsp;type, 5V 2A</td>\r\n</tr>\r\n<tr>\r\n<td rowspan=\"1\">&nbsp;Other&nbsp;Features</td>\r\n<td>&nbsp;WiFi,&nbsp;bluetooth, Browser, MP3, MP4, MMS, Alarm, Calendar, Calculator, etc</td>\r\n</tr>\r\n<tr>\r\n<td>&nbsp;Dimensions</td>\r\n<td>&nbsp;153.48*71.85*8.475mm</td>\r\n</tr>\r\n<tr>\r\n<td>&nbsp;Weight</td>\r\n<td>&nbsp;173.8g</td>\r\n</tr>\r\n<tr>\r\n<td colspan=\"2\">&nbsp;</td>\r\n</tr>\r\n<tr>\r\n<td rowspan=\"5\">&nbsp;Package&nbsp; Included</td>\r\n<td>&nbsp;1 x&nbsp;Xiaomi Mi A3 Global Version&nbsp;Smartphone</td>\r\n</tr>\r\n<tr>\r\n<td>&nbsp;1 x&nbsp;USB Type-C Cable</td>\r\n</tr>\r\n<tr>\r\n<td>&nbsp;1 x Soft Protective Case&nbsp;</td>\r\n</tr>\r\n<tr>\r\n<td>&nbsp;1 x&nbsp;EU&nbsp;Charger</td>\r\n</tr>\r\n<tr>\r\n<td>&nbsp;1 x&nbsp;Eject pin</td>\r\n</tr>\r\n</tbody>\r\n</table>\r\n<p>&nbsp;</p>\r\n</body>\r\n</html>', 5, '5e82db79eb515.jpeg', '220.00', '256.00', 'DISPONIBLE', 50, 'xiaomi_mi_a3_global_version_6088', 0),
(5, 'Ulefone ARMOR 6E NFC IP68', 'Lorem ipsum dolor sit amet consectetur, adipisicing elit. Impedit ducimus ratione minima dolorem rem quod accusamus odit officia est repudiandae.', '<!DOCTYPE html>\r\n<html>\r\n<head>\r\n</head>\r\n<body>\r\n<div>\r\n<table style=\"width: 600px;\" border=\"1\" cellspacing=\"1\" cellpadding=\"1\">\r\n<tbody>\r\n<tr>\r\n<td colspan=\"2\">&nbsp;Basic Information</td>\r\n</tr>\r\n<tr>\r\n<td>&nbsp;Model</td>\r\n<td>&nbsp;Ulefone Armor 6E</td>\r\n</tr>\r\n<tr>\r\n<td colspan=\"1\" rowspan=\"3\">&nbsp;Band<br />&nbsp;</td>\r\n<td>&nbsp;2G: GSM B2/3/5/8 (850/900/1800/1900)</td>\r\n</tr>\r\n<tr>\r\n<td>&nbsp;3G: WCDMA B1/2/4/5/8 (2100/1900/1700/850/900) &nbsp;&nbsp;&nbsp;&nbsp;<br />&nbsp; &nbsp; &nbsp; &nbsp; CDMA BC0/BC1 &nbsp;&nbsp;&nbsp;&nbsp;&nbsp;&nbsp;&nbsp;&nbsp;&nbsp;&nbsp;&nbsp;&nbsp;&nbsp;&nbsp;&nbsp;&nbsp;&nbsp;&nbsp;&nbsp;&nbsp;&nbsp;&nbsp;&nbsp;&nbsp;&nbsp;&nbsp;&nbsp;&nbsp;&nbsp;&nbsp;&nbsp;&nbsp;&nbsp;&nbsp;&nbsp;&nbsp;&nbsp;&nbsp;&nbsp;&nbsp;&nbsp;&nbsp;&nbsp;&nbsp;&nbsp;&nbsp;&nbsp;&nbsp;&nbsp;&nbsp;<br />&nbsp;&nbsp;&nbsp;&nbsp;&nbsp;&nbsp;&nbsp; TD-WCDMA B34/B39</td>\r\n</tr>\r\n<tr>\r\n<td>&nbsp;4G: FDD-LTE B1/2/3/4/5/7/8/12/17/18/19/20/25/26/28A/28B/66<br />&nbsp;&nbsp;&nbsp;&nbsp;&nbsp;&nbsp;&nbsp; TDD-LTE B34/38/39/40/41</td>\r\n</tr>\r\n<tr>\r\n<td colspan=\"2\">&nbsp;<a href=\"http://blog.banggood.com/check-phone-frequency-band-60194.html\" target=\"_blank\" rel=\"noopener\">[===<span style=\"margin: 0px; padding: 0px; box-sizing: border-box; font-style: normal; text-decoration: underline; font-size: 14px; font-weight: 100;\">Not Sure Your Network ?</span>===]</a></td>\r\n</tr>\r\n<tr>\r\n<td>&nbsp;Sim Card</td>\r\n<td>&nbsp;Dual sim dual standby, Dual Nano Sim<br />Card slot 1 supports Nano-SIM Card<br />Card Slot 2 supports Nano-SIM Card/TF Card</td>\r\n</tr>\r\n<tr>\r\n<td>&nbsp;Style</td>\r\n<td>&nbsp;Bar</td>\r\n</tr>\r\n<tr>\r\n<td>&nbsp;Color</td>\r\n<td>&nbsp;Black, Red</td>\r\n</tr>\r\n<tr>\r\n<td>&nbsp;Material</td>\r\n<td>&nbsp;TPU+10%GF</td>\r\n</tr>\r\n<tr>\r\n<td>&nbsp;Highlights</td>\r\n<td>&nbsp;IP68/IP69K waterproof, NFC, 6.2\" Notch Display, 5000mAh battery, Android 9.0, Wireless Charge, UV Detector, 16MP+2MP Dual Rear Camera, Global Bands</td>\r\n</tr>\r\n<tr>\r\n<td colspan=\"2\">&nbsp;</td>\r\n</tr>\r\n<tr>\r\n<td colspan=\"2\">&nbsp;System</td>\r\n</tr>\r\n<tr>\r\n<td>&nbsp;OS</td>\r\n<td>&nbsp;Android 9.0</td>\r\n</tr>\r\n<tr>\r\n<td>&nbsp;CPU</td>\r\n<td>&nbsp;Helio P70 MT6771T&nbsp;Octa-core 64-bit 2.1GHz Processor</td>\r\n</tr>\r\n<tr>\r\n<td>&nbsp;GPU</td>\r\n<td>&nbsp;ARM Mali G72 MP3 900MHz</td>\r\n</tr>\r\n<tr>\r\n<td>&nbsp;ROM</td>\r\n<td>&nbsp;64GB</td>\r\n</tr>\r\n<tr>\r\n<td>&nbsp;RAM</td>\r\n<td>&nbsp;4GB&nbsp;</td>\r\n</tr>\r\n<tr>\r\n<td>&nbsp;Card Extend</td>\r\n<td>&nbsp;Support TF card up to 256GB&nbsp;extended</td>\r\n</tr>\r\n<tr>\r\n<td colspan=\"2\">&nbsp;</td>\r\n</tr>\r\n<tr>\r\n<td colspan=\"2\">&nbsp;Screen</td>\r\n</tr>\r\n<tr>\r\n<td>&nbsp;Display Size</td>\r\n<td>&nbsp;6.2 Inch</td>\r\n</tr>\r\n<tr>\r\n<td>&nbsp;Type</td>\r\n<td>&nbsp;FHD+ Capacitive Touch Screen, Corning Gorilla Glass 5</td>\r\n</tr>\r\n<tr>\r\n<td>&nbsp;Resolution</td>\r\n<td>&nbsp;1080*2246 pixels</td>\r\n</tr>\r\n<tr>\r\n<td>&nbsp;Multi Touch&nbsp;</td>\r\n<td>&nbsp;Yes, 5</td>\r\n</tr>\r\n<tr>\r\n<td colspan=\"2\">&nbsp;</td>\r\n</tr>\r\n<tr>\r\n<td colspan=\"2\">&nbsp;Support Format</td>\r\n</tr>\r\n<tr>\r\n<td>&nbsp;Audio File Format</td>\r\n<td>&nbsp;MP3, M4A, AAC, MKA, AMR, FLAC, APE, WAV</td>\r\n</tr>\r\n<tr>\r\n<td>&nbsp;Video File Format</td>\r\n<td>&nbsp;AVI, 3GP, MPEG-4,MKV, MOV</td>\r\n</tr>\r\n<tr>\r\n<td>&nbsp;Image File Format</td>\r\n<td>&nbsp;BMP,&nbsp;GIF, JPEG, JPG</td>\r\n</tr>\r\n<tr>\r\n<td>&nbsp;FM Radio</td>\r\n<td>&nbsp;Yes</td>\r\n</tr>\r\n<tr>\r\n<td colspan=\"2\">&nbsp;</td>\r\n</tr>\r\n<tr>\r\n<td colspan=\"2\">&nbsp;Data Transfer &amp; Connectivity</td>\r\n</tr>\r\n<tr>\r\n<td>&nbsp;Data transfer</td>\r\n<td>&nbsp;USB/bluetooth/NFC</td>\r\n</tr>\r\n<tr>\r\n<td>&nbsp;Mobile internet</td>\r\n<td>&nbsp;WAP/WiFi</td>\r\n</tr>\r\n<tr>\r\n<td colspan=\"2\">&nbsp;</td>\r\n</tr>\r\n<tr>\r\n<td colspan=\"2\">&nbsp;General</td>\r\n</tr>\r\n<tr>\r\n<td>&nbsp;Camera/Picture&nbsp;<br />Resolution</td>\r\n<td>&nbsp;Sub camera:&nbsp;8.0MP front camera<br />&nbsp;Main Camera:&nbsp;16MP + 2MP Dual back camera<br />AF, Dual Rear flash, Touch Focus<br />Video Recording Resolution: 1080P</td>\r\n</tr>\r\n<tr>\r\n<td>&nbsp;Language</td>\r\n<td>&nbsp;This phone supports multi-language.<br />(More details please refer to the screenshots)</td>\r\n</tr>\r\n<tr>\r\n<td>&nbsp;Message</td>\r\n<td>&nbsp;SMS/MMS</td>\r\n</tr>\r\n<tr>\r\n<td>&nbsp;VoLTE</td>\r\n<td>&nbsp;Whether you can use VoLTE depends on the local carriers, because not all of the the local carriers can support this function.&nbsp;</td>\r\n</tr>\r\n<tr>\r\n<td>&nbsp;Input</td>\r\n<td>&nbsp;Handwrite/Keypad</td>\r\n</tr>\r\n<tr>\r\n<td>&nbsp;Audio Chipset</td>\r\n<td>&nbsp;FS1601S</td>\r\n</tr>\r\n<tr>\r\n<td>&nbsp;WIFI</td>\r\n<td>&nbsp;Yes, 802.11a/b/g/n/ac (2.4G+5G)</td>\r\n</tr>\r\n<tr>\r\n<td>&nbsp;GPS</td>\r\n<td>&nbsp;GPS+GLONASS+Beidou</td>\r\n</tr>\r\n<tr>\r\n<td>&nbsp;bluetooth</td>\r\n<td>&nbsp;Yes, BT4.2</td>\r\n</tr>\r\n<tr>\r\n<td>&nbsp;Gravity Sensor</td>\r\n<td>&nbsp;Support</td>\r\n</tr>\r\n<tr>\r\n<td>&nbsp;Gyroscope</td>\r\n<td>&nbsp;Support</td>\r\n</tr>\r\n<tr>\r\n<td>&nbsp;P-Sensor</td>\r\n<td>&nbsp;Support</td>\r\n</tr>\r\n<tr>\r\n<td>&nbsp;L-Sensor</td>\r\n<td>&nbsp;Support</td>\r\n</tr>\r\n<tr>\r\n<td>&nbsp;UV Sensor</td>\r\n<td>&nbsp;Support</td>\r\n</tr>\r\n<tr>\r\n<td>&nbsp;Baroceptor</td>\r\n<td>&nbsp;Support</td>\r\n</tr>\r\n<tr>\r\n<td>&nbsp;NFC</td>\r\n<td>&nbsp;Support</td>\r\n</tr>\r\n<tr>\r\n<td>&nbsp;OTG</td>\r\n<td>&nbsp;Support</td>\r\n</tr>\r\n<tr>\r\n<td>&nbsp;E-Compass</td>\r\n<td>&nbsp;Support</td>\r\n</tr>\r\n<tr>\r\n<td>&nbsp;Fingerprint</td>\r\n<td>&nbsp;Support</td>\r\n</tr>\r\n<tr>\r\n<td>&nbsp;Face recognition</td>\r\n<td>&nbsp;Support</td>\r\n</tr>\r\n<tr>\r\n<td>&nbsp;Waterproof</td>\r\n<td>&nbsp;IP68/IP69K waterproof</td>\r\n</tr>\r\n<tr>\r\n<td>&nbsp;Notification Light</td>\r\n<td>&nbsp;Yes</td>\r\n</tr>\r\n<tr>\r\n<td>&nbsp;Dimensions</td>\r\n<td>&nbsp;166*83*13.3mm</td>\r\n</tr>\r\n<tr>\r\n<td>&nbsp;Weight</td>\r\n<td>&nbsp;267.5g</td>\r\n</tr>\r\n<tr>\r\n<td>&nbsp;Battery &nbsp;Capacity(mAh)</td>\r\n<td>&nbsp;5000mAh&nbsp;Built in&nbsp;Li-Polymer&nbsp;battery</td>\r\n</tr>\r\n<tr>\r\n<td>&nbsp;Fast Charge</td>\r\n<td>&nbsp;9V 2A</td>\r\n</tr>\r\n<tr>\r\n<td>&nbsp;Wireless Charging</td>\r\n<td>&nbsp;Yes</td>\r\n</tr>\r\n<tr>\r\n<td>&nbsp;USB connector</td>\r\n<td>&nbsp;Type-C</td>\r\n</tr>\r\n<tr>\r\n<td colspan=\"2\">&nbsp;</td>\r\n</tr>\r\n<tr>\r\n<td colspan=\"1\" rowspan=\"8\">&nbsp;<br /><br /><br />&nbsp;Package included<br /><br /><br />&nbsp;</td>\r\n<td>&nbsp;1 x&nbsp;Ulefone Armor 6E&nbsp;Smartphone</td>\r\n</tr>\r\n<tr>\r\n<td>&nbsp;1 x Data Cable (100cm)</td>\r\n</tr>\r\n<tr>\r\n<td>&nbsp;1 x&nbsp;Type-C to 3.5mm Transfer</td>\r\n</tr>\r\n<tr>\r\n<td>&nbsp;1 x&nbsp;Protective film</td>\r\n</tr>\r\n<tr>\r\n<td>&nbsp;1 x&nbsp;Trye Stick</td>\r\n</tr>\r\n<tr>\r\n<td>&nbsp;1 x&nbsp;SIM needle</td>\r\n</tr>\r\n<tr>\r\n<td>&nbsp;1 x OTG Cable</td>\r\n</tr>\r\n<tr>\r\n<td>&nbsp;1 x EU Charger</td>\r\n</tr>\r\n</tbody>\r\n</table>\r\n</div>\r\n<p>&nbsp;</p>\r\n</body>\r\n</html>', 5, '5e82dd7fd2fef.jpeg', '150.00', '189.00', 'DISPONIBLE', 99, 'ulefone_armor_6e_nfc_ip68', 1);
INSERT INTO `producto` (`id`, `titulo`, `resena`, `contenido`, `idcategoria`, `poster`, `precio_ahora`, `precio_antes`, `estado`, `stock`, `slug`, `num_ventas`) VALUES
(6, 'Xiaomi Mi9T Mi 9T Global Version 6.39', 'Lorem ipsum dolor, sit amet consectetur adipisicing elit. Omnis est quod molestiae similique repellat nam reiciendis animi amet, modi nisi?', '<!DOCTYPE html>\r\n<html>\r\n<head>\r\n</head>\r\n<body>\r\n<table style=\"width: 600px;\" border=\"1\" cellspacing=\"1\" cellpadding=\"1\">\r\n<tbody>\r\n<tr>\r\n<td colspan=\"2\">Basic&nbsp;Information&nbsp;&nbsp;&nbsp;&nbsp;&nbsp;&nbsp;&nbsp;&nbsp;&nbsp;&nbsp;</td>\r\n</tr>\r\n<tr>\r\n<td>&nbsp;Model</td>\r\n<td>&nbsp;Xiaomi Mi9T Mi 9T Global Version</td>\r\n</tr>\r\n<tr>\r\n<td rowspan=\"1\">&nbsp;Network</td>\r\n<td>\r\n<div>2G: GSM B2/B3/B5/B8</div>\r\n<div>3G: WCDMA: B1/B2/B4/B5/B8</div>\r\n<div>4G: LTE FDD: B1/B2/B3/B4/B5/B7/B8/B20<br />&nbsp;&nbsp;&nbsp;&nbsp;&nbsp;&nbsp; LTE TDD: B38/B40</div>\r\n</td>\r\n</tr>\r\n<tr>\r\n<td colspan=\"2\">&nbsp;<a href=\"http://blog.banggood.com/check-phone-frequency-band-60194.html\" target=\"_blank\" rel=\"noopener\">[===<span style=\"margin: 0px; padding: 0px; box-sizing: border-box; font-style: normal; text-decoration: underline; font-size: 14px; font-weight: 100;\">Not Sure Your Network ?</span>===]</a></td>\r\n</tr>\r\n<tr>\r\n<td>&nbsp;SIM&nbsp;Card</td>\r\n<td>&nbsp;Dual SIM Card&nbsp;Dual standby, Dual Nano-SIM</td>\r\n</tr>\r\n<tr>\r\n<td>&nbsp;Style</td>\r\n<td>&nbsp;Bar</td>\r\n</tr>\r\n<tr>\r\n<td>&nbsp;Color</td>\r\n<td>&nbsp;Carbon Black, Flame Red, Glacier Blue</td>\r\n</tr>\r\n<tr>\r\n<td>&nbsp;Shell&nbsp;Material&nbsp;</td>\r\n<td>\r\n<div>&nbsp;Glass</div>\r\n</td>\r\n</tr>\r\n<tr>\r\n<td colspan=\"2\">&nbsp;</td>\r\n</tr>\r\n<tr>\r\n<td colspan=\"2\">System</td>\r\n</tr>\r\n<tr>\r\n<td>&nbsp;OS</td>\r\n<td>&nbsp;MIUI 10</td>\r\n</tr>\r\n<tr>\r\n<td>&nbsp;CPU</td>\r\n<td>&nbsp;Snapdragon 730 Octa Core (max to 2.2GHz) Kryo 470, 8nm</td>\r\n</tr>\r\n<tr>\r\n<td>&nbsp;GPU&nbsp;</td>\r\n<td>&nbsp;Adreno 618 max to 610MHz</td>\r\n</tr>\r\n<tr>\r\n<td>&nbsp;Game Turbo</td>\r\n<td>&nbsp;Yes. 2.0</td>\r\n</tr>\r\n<tr>\r\n<td>&nbsp;MI Turbo</td>\r\n<td>&nbsp;Yes</td>\r\n</tr>\r\n<tr>\r\n<td>&nbsp;RAM</td>\r\n<td>&nbsp;6GB</td>\r\n</tr>\r\n<tr>\r\n<td>&nbsp;ROM</td>\r\n<td>&nbsp;64GB</td>\r\n</tr>\r\n<tr>\r\n<td>&nbsp;Card&nbsp;Extend</td>\r\n<td>&nbsp;Not support</td>\r\n</tr>\r\n<tr>\r\n<td colspan=\"2\">&nbsp;</td>\r\n</tr>\r\n<tr>\r\n<td colspan=\"2\">Screen</td>\r\n</tr>\r\n<tr>\r\n<td>&nbsp;Display Size&nbsp;&nbsp;</td>\r\n<td>&nbsp;6.39 Inch AMOLED</td>\r\n</tr>\r\n<tr>\r\n<td rowspan=\"1\">&nbsp;Type</td>\r\n<td>&nbsp;FHD+ capacitive&nbsp;touch screen, Brightness 600nit (HBM) / 430nit (Typ), High contrast 60000:1 (Min), NTSC 103.8% (Typ), HDR,&nbsp;Sunlight Display 2.0, Night mode, Reading mode, Color temperature adjustment, Standard mode, Corning&reg; Gorilla&reg; Glass 5</td>\r\n</tr>\r\n<tr>\r\n<td>&nbsp;Resolution</td>\r\n<td>&nbsp;2340*1080 Pixel</td>\r\n</tr>\r\n<tr>\r\n<td>&nbsp;PPI</td>\r\n<td>&nbsp;403</td>\r\n</tr>\r\n<tr>\r\n<td>&nbsp;Multi-Touch</td>\r\n<td>&nbsp;Yes</td>\r\n</tr>\r\n<tr>\r\n<td colspan=\"2\">&nbsp;</td>\r\n</tr>\r\n<tr>\r\n<td colspan=\"2\">Support&nbsp;Format</td>\r\n</tr>\r\n<tr>\r\n<td>&nbsp;Audio&nbsp;File&nbsp;Format</td>\r\n<td>&nbsp;MP4, M4V, MKV, XVID, WAV, AAC, MP3, AMR, FLAC, APE</td>\r\n</tr>\r\n<tr>\r\n<td>&nbsp;Video&nbsp;File&nbsp;Format</td>\r\n<td>&nbsp;H.265/HEVC, H.264, MPEG4, VC-1, VP8, VP9</td>\r\n</tr>\r\n<tr>\r\n<td>&nbsp;Image&nbsp;File&nbsp;Format</td>\r\n<td>&nbsp;JPEG/BMP/GIF/PNG</td>\r\n</tr>\r\n<tr>\r\n<td>&nbsp;E-book&nbsp;Format</td>\r\n<td>&nbsp;TXT&nbsp;</td>\r\n</tr>\r\n<tr>\r\n<td>&nbsp;Earphone Port</td>\r\n<td>&nbsp;3.5mm</td>\r\n</tr>\r\n<tr>\r\n<td colspan=\"2\">&nbsp;</td>\r\n</tr>\r\n<tr>\r\n<td colspan=\"2\">Data&nbsp;Transfer&nbsp;&amp;&nbsp;Connectivity</td>\r\n</tr>\r\n<tr>\r\n<td>&nbsp;Data&nbsp;transfer</td>\r\n<td>&nbsp;USB/bluetooth</td>\r\n</tr>\r\n<tr>\r\n<td>&nbsp;Mobile&nbsp;internet</td>\r\n<td>&nbsp;WAP/WiFi</td>\r\n</tr>\r\n<tr>\r\n<td colspan=\"2\">&nbsp;</td>\r\n</tr>\r\n<tr>\r\n<td colspan=\"2\">Features</td>\r\n</tr>\r\n<tr>\r\n<td colspan=\"1\" rowspan=\"2\">Camera/Picture&nbsp;<br />Resolution</td>\r\n<td>&nbsp;Front&nbsp;Camera: 20.0MP<br />Po-pup Selfie Camera<br />0.8&mu;m f/2.2 aperture, ambient bulb, Sapphire glass cover<br />Panorama selfie | Palm shutter | AI silhouette detection | wide-angle distortion correction | Front camera HDR | Front camera display brightness correction | Selfie timer | Face recognition | Magic mirror | Age recognition | Full screen camera frame | Eye light | AI Beautify | AI feature adjustment | AI makeup | AI portrait mode | AI scene detection | AI studio lighting<br />Video&nbsp;recordings:<br />1080p video&nbsp;recording, 30fps<br />720p&nbsp;video&nbsp;recording, 30fps</td>\r\n</tr>\r\n<tr>\r\n<td>&nbsp;Triple Rear camera: 48 MP + 8MP +13MP<br />48MP primary camera with 1.6&mu;m 4-in-1 Super Pixel, f/1.75 aperture<br />8MP telephoto camera with 1.12&mu;m, &fnof;/2.4 aperture, 2x optical zoom<br />13MP Utra wide-angle (124.8&deg; ) lens&nbsp; with 1.12&mu;m &fnof;/2.4 aperture<br />Zoom: Triple camera zoom with 2x optical zoom and 10x digital zoom<br />Focus: Phase detection focus | Contrast detection focus<br />Single-tone flash<br />Photo resolution: up to 8000x6000 pixels*<br />Video resolution: up to 3840x2160 pixels*<br />48MP HD | Smart ultra-wide angle mode | Steady handheld night photography | Portrait mode background blurring | Panorama mode | Pro mode | Photo timer | Burst mode | Face recognition | HDR | AI Beautify (added Baby Beautify) | AI smart slimming | Ultra wide-angle edge distortion correction | Group photo face correction | Custom watermark | Full body portrait mode | Portrait mode background blur adjustment | Full screen camera frame | Rear camera AI scene detection (27 recognizable tags) | AI lens flare | AI Studio lighting | AI high resolution photos<br />Video&nbsp;recordings:<br />4K video&nbsp;recording, 30fps<br />1080p video&nbsp;recording, 60fps/30fps<br />720p&nbsp;video&nbsp;recording, 30fps<br />720p&nbsp;Slow Motion&nbsp;video&nbsp;recording, 120fps/240fps/960fps<br />1080p&nbsp;Slow Motion&nbsp;video&nbsp;recording, 120fps/240fps/960fps</td>\r\n</tr>\r\n<tr>\r\n<td>&nbsp;Language</td>\r\n<td>&nbsp;This phone supports&nbsp;multi-language.&nbsp;<br />(More details please refer to the screenshots)</td>\r\n</tr>\r\n<tr>\r\n<td>&nbsp;Message</td>\r\n<td>&nbsp;SMS/MMS/E-Mail</td>\r\n</tr>\r\n<tr>\r\n<td>&nbsp;Speaker</td>\r\n<td>&nbsp;1217 Xmax 0.4mm Ultralinear speaker<br />&nbsp;Smart PA 10V external, pressure boosted, high volume<br />&nbsp;0.9cc large sound cavity design<br />&nbsp;HiFi, Hi-Res Audio</td>\r\n</tr>\r\n<tr>\r\n<td>&nbsp;Input</td>\r\n<td>&nbsp;Handwrite,The&nbsp;virtual&nbsp;keypad</td>\r\n</tr>\r\n<tr>\r\n<td>&nbsp;GPS</td>\r\n<td>&nbsp;Yes, AGPS, GPS,&nbsp;Galileo, GLONASS, Beidou</td>\r\n</tr>\r\n<tr>\r\n<td>&nbsp;WIFI</td>\r\n<td>&nbsp;Supports Wi-Fi (2.4G/5G), 802.11a/b/g/n/ac, Support MU-MIMO, WiFi Display, WiFi Direct</td>\r\n</tr>\r\n<tr>\r\n<td>&nbsp;VoLTE</td>\r\n<td>&nbsp;Whether you can use VoLTE depends on the local carriers.</td>\r\n</tr>\r\n<tr>\r\n<td>&nbsp;GPRS</td>\r\n<td>&nbsp;Yes</td>\r\n</tr>\r\n<tr>\r\n<td>&nbsp;WAP</td>\r\n<td>&nbsp;Yes</td>\r\n</tr>\r\n<tr>\r\n<td>&nbsp;bluetooth</td>\r\n<td>&nbsp;Yes,&nbsp;V5.0</td>\r\n</tr>\r\n<tr>\r\n<td>&nbsp;Distance sensor</td>\r\n<td>&nbsp;Yes</td>\r\n</tr>\r\n<tr>\r\n<td>&nbsp;Gyroscope</td>\r\n<td>&nbsp;Yes</td>\r\n</tr>\r\n<tr>\r\n<td>&nbsp;In-screen ambient light sensor</td>\r\n<td>&nbsp;Yes</td>\r\n</tr>\r\n<tr>\r\n<td>&nbsp;Accelerometer</td>\r\n<td>&nbsp;Yes</td>\r\n</tr>\r\n<tr>\r\n<td>&nbsp;E-compass</td>\r\n<td>&nbsp;Yes</td>\r\n</tr>\r\n<tr>\r\n<td>&nbsp;NFC</td>\r\n<td>&nbsp;Yes</td>\r\n</tr>\r\n<tr>\r\n<td>&nbsp;Fingerprint</td>\r\n<td>&nbsp;Yes, in-display fingerprint sensor</td>\r\n</tr>\r\n<tr>\r\n<td>&nbsp;Face Recognition</td>\r\n<td>&nbsp;Yes</td>\r\n</tr>\r\n<tr>\r\n<td>&nbsp;Fast charge</td>\r\n<td>&nbsp;Support</td>\r\n</tr>\r\n<tr>\r\n<td>&nbsp;Battery(Built-in)</td>\r\n<td>&nbsp;4000mAh(typ), 3900mAh(min)&nbsp;</td>\r\n</tr>\r\n<tr>\r\n<td>&nbsp;Charge&nbsp;interface</td>\r\n<td>&nbsp;USB Type-C</td>\r\n</tr>\r\n<tr>\r\n<td>&nbsp;Charger</td>\r\n<td>&nbsp;EU type, 18W</td>\r\n</tr>\r\n<tr>\r\n<td rowspan=\"1\">&nbsp;Other&nbsp;Features</td>\r\n<td>&nbsp;WiFi,&nbsp;bluetooth, Browser, MP3, MP4, MMS, Alarm, Calendar, Calculator, etc</td>\r\n</tr>\r\n<tr>\r\n<td>&nbsp;Dimensions</td>\r\n<td>&nbsp;156.7*74.3*8.8mm</td>\r\n</tr>\r\n<tr>\r\n<td>&nbsp;Weight</td>\r\n<td>&nbsp;191g</td>\r\n</tr>\r\n<tr>\r\n<td colspan=\"2\">&nbsp;</td>\r\n</tr>\r\n<tr>\r\n<td rowspan=\"5\">&nbsp;Package&nbsp; Included</td>\r\n<td>&nbsp;1 x&nbsp;Xiaomi Mi9T Mi 9T Global Version&nbsp;Smartphone</td>\r\n</tr>\r\n<tr>\r\n<td>&nbsp;1 x&nbsp;USB Type-C Cable</td>\r\n</tr>\r\n<tr>\r\n<td>&nbsp;1 x Protective Case&nbsp;</td>\r\n</tr>\r\n<tr>\r\n<td>&nbsp;1 x&nbsp;EU&nbsp;Charger</td>\r\n</tr>\r\n<tr>\r\n<td>&nbsp;1 x&nbsp;Eject pin</td>\r\n</tr>\r\n</tbody>\r\n</table>\r\n<p>&nbsp;</p>\r\n</body>\r\n</html>', 5, '5e82de2036223.jpeg', '250.00', '350.00', 'DISPONIBLE', 50, 'xiaomi_mi9t_mi_9t_global_version_639', 0),
(7, 'Blitzwolf® BW-HP0 Wireless', 'Lorem ipsum dolor sit amet consectetur adipisicing elit. Qui beatae in maiores sed molestias sapiente minima eaque magni possimus corrupti!', '<!DOCTYPE html>\r\n<html>\r\n<head>\r\n</head>\r\n<body>\r\n<table border=\"1\" width=\"600\" cellspacing=\"1\" cellpadding=\"1\">\r\n<tbody>\r\n<tr>\r\n<td colspan=\"2\">General Specification</td>\r\n</tr>\r\n<tr>\r\n<td style=\"width: 150px;\">&nbsp;&nbsp;Brand</td>\r\n<td>&nbsp;&nbsp;Blitzwolf&reg;&nbsp;</td>\r\n</tr>\r\n<tr>\r\n<td>&nbsp;&nbsp;Model</td>\r\n<td>&nbsp;&nbsp;BW-HP0</td>\r\n</tr>\r\n<tr>\r\n<td>&nbsp;&nbsp;Color</td>\r\n<td>&nbsp; Black</td>\r\n</tr>\r\n<tr>\r\n<td>&nbsp;&nbsp;Wearing Type</td>\r\n<td>&nbsp; Over-ear</td>\r\n</tr>\r\n<tr>\r\n<td>&nbsp;&nbsp;Net Weight</td>\r\n<td>&nbsp; 240g</td>\r\n</tr>\r\n<tr>\r\n<td>&nbsp;&nbsp;Dimensions</td>\r\n<td>&nbsp; 191*172*80mm&nbsp;&nbsp;</td>\r\n</tr>\r\n<tr>\r\n<td colspan=\"2\">Technical Parameters</td>\r\n</tr>\r\n<tr>\r\n<td>&nbsp; Microphone</td>\r\n<td>&nbsp; Yes</td>\r\n</tr>\r\n<tr>\r\n<td>&nbsp; bluetooth Version</td>\r\n<td>&nbsp; V4.1 Actions chip ATS3003</td>\r\n</tr>\r\n<tr>\r\n<td>&nbsp; bluetooth Profile</td>\r\n<td>&nbsp; HSP, HFP, AVRCP, A2DP</td>\r\n</tr>\r\n<tr>\r\n<td>&nbsp; Transmission Distance</td>\r\n<td>&nbsp; 33inch(10m)</td>\r\n</tr>\r\n<tr>\r\n<td>&nbsp; Rated Power</td>\r\n<td>&nbsp; 20mW</td>\r\n</tr>\r\n<tr>\r\n<td>&nbsp;&nbsp;Receive Sensitivity</td>\r\n<td>&nbsp; 117dB</td>\r\n</tr>\r\n<tr>\r\n<td>&nbsp;&nbsp;Impedance</td>\r\n<td>&nbsp; 32&Omega;</td>\r\n</tr>\r\n<tr>\r\n<td>&nbsp; Working Frequency</td>\r\n<td>&nbsp; 2.402GHz-2.480GHz</td>\r\n</tr>\r\n<tr>\r\n<td>&nbsp; Battery Capacity</td>\r\n<td>&nbsp; 400mAh, 3.7V</td>\r\n</tr>\r\n<tr>\r\n<td>&nbsp; Charging Time (h)</td>\r\n<td>&nbsp; 2.5h</td>\r\n</tr>\r\n<tr>\r\n<td>&nbsp; Call Time</td>\r\n<td>&nbsp; 20H (100% volume)</td>\r\n</tr>\r\n<tr>\r\n<td>&nbsp; Music Playback Time</td>\r\n<td>&nbsp; 18H (100% volume)</td>\r\n</tr>\r\n<tr>\r\n<td>&nbsp; Standby Time (h)</td>\r\n<td>&nbsp; 200H</td>\r\n</tr>\r\n<tr>\r\n<td>&nbsp; Certifications</td>\r\n<td>&nbsp; FCC/ CE/ ROHS</td>\r\n</tr>\r\n</tbody>\r\n</table>\r\n<p>Package&nbsp;&nbsp;Included:</p>\r\n<table style=\"width: 600px;\" border=\"1\" cellspacing=\"1\" cellpadding=\"1\">\r\n<tbody>\r\n<tr>\r\n<td style=\"width: 100px;\" rowspan=\"4\"><img style=\"height: auto;\" title=\"Blitzwolf&reg; BW-HP0 Wireless bluetooth Headphone Portable Foldable Over-ear Stereo Music Sport Headset with Mic\" src=\"https://imgaz.staticbg.com/images/oaupload/banggood/images/6E/9B/ad329491-5e6d-48f3-9bab-9a2090cb7c77.jpg.webp\" alt=\"Blitzwolf&reg; BW-HP0 Wireless bluetooth Headphone Portable Foldable Over-ear Stereo Music Sport Headset with Mic\" width=\"108\" height=\"88\" data-original=\"https://imgaz.staticbg.com/images/oaupload/banggood/images/6E/9B/ad329491-5e6d-48f3-9bab-9a2090cb7c77.jpg\" /></td>\r\n<td>&nbsp;1*&nbsp;Blitzwolf&reg; BW-HP0 Wireless bluetooth Headphone</td>\r\n</tr>\r\n<tr>\r\n<td>&nbsp;1* USB Charging Cable</td>\r\n</tr>\r\n<tr>\r\n<td>&nbsp;1* 3.5mm Audio Cable</td>\r\n</tr>\r\n<tr>\r\n<td>&nbsp;1* Manual</td>\r\n</tr>\r\n</tbody>\r\n</table>\r\n<p>&nbsp;</p>\r\n</body>\r\n</html>', 7, '5e82df211c4be.jpeg', '28.00', '45.00', 'DISPONIBLE', 197, 'blitzwolf_bw_hp0_wireless', 3),
(8, 'Xiaomi Redmi Airdots TWS bluetooth', 'Lorem ipsum, dolor sit amet consectetur adipisicing elit. Fuga dicta reprehenderit laborum repellendus possimus aliquid repellat cum quidem obcaecati amet.', '<!DOCTYPE html>\r\n<html>\r\n<head>\r\n</head>\r\n<body>\r\n<p>Features:</p>\r\n<div>1. Automatic second connection.</div>\r\n<div>2. bluetooth 5.0, the connection is more stable.</div>\r\n<div>3. 12h long battery life, with charging box.</div>\r\n<div>4. Double-ear multifunction button, anti-missing.</div>\r\n<div>5. Summon voice assistant, voice control mobile phone.</div>\r\n<div>6. Comfortable to wear, self-adjusting, not easy to fall off.</div>\r\n<div>7. IPX4 waterproof, no fear of rain and sweat.</div>\r\n<p>Specifications:</p>\r\n<table border=\"1\" width=\"600\" cellspacing=\"1\" cellpadding=\"1\">\r\n<tbody>\r\n<tr>\r\n<td colspan=\"2\">Specification</td>\r\n</tr>\r\n<tr>\r\n<td style=\"width: 150px;\">&nbsp;&nbsp;Brand</td>\r\n<td>&nbsp;&nbsp;Xiaomi Redmi&nbsp;</td>\r\n</tr>\r\n<tr>\r\n<td style=\"width: 150px;\">&nbsp; Name</td>\r\n<td>&nbsp;&nbsp;Airdots</td>\r\n</tr>\r\n<tr>\r\n<td>&nbsp;&nbsp;Model</td>\r\n<td>&nbsp; TWSEJ04LS</td>\r\n</tr>\r\n<tr>\r\n<td>&nbsp;&nbsp;Color</td>\r\n<td>&nbsp; Black</td>\r\n</tr>\r\n<tr>\r\n<td>&nbsp;&nbsp;Wearing Type</td>\r\n<td>&nbsp; In-ear</td>\r\n</tr>\r\n<tr>\r\n<td>&nbsp;&nbsp;Material</td>\r\n<td>&nbsp; ABS</td>\r\n</tr>\r\n<tr>\r\n<td>&nbsp;&nbsp;Net Weight (g)</td>\r\n<td>&nbsp; 35.4g</td>\r\n</tr>\r\n<tr>\r\n<td>&nbsp;&nbsp;Dimensions</td>\r\n<td>&nbsp; Charging box: 62&times;40&times;27.2mm<br />&nbsp; Earphone: 26.65&times;16.4&times;21.6mm</td>\r\n</tr>\r\n<tr>\r\n<td colspan=\"2\">Technical Parameters</td>\r\n</tr>\r\n<tr>\r\n<td>&nbsp; Microphone</td>\r\n<td>&nbsp; Yes</td>\r\n</tr>\r\n<tr>\r\n<td>&nbsp; bluetooth Version</td>\r\n<td>&nbsp; V5.0</td>\r\n</tr>\r\n<tr>\r\n<td>&nbsp; Transmission Distance</td>\r\n<td>&nbsp; 10m</td>\r\n</tr>\r\n<tr>\r\n<td>&nbsp; bluetooth protocol</td>\r\n<td>&nbsp; HFP/A2DP/ HSP/AVRCP</td>\r\n</tr>\r\n<tr>\r\n<td>&nbsp;&nbsp;Impedance</td>\r\n<td>&nbsp; 32&Omega;</td>\r\n</tr>\r\n<tr>\r\n<td>&nbsp;&nbsp;Frequency Response</td>\r\n<td>&nbsp; 20-20kHz</td>\r\n</tr>\r\n<tr>\r\n<td>&nbsp; Battery Capacity</td>\r\n<td>&nbsp; Charging box: 300mAh, 3.7V<br />&nbsp; Earphne: 40mAh, 3.7V</td>\r\n</tr>\r\n<tr>\r\n<td>&nbsp; Charging Time (h)</td>\r\n<td>&nbsp; 1.5-2h</td>\r\n</tr>\r\n<tr>\r\n<td>&nbsp; Working Time (h)</td>\r\n<td>&nbsp; 12h</td>\r\n</tr>\r\n<tr>\r\n<td>&nbsp; Standby Time (h)</td>\r\n<td>&nbsp; 150h</td>\r\n</tr>\r\n</tbody>\r\n</table>\r\n<p>Package&nbsp;&nbsp;Included:&nbsp;</p>\r\n<table style=\"width: 600px;\" border=\"1\" cellspacing=\"1\" cellpadding=\"1\">\r\n<tbody>\r\n<tr>\r\n<td style=\"width: 100px;\" rowspan=\"4\"><img style=\"height: auto;\" title=\"Xiaomi Redmi Airdots TWS bluetooth 5.0 Earphone DSP Noise Cancelling Auto Pairing Bilateral Call Stereo Headphone\" src=\"https://img.staticbg.com/images/oaupload/banggood/images/6E/9B/ad329491-5e6d-48f3-9bab-9a2090cb7c77.jpg\" alt=\"Xiaomi Redmi Airdots TWS bluetooth 5.0 Earphone DSP Noise Cancelling Auto Pairing Bilateral Call Stereo Headphone\" width=\"108\" height=\"88\" data-original=\"https://img.staticbg.com/images/oaupload/banggood/images/6E/9B/ad329491-5e6d-48f3-9bab-9a2090cb7c77.jpg\" /></td>\r\n<td>&nbsp;1*&nbsp;Xiaomi Redmi Airdots TWS bluetooth 5.0 Earphone with Charging Box</td>\r\n</tr>\r\n<tr>\r\n<td>&nbsp;2 pairs of eartips</td>\r\n</tr>\r\n<tr>\r\n<td>&nbsp;1* Manual</td>\r\n</tr>\r\n<tr>\r\n<td>&nbsp;Note: without charging cable</td>\r\n</tr>\r\n</tbody>\r\n</table>\r\n<p>&nbsp;</p>\r\n</body>\r\n</html>', 7, '5e82dfe1835b0.jpeg', '35.00', '48.00', 'DISPONIBLE', 150, 'xiaomi_redmi_airdots_tws_bluetooth', 0),
(9, 'BlitzWolf® BW-ES4 Dual Dynamic', 'Lorem ipsum dolor sit amet consectetur adipisicing elit. Nisi ea eaque neque dignissimos? Deserunt dolor rem reprehenderit excepturi ad qui?', '<!DOCTYPE html>\r\n<html>\r\n<head>\r\n</head>\r\n<body>\r\n<p>Features:</p>\r\n<div>1.&nbsp;Double Dynamic&nbsp;Drivers with&nbsp;Graphene&nbsp;Diaphragm&mdash;&mdash; High resolution, excellent low-frequency performance</div>\r\n<div>2.&nbsp;Magnetic Asorption&mdash;&mdash;Securely hang the earphones around your neck.</div>\r\n<div>3. Ergonomic Eesign&mdash;&mdash;&nbsp;Mini earbuds&nbsp;body design, more fit the auricle, wear more comfortable and safe.</div>\r\n<div>4.&nbsp;Durable Wire&mdash;&mdash;TPE material, wear-resistant and prevent knot. With&nbsp;wired control&nbsp;function.</div>\r\n<div>5.&nbsp;IPX5 Waterproof&nbsp;and Sweat-proof&mdash;&mdash;Rain or sweat can\'t keep you from your music.</div>\r\n<p>Specifications:</p>\r\n<table border=\"1\" width=\"600\" cellspacing=\"1\" cellpadding=\"1\">\r\n<tbody>\r\n<tr>\r\n<td colspan=\"2\">General Specification</td>\r\n</tr>\r\n<tr>\r\n<td style=\"width: 150px;\">&nbsp;&nbsp;Brand</td>\r\n<td>&nbsp;&nbsp;BlitzWolf&reg;&nbsp;</td>\r\n</tr>\r\n<tr>\r\n<td>&nbsp;&nbsp;Model</td>\r\n<td>&nbsp;&nbsp;BW-ES4&nbsp;</td>\r\n</tr>\r\n<tr>\r\n<td>&nbsp;&nbsp;Color</td>\r\n<td>&nbsp; Black</td>\r\n</tr>\r\n<tr>\r\n<td>&nbsp;&nbsp;Wearing Type</td>\r\n<td>&nbsp; In-ear</td>\r\n</tr>\r\n<tr>\r\n<td>&nbsp;Cable Length (m)</td>\r\n<td>&nbsp; 1.2m</td>\r\n</tr>\r\n<tr>\r\n<td>&nbsp;&nbsp;Net Weight (g)</td>\r\n<td>&nbsp; 15g</td>\r\n</tr>\r\n<tr>\r\n<td>&nbsp; Size</td>\r\n<td>&nbsp; 190*170*85mm</td>\r\n</tr>\r\n<tr>\r\n<td colspan=\"2\">Technical Parameters</td>\r\n</tr>\r\n<tr>\r\n<td>&nbsp; Microphone</td>\r\n<td>&nbsp; Yes</td>\r\n</tr>\r\n<tr>\r\n<td>&nbsp; Wired Control</td>\r\n<td>&nbsp; Support</td>\r\n</tr>\r\n<tr>\r\n<td>&nbsp; Plug Type</td>\r\n<td>&nbsp; 3.5mm</td>\r\n</tr>\r\n<tr>\r\n<td>&nbsp; Speaker Size</td>\r\n<td>&nbsp; 10mm</td>\r\n</tr>\r\n<tr>\r\n<td>&nbsp;&nbsp;Receive Sensitivity</td>\r\n<td>&nbsp; 103dB</td>\r\n</tr>\r\n<tr>\r\n<td>&nbsp;&nbsp;Impedance</td>\r\n<td>&nbsp; 32&Omega;</td>\r\n</tr>\r\n<tr>\r\n<td>&nbsp;&nbsp;Frequency Response</td>\r\n<td>&nbsp; 20-18kHz</td>\r\n</tr>\r\n<tr>\r\n<td>&nbsp; Waterproof</td>\r\n<td>&nbsp; IPX5</td>\r\n</tr>\r\n<tr>\r\n<td>&nbsp; Certification</td>\r\n<td>&nbsp; FCC, RoHS, CE</td>\r\n</tr>\r\n</tbody>\r\n</table>\r\n<p>Package&nbsp;&nbsp;Included:</p>\r\n<p>1*&nbsp;BlitzWolf&reg; BW-ES4 Dual Dynamic Drivers Graphene Earphone with Mic<br />3 pairs of Eartips(S/ M/ L)</p>\r\n</body>\r\n</html>', 7, '5e83514385f83.jpeg', '35.00', '52.00', 'DISPONIBLE', 150, 'blitzwolf_bw_es4_dual_dynamic', 0),
(10, 'Xiaomi Gaming Laptop 15.6', 'Lorem ipsum dolor sit amet consectetur, adipisicing elit. Ea deserunt quis consectetur voluptatem minus repudiandae? Deserunt rem quasi repellat in!', '<!DOCTYPE html>\r\n<html>\r\n<head>\r\n</head>\r\n<body>\r\n<p>Xiaomi Gaming Laptop 15.6 inch Intel Core&nbsp;i7-9750H&nbsp;NVIDIA GeForce RTX2060 144Hz 16GB GDDR4 RAM 512GB PCle SSD Notebook<br /><br />-How do you feel about Xiaomi gaming laptop with the latest and powerful RTX2060?&nbsp;<br /><br />The powerful&nbsp;Windows 10&nbsp;operating system makes you easy to deal with daily work. Powered by&nbsp;Intel Core i7-9750H&nbsp;Hexa Core&nbsp;processor,&nbsp;equipped with the popular&nbsp;NVIDIA&nbsp;GeForce RTX2060&nbsp;the more awesome performance can run some large office softwares, design and games.&nbsp;Dual band 2.4GHz / 5.0GHz WiFi&nbsp;supported, ensures you high-speed surfing. Adopted in&nbsp;15.6 inch&nbsp;144Hz FHD screen&nbsp;with&nbsp;72%NTSC&nbsp;and&nbsp;16GB GDDR4 RAM 512GB PCle SSD,&nbsp;that\'s the brand new Xiaomi gaming laptop for gaming players and you !<br /><br />Main Features:<br /><br />1. Windows 10 OS<br />Windows 10 brings back the popular Start Menu from Windows 7 and introduces new features, like the Edge Web browser that lets you mark up Website on your screen<br />2.&nbsp;Intel Core i7-9750H&nbsp;Hexa Core Eight Thread 2.6GHz,up to 4.5GHz<br />Ultra-low-voltage platform and hexa-core processing provide maximum high-efficiency power to go<br />3. NVIDIA&nbsp;GeForce RTX2060<br />On-processor graphics with shared video memory provide high image quality for Internet use, especially for gaming.&nbsp;<br />4. 15.6 inch FHD Screen with 1920 x 1080 Resolution<br />Boasts impressive color and clarity and IPS technology provides wide viewing angles<br />5. 16GB GDDR4 RAM for Advanced Multitasking<br />Substantial high-bandwidth RAM to smoothly run your game, photos and video-editing applications, as well as multiple programs and browser tabs all at once<br />6. 512GB PCle SSD Storage Capacity<br />Provides room to store pictures, videos, music and faster to run softwares.<br />7. Front Camera for Photos and Face-to-face Chat<br />1.0MP front camera lets you capture memorable moments or chat&nbsp;<br />8. Dual Band 2.4GHz / 5.0GHz WiFi<br />Allows you to connect to the Web while within range of an available wireless network<br />9. 144Hz 72% NTSC screen<br />Offer you an amazing vision while playing games or working.<br /><br />Package Includes:<br /><br />1.Laptop*1<br />2.User manual*1 (&nbsp;Include warranty services&nbsp;)&nbsp;<br />3.Charger*1<br />4.Charger Adapter*1</p>\r\n</body>\r\n</html>', 6, '5e835243dd061.jpeg', '1200.00', '1500.00', 'DISPONIBLE', 18, 'xiaomi_gaming_laptop_156', 2),
(11, 'BlitzWolf® BW-PCM1 11.6 Inch FHD 1080P', 'Lorem ipsum dolor sit amet consectetur, adipisicing elit. Ea deserunt quis consectetur voluptatem minus repudiandae? Deserunt rem quasi repellat in!', '<!DOCTYPE html>\r\n<html>\r\n<head>\r\n</head>\r\n<body>\r\n<div>Main Features:</div>\r\n<div>&nbsp;</div>\r\n<div>11.6-inch Portable Monitor with FHD 1080P Display</div>\r\n<div>Exquisite picture quality can show more real and accurate gorgeous colors, adapt to more scenes</div>\r\n<div>&nbsp;</div>\r\n<div>Ultra-thin Body</div>\r\n<div>Aircraft-grade Aluminum Alloy, improve the compressive strength</div>\r\n<div>&nbsp;</div>\r\n<div>Dual Stereo Sound and OSD Button</div>\r\n<div>&nbsp;</div>\r\n<div>Compatible with All Kinds of Game Consoles<br />\r\n<div><br />&nbsp;</div>\r\n</div>\r\n<table border=\"1\" cellspacing=\"0\" cellpadding=\"5\">\r\n<tbody>\r\n<tr>\r\n<td>Feature</td>\r\n<td>BW-PCM1</td>\r\n<td><a href=\"https://www.banggood.com/BlitzWolf-BW-PCM2-13_3-Inch-FHD-1080P-Type-C-Portable-Computer-Monitor-Gaming-Display-Screen-for-Smartphone-Tablet-Laptop-Game-Consoles-p-1595705.html?rmmds=category&amp;cur_warehouse=CN\">BW-PCM2</a></td>\r\n<td><a href=\"https://www.banggood.com/BlitzWolf-BW-PCM3-15_6-Inch-Touchable-FHD-1080P-Type-C-Portable-Computer-Monitor-Gaming-Display-Screen-for-Smartphone-Tablet-Laptop-Game-Consoles-p-1595706.html?rmmds=category&amp;cur_warehouse=CN\">BW-PCM3</a></td>\r\n<td><a href=\"https://www.banggood.com/BlitzWolf-BW-PCM4-15_6-Inch-UHD-4K-Type-C-Portable-Computer-Monitor-Gaming-Display-Screen-for-Smartphone-Tablet-Laptop-Game-Consoles-p-1595704.html?rmmds=category&amp;cur_warehouse=CN\">BW-PCM4</a></td>\r\n</tr>\r\n<tr>\r\n<td>Display Type</td>\r\n<td>11.6\'\'&nbsp;IPS</td>\r\n<td>13.3\'\'&nbsp;IPS</td>\r\n<td>15.6\'\'&nbsp;Touchable IPS</td>\r\n<td>15.6\'\'&nbsp;IPS</td>\r\n</tr>\r\n<tr>\r\n<td>Resolution</td>\r\n<td>1920*1080 FHD</td>\r\n<td>1920*1080 FHD</td>\r\n<td>1920*1080 FHD</td>\r\n<td>3840*2160 UHD</td>\r\n</tr>\r\n<tr>\r\n<td>Touch screen</td>\r\n<td>&times;</td>\r\n<td>&times;</td>\r\n<td>&radic;</td>\r\n<td>&times;</td>\r\n</tr>\r\n<tr>\r\n<td>Color gamut</td>\r\n<td>72% NTSC</td>\r\n<td>72% NTSC</td>\r\n<td>45% NTSC</td>\r\n<td>100% Adobe</td>\r\n</tr>\r\n<tr>\r\n<td>Refresh Frequency</td>\r\n<td>24-60Hz(Automatic)</td>\r\n<td>24-60Hz(Automatic)</td>\r\n<td>24-60Hz(Automatic)</td>\r\n<td>24-60Hz(Automatic)</td>\r\n</tr>\r\n<tr>\r\n<td>Brightness</td>\r\n<td>300cd/㎡</td>\r\n<td>300cd/㎡</td>\r\n<td>300cd/㎡</td>\r\n<td>300cd/㎡</td>\r\n</tr>\r\n<tr>\r\n<td>Reverse charging</td>\r\n<td>&times;</td>\r\n<td>&radic;</td>\r\n<td>&radic;</td>\r\n<td>&radic;</td>\r\n</tr>\r\n<tr>\r\n<td>USB-C Power Input</td>\r\n<td>DC 5V2A</td>\r\n<td>DC 5V3A</td>\r\n<td>DC 5V3A</td>\r\n<td>DC 5V3A</td>\r\n</tr>\r\n<tr>\r\n<td>Includes power adapter</td>\r\n<td>&radic;</td>\r\n<td>&radic;</td>\r\n<td>&radic;</td>\r\n<td>&radic;</td>\r\n</tr>\r\n<tr>\r\n<td>HD Multimedia Interface Signal Input</td>\r\n<td>Mini&nbsp;HD Multimedia Interface</td>\r\n<td>HD Multimedia Interface</td>\r\n<td>HD Multimedia Interface</td>\r\n<td>HD Multimedia Interface</td>\r\n</tr>\r\n<tr>\r\n<td>HDR</td>\r\n<td>&radic;</td>\r\n<td>&radic;</td>\r\n<td>&radic;</td>\r\n<td>&radic;</td>\r\n</tr>\r\n<tr>\r\n<td>Type-C full-feature<br />(power input and data transfer)</td>\r\n<td>&times;</td>\r\n<td>&radic;</td>\r\n<td>&radic;</td>\r\n<td>&radic;</td>\r\n</tr>\r\n<tr>\r\n<td>Type-C Version</td>\r\n<td>/</td>\r\n<td>3.1</td>\r\n<td>3.1</td>\r\n<td>3.1</td>\r\n</tr>\r\n<tr>\r\n<td>USB-A Port (connecting peripherals)</td>\r\n<td>&times;</td>\r\n<td>&radic;</td>\r\n<td>&radic;</td>\r\n<td>&radic;</td>\r\n</tr>\r\n<tr>\r\n<td>3.5mm audio output</td>\r\n<td>&radic;</td>\r\n<td>&radic;</td>\r\n<td>&radic;</td>\r\n<td>&radic;</td>\r\n</tr>\r\n<tr>\r\n<td>Infrared remote control</td>\r\n<td>&radic;(Not included CR2032 )</td>\r\n<td>&radic;(Not included CR2032 )</td>\r\n<td>&radic;(Not included CR2032)&nbsp;</td>\r\n<td>&radic;(Not included CR2032)&nbsp;</td>\r\n</tr>\r\n<tr>\r\n<td>Holster bracket</td>\r\n<td>&radic;</td>\r\n<td>&radic;</td>\r\n<td>&radic;</td>\r\n<td>&radic;</td>\r\n</tr>\r\n<tr>\r\n<td>Product Size</td>\r\n<td>267*171*10mm</td>\r\n<td>195.7*304*9.7-4.1mm</td>\r\n<td>355*224*9.5-5mm</td>\r\n<td>352*226*9.5-4.7mm</td>\r\n</tr>\r\n<tr>\r\n<td>Net weight</td>\r\n<td>460g</td>\r\n<td>560g</td>\r\n<td>740g</td>\r\n<td>750g</td>\r\n</tr>\r\n<tr>\r\n<td>Gross weight</td>\r\n<td>1300g</td>\r\n<td>1700g</td>\r\n<td>2000g</td>\r\n<td>2000g</td>\r\n</tr>\r\n</tbody>\r\n</table>\r\n<div>&nbsp;</div>\r\n</body>\r\n</html>', 6, '5e83531044682.jpeg', '320.00', '350.00', 'DISPONIBLE', 50, 'blitzwolf_bw_pcm1_116_inch_fhd_1080p', 0),
(12, 'ACER Gaming Predator Helios', 'Lorem ipsum dolor sit amet consectetur, adipisicing elit. Ea deserunt quis consectetur voluptatem minus repudiandae? Deserunt rem quasi repellat in!', '<!DOCTYPE html>\r\n<html>\r\n<head>\r\n</head>\r\n<body>\r\n<h2 data-toggle-accordion-panel=\"panel-features\"><span style=\"color: #236fa1;\">Caracter&iacute;sticas destacadas</span></h2>\r\n<div data-product-scroll=\"\">\r\n<div>\r\n<div>\r\n<div>\r\n<ul style=\"list-style-type: disc;\">\r\n<li>ACER Gaming Predator Helios 300 PH317-53-775M Core i7-9750H 16GB 1TB + 256SSD NVIDIA GeForce GTX 1660 Ti 6GB</li>\r\n<li>2.6 GHz Intel Core i7-9750H Six-Core</li>\r\n<li>16GB DDR4 - 256GB NVMe PCIe M.2 SSD</li>\r\n<li>17.3\" 1920 x 1080 144 Hz IPS Display</li>\r\n<li>NVIDIA GeForce GTX 1660 Ti (6GB GDDR6)</li>\r\n<li>Sistema Operativo: Endless OS</li>\r\n<li>Marca: Acer</li>\r\n<li>PN: NH.Q5PAL.003</li>\r\n</ul>\r\n</div>\r\n</div>\r\n</div>\r\n</div>\r\n</body>\r\n</html>', 6, '5e8353e109b24.jpeg', '2100.00', '2300.00', 'DISPONIBLE', 36, 'acer_gaming_predator_helios', 4),
(13, 'Televisor Samsung 49\" 4k UHD', 'Lorem ipsum dolor sit amet consectetur, adipisicing elit. Ea deserunt quis consectetur voluptatem minus repudiandae? Deserunt rem quasi repellat in!', '<!DOCTYPE html>\r\n<html>\r\n<head>\r\n</head>\r\n<body>\r\n<h2 data-toggle-accordion-panel=\"panel-features\"><span style=\"color: #3598db;\">Caracter&iacute;sticas destacadas</span></h2>\r\n<div data-product-scroll=\"\">\r\n<div>\r\n<div>\r\n<div>\r\n<ul style=\"list-style-type: disc;\">\r\n<li>Marca: Samsung</li>\r\n<li>Modelo: UN49NU7300GXPE</li>\r\n<li>Tipo: LED</li>\r\n<li>Resoluci&oacute;n: 4K Ultra HD</li>\r\n<li>Smart TV: S&iacute;</li>\r\n<li>Procesador: Quad Core</li>\r\n<li>Tama&ntilde;o de la pantalla: 49\"</li>\r\n<li>Potencia de los parlantes: 20 W</li>\r\n<li>Sintonizador digital</li>\r\n<li>Tasa de refresco: 120 Hz</li>\r\n<li>Color: negro</li>\r\n<li>Entradas USB: 2</li>\r\n<li>Entradas HDMI: 3</li>\r\n<li>Entradas RCA: 1</li>\r\n<li>Entrada Ethernet: S&iacute;</li>\r\n<li>Garant&iacute;a de 2 a&ntilde;os</li>\r\n</ul>\r\n</div>\r\n</div>\r\n</div>\r\n</div>\r\n</body>\r\n</html>', 10, '5e8354c274e83.jpeg', '360.00', '380.00', 'DISPONIBLE', 47, 'televisor_samsung_49_4k_uhd', 5),
(14, 'Caterpillar - Zapatos de Seguridad Passage', 'Lorem ipsum, dolor sit amet consectetur adipisicing elit. Aliquam nesciunt consectetur est rerum voluptas nihil ipsum quis a possimus quibusdam?', '<!DOCTYPE html>\r\n<html>\r\n<head>\r\n</head>\r\n<body>\r\n<h2 data-toggle-accordion-panel=\"panel-features\"><span style=\"color: #3598db;\">Caracter&iacute;sticas destacadas</span></h2>\r\n<div data-product-scroll=\"\">\r\n<div>\r\n<div>\r\n<div>\r\n<ul style=\"list-style-type: disc;\">\r\n<li>Vendido por TNM IMPORTS</li>\r\n<li>Punta de seguridad compuesta ASTM F2413-11 protege contra impactos o compresi&oacute;n.</li>\r\n<li>La protecci&oacute;n contra riesgos electricos ASTM F2413-05 I/75 EH est&aacute; clasificada para proteger contra circuitos abiertos de hasta 600 voltios en condiciones secas.</li>\r\n<li>La contruccion Strobel proporciona flexibilidad superior y durabilidad ligera.</li>\r\n<li>Tecnolog&iacute;a ERGO proporciona caracteristicas consideras biomecanicamete dise&ntilde;adas para integrar estabilidad, flexibilidad y comodidad.</li>\r\n<li>Forro de malla nylon para mayor traspirabilidad y comodidad.</li>\r\n<li>Protecci&oacute;n superior de textiles contra la abrasio y los riesgos en el lugar de trabajo.</li>\r\n<li>El forro de calcetines antimicrobianos ayuda a preveir el olor.</li>\r\n<li>La plantilla de espuma EASE esculpida es liger,a energizante y flexible para un confor diario.</li>\r\n<li>La suela exterior antideslizante reduce el riesgo de resbalones y caidas en superficies de baja traccion</li>\r\n<li>No metalica</li>\r\n</ul>\r\n</div>\r\n</div>\r\n</div>\r\n</div>\r\n</body>\r\n</html>', 8, '5e835595c2420.jpeg', '140.00', '160.00', 'DISPONIBLE', 118, 'caterpillar_zapatos_de_seguridad_passage', 3),
(15, 'BATIDO SALUDABLE SABOR COOKIES', 'Lorem ipsum, dolor sit amet consectetur adipisicing elit. Aliquam nesciunt consectetur est rerum voluptas nihil ipsum quis a possimus quibusdam?', '<!DOCTYPE html>\r\n<html>\r\n<head>\r\n</head>\r\n<body>\r\n<h2 data-toggle-accordion-panel=\"panel-features\"><span style=\"color: #3598db;\">Caracter&iacute;sticas destacadas</span></h2>\r\n<div data-product-scroll=\"\">\r\n<div>\r\n<div>\r\n<div>\r\n<ul style=\"list-style-type: disc;\">\r\n<li>\r\n<h4>Venta exclusiva para mayores de edad. Su uso es responsabilidad de quien lo consume.</h4>\r\n</li>\r\n</ul>\r\n<ul style=\"list-style-type: disc;\">\r\n<li>Prote&iacute;na de Suero de Leche, quinua, kiwicha, ra&iacute;z de maca, aceite de Sacha Inchi.</li>\r\n<li>Contiene Harina de algarrobo, clara de huevo, fibra dietaria, calcio, hierro.</li>\r\n<li>Vitaminas: A, B1, B2, B3, B6, B12, C, D y E.</li>\r\n<li>Reduce el colesterol.</li>\r\n<li>Mejora la piel y el cabello.</li>\r\n<li>Libera el estr&eacute;s diario.</li>\r\n<li>Provee buen mantenimiento muscular.</li>\r\n<li>Proporciona energ&iacute;a.</li>\r\n<li>Sabor cookies &amp; cream</li>\r\n</ul>\r\n</div>\r\n</div>\r\n</div>\r\n</div>\r\n</body>\r\n</html>', 11, '5e8356af364ce.jpeg', '35.00', '38.00', 'DISPONIBLE', 49, 'batido_saludable_sabor_cookies', 1),
(16, 'Otoño E Invierno Moda Simple Hembra Collares', 'Lorem ipsum, dolor sit amet consectetur adipisicing elit. Aliquam nesciunt consectetur est rerum voluptas nihil ipsum quis a possimus quibusdam?', '<!DOCTYPE html>\r\n<html>\r\n<head>\r\n</head>\r\n<body>\r\n<h2 data-toggle-accordion-panel=\"panel-features\">Caracter&iacute;sticas destacadas</h2>\r\n<div data-product-scroll=\"\">\r\n<div>\r\n<div>\r\n<div>\r\n<ul style=\"list-style-type: disc;\">\r\n<li>oto&ntilde;o e invierno moda simple hembra collares pistola color negro orejas rectas estilo f&aacute;cil acorde con su&eacute;ter collar Collares Collar de la joyeria de la salud &amp; Belleza</li>\r\n</ul>\r\n</div>\r\n</div>\r\n</div>\r\n</div>\r\n</body>\r\n</html>', 9, '5e83575a0cd8c.jpeg', '12.00', '15.00', 'DISPONIBLE', 299, 'otono_e_invierno_moda_simple_hembra_collares', 1);
INSERT INTO `producto` (`id`, `titulo`, `resena`, `contenido`, `idcategoria`, `poster`, `precio_ahora`, `precio_antes`, `estado`, `stock`, `slug`, `num_ventas`) VALUES
(18, 'TV Xiaomi 48\'\' NUEVO EDITADO', 'NUEVO EDITADO There are 2 version for Xiaomi MI TV 43 Inch Smart TV due to different dipatches. There are some appearance differences between them.', '<!DOCTYPE html>\r\n<html>\r\n<head>\r\n</head>\r\n<body>\r\n<p><span style=\"color: #e03e2d;\"><strong>Features:</strong></span></p>\r\n<div>CPU: Cortex A53 Quad Core 1.5GHz</div>\r\n<div>GPU: Mali-450 750MHz</div>\r\n<div>RAM: 1GB</div>\r\n<div>ROM: 8GB</div>\r\n<div>WIFI: Support</div>\r\n<div>bluetooth: Support<br />43 inches large display screen<br />\r\n<div>Support 4K HD HDR video display</div>\r\n<div>Support TV stand or hanged on the wall<br />Support&nbsp;DTS-&nbsp;HD audio decode<br />Support Xiaomi smart home devices controlled by the voice remote controller</div>\r\n</div>\r\n<p><strong><span style=\"color: #e03e2d;\">Note:</span></strong></p>\r\n<p>There are 2 version for Xiaomi MI TV 43 Inch Smart TV due to different dipatches. There are some appearance differences between them.</p>\r\n<p><strong><span style=\"color: #e03e2d;\">Capturas:</span></strong></p>\r\n<p><img src=\"data:image/jpeg;base64,/9j/4AAQSkZJRgABAQEASABIAAD/2wBDAAgGBgcGBQgHBwcJCQgKDBQNDAsLDBkSEw8UHRofHh0aHBwgJC4nICIsIxwcKDcpLDAxNDQ0Hyc5PTgyPC4zNDL/2wBDAQkJCQwLDBgNDRgyIRwhMjIyMjIyMjIyMjIyMjIyMjIyMjIyMjIyMjIyMjIyMjIyMjIyMjIyMjIyMjIyMjIyMjL/wgARCAMgAyADAREAAhEBAxEB/8QAGwABAAMBAQEBAAAAAAAAAAAAAAECAwQFBgf/xAAaAQEBAQEBAQEAAAAAAAAAAAAAAQIDBAUG/9oADAMBAAIQAxAAAAH78AAAAAAAAAAAAAAAAAAAAAAAAAAAAAAAAAAAAAAAAAAAAAAAAAAAAAAAAAAAAAAAAAAAAAAAAAAAAAAAAAAAAAAAAAAAAAAAAAAAAAAAAAAAAAAAAAAAAAAAAAAAAAAAAAAAAAAAAAAAAAAAAAAAAAAAAAAAAAAAAAAAAAAAAAAAAAAAAAAAAAAAAAAAAAAAAAAAAAAAAAAAAAAAAAAAAAAAAAAAAAAAAAAAAAAAAAAAAAAAAAAAAAAAAAAAAAAAAAAAAAAAAAAAAAAAAAAAAAAAAAAAAAAAAAAAAAAAAAAAAAAAAAAAAAAAAAAAAAAAAAAAAAAAAAAAAAAAAAAAAAAAAAAAAAAAAAAAAAAAAAAAAAAAAAAAAAAAAAAAAAAAAAAAAAAAAAAAAAAAAAAAAAAAAAAAAAAAAAAAAAAAAAAAAAAAAAAAAAAAAAAAAAAAAAAAAAAAAAAAAAAAAAAAAAAAAAAAAAAAAAAAAAAAAAAAAAAAAAAAAAAAAAAAAAAAAAAAAAAAAAAAAAAAAAAAAAAAAAAAAAAAAAAAAAAAAAAAAAAAAAAAAAAAAAAAAAAAAAAAAAAAAAAAAAAAAAAAAAAAAAAAAAAAAAAAAAAAAAAAAAAAAAAAAAAAAAAAAAAAAAAAAEGBzJyHGcx9WuwAAAAAAAAAAAAAAAAAAAAAAAAAAAAAAAAAAAAAAAAAKHOcycpxnIcZx1xnKUMwLmGv1/N7AAAAAAAAAAAAAAAAAAAAAAAAAAAAAAAAAAAAADI5jnTkOQ4zkrkOM5ihUhJ1FzOouZuZ1lczqLkZ+X2fr3Pr1AAAAAAAAAAAAAAAAAAAAAAAAAAAAAAAAAxOZOY5a445K5DjOQxKFCLJuZ1lYuZ1lZOsrmbAAAAAMvL7P2Dn16AAAAAAAAAAAAAAAAAAAAAAAAAAAADI5kwOQ5K4zjOQ4zIoUIsayuZuWszY1mblqEAABJUAACQApCYeX2/sXPrsAAAAAAAAAAAAAAAAAAAAAAADIwTnOY464zkOM5TnKFBZNWsWRrEazNzGsrmLkCSQCQAgBQWSEloIlSyoJW5IOfy+v9j59dQAAAAAAAAAAAAAAAAAADM50xOQ5DkrjOU4zEoZJGpNy1lctZmy11axZDNbmEEBCggkAmkKAAkLMoEqllRKoLLUMrmElYs5PL6v2Xn0uAAAAAAAAAAAAAADMxMU5TkOOuQ5DkMDMzsrrK5nWVysnWGouVgAAAAAAkgkAgkglCklQBKhLaaLIUEgkKIZUiWpmpOHzd/2XG7AAAAAAAAAAGJiZJzHKcpyVynGYFDGyLJ1Fk2NYak2NZi4hISQRYBIlWAAAsxLUzUXMJKzLFkMlBJWLISRKJCysIWZZVKJWElS2mhJM1aWZZamIs8vjv8AZsUAAAAADmOYxOdOY5jmrlOYzMyotmyusxrLWYstU2CVhFgEEXNWK3CwQSACQCVEyxUyyszUqUkIUhIuSiZYshISQszUghABLVs7vNzLab0zuZq2dSsyiKhmusZb501jzPP0/Z8aAAAHyic1c5ynOQCltpdJvXO9c61z0nTPpinTNbnPXLHXKupVIsEgSiusQgEWQhK3MIslQQAC01KlRKgSoSgCEWQkWFmCgqCiZRaa1z0vneuet86tnRZIsEFbIuaXNLmtxTWK2RYs87zdf2XGgAAB+Z2TuWulWbvN2W+N2lvjWvPds6vnWfTHL34ZdMRZS86axS4ECwVQVua3IAEhQAStzXWRaWZZCgAAFIlAACyAAqC2zvXHXbHbTOrTUyiLFQioIua3NNYpcVuaoqAAkaxFz5/k9H7HjYAAA/M7NOmr61AsmbtLtz6bct68+ls6mXLpz5+/KupTWK2RZVmuucIIFlbmlxWyLCAoIQFlZllYQAkWEgLIABBKgIVCASsxfPXXHXTPTTn0vNoz3zz3iLmLAIISLmtzXWIIlkAKRcxZFyPP8np/YcaAAAH5pZfo03uZq+d3mtMa0xq2dac9zLj154duddZhIsis9c4SEiyErrFLzprFNYISLCgEEqESpTKoQzFkIAJUsy2mjUyzNJVTFpqVtndpu83Morc1uaXFblchNCVhIsJFhCgCZSkIoTCvM8nf9fzoAAAfm1mm9dF76Z1bNvKltm3xqTPeabzTUrZFkrS4z3hFNc8enClzW889c6a4xYCFkhAAAJCggErMpbTSalZlBChZCTLKlkQqCZZ59Z3iZu2d2aFWVlUi5JFTBRKgIUCSAkJJ5fl9X69jQAAA/NrOp26naKJTWb53ty2KbzWzPeM94mWZc98oLzpnrhTXPHeKa50vPLfnIQAABQAkEEwWZZUsyqQsgJFkyxYQtpotpq2dzNTNWWZqfJ63yPq+Z7PHtvnf2+Xftwi5AEiLNpRICRYAUgEEyl8vy9v1zOgAAB+b2dGunXe2es01i2d6Z1bNGe8Y9OItNWm751pztNsOnGSEprnh0456456511il5EEgAAAEqAJVEWEIAWVLpnrpjrabmUTKatndpaJW5r8z6Pl8t6Y6ed7vFPTHoduHf15ASskzUqES1IAICCABYJPI8vX9bzoAAAfnFl+jo6atnW+Ot8alc945+nHPXPTO9sdpWms2lRnrFprXO8d84THfDl7eTPfOmuUOcWAAASJqzRBaapcLJVAmatN6Z6Wm756aZ6Wm4SlxXWLTQrc11iCrOHy/qTXm8ett52Xx+/ntZ6PXG2+fo9eSBM1ZZmrTdpoSAGYsAhAsCFeL5e36zmgAAD85s3107ddYK6zDNbJi+d2atnVdZrZfOplizHpxi5pcWl0x1w68Isx1yy6cMOnli4AtNFhklpsSomaiwlprbn6VzbO7TdpqZq0tpq00XLfGmueeuWeucWTNJVT5fV5/yvrcvv8AFvm+pjfn9J5znrUFd4+i9PnRJaatNSomyCZYSLCAEBRIWV8Lydf1iUAAAfndm2t+hetWa6zTWYoumN6Z3WwSZ6xXWISVmWCy3zbTXN14c3Xyc3bx5a5Xz01x2laaxMsyqrecWRcwyNM9t+fo35+klbnTHTo5d5WYx6cObt5sOvnz1zhkpbTUzUJKi3j9nH8f7Xm/U+d6db/O9vierzcHXlMulnrduXr9+EyyATKCoKSUVMKJMoEtCT5/yd/1eUAAAfnllO/G/p80tb8++/P0XzqLitXm7Z1ZUXzqmpTWSFvLpjdLjm7cOL0fPz1z0x00z2krcxcxc5a4U1iGbTVmr56bY79HL1a462m6XnXWJkx6ccOnCmuUXMWTKAWZoqVYJlNZfL+rv8L7Xgfb+P6PXn50ebrNI6axNq9ztx31nbWd0SiQSAkgAkKJllRB8/5e/wCqygAAD89sp347+jjaakg0z16OXfo49tMaruCCukxIBTWcOnDl7eOus3m0KrcUvPPXOtxKzLpnrrjtrjtvz7a46xWe+OO+GPTjlvlDIEgKWRKCppNBcrksmXwPvR8/3/Ofa+Rn3488aLnlWuvU0IB6e8aWepvltSAqYAEgLJMoKVL875+n6nKAAAPz6yvfj0+jjM1ebvne/Lv1cO9+ehTpmm5nrBdM6Jj05Zb45dOeWuKwQzFlbiElbTeuOu3PvrjrMsXGeuePXjnrlW5AkAKCS1EFmaNILOdBZGsLiTL5/wBDH4X3vK9vi8X6Hz995vW2dc0c8bUs0raXGXevc6cfV6c5IgSAokSyFmWZpNTnc538xnj+pKAAAPz9I78+v0crZ1fO9c9N+XfTnuYVCRqVsrZTeMt8cunHLfGtwCFGuOm/Ptrz7Xz0rrGW+WXTllvlDMVIEoEgkKhYlBqSCZYUJRNi4Ax+H9zj8HurvHzf2vkVsqdtYnPi9Fa6ljvXjTlzrvr0uvH2rABMpZlEy2lmVLaWZuZUfJa4fqUoAAA+ASO2PQ7YtLfO9ufW+dTFs6iym8V1Mt4z3yprFLiLiLLZ1pnememmd3zqtzlvnnvnTXOAASQSAASoQUSQiplKEpQSOPbzfgfe8r7fxvqPV5c/m/Q875X1eTv5/J+j4ebpz695xzq8udiKr02dWp7mp52b5fHpbSdY+i1PTlSlSysy2SwhagFIPlHL9RlAAAHwKOufT64vNbc+t8bSrIua6mW+ee+YBJllZBW5prFbityBKiSCQAAJVkygAASoCaAEiXH4n2fmzL1+T0OXXv8AlfS4PRx4/R5/K+h44s6emLS8mNWTWspdrKWdGpGbGd8km1fUN+pNpqYsgklBEsLEsk2WZmz5O8f1CUAAAfApfpPY0159ZzqNZprMazW5iwLITPWK6xFiWbKpIAJCiQBAAEqIBIBIlEhUohQEpfO/O/f8jv57ery+fvPreT18/blwdOWXo43sy1nWa5satrOxzx1W43OmpTNrnXOdJ9Rnt6eOt2b2EAiWFLZmyWSbIWE+TvH9PUAAAfBJrq+1dCtgWV1imsU1zprMWACYlRIESoAEgAKgAoAmAUAswBClEEmXk9XnfB+35P1PlX78vH6Y9Go4dvF9Pm9GstTt3zzx083NvZucsvo6nEnqannZumdSvKz6lv2fH0SkLBCwSEkEpctZchPj9cf06UAAAfBppuexuQRrNNYprEWASILIBIEsqgqVZJAJECVhAWQImhMsEkCVSCyAQF4PlfS5fmfQ8P7HyeTty8/pz79WfL3830+f3dzyo9TryjHXkzOVeiufLVVz6fTPm41eXomuO59fO/rufaqwQsAklLptc7JKSDM+NvL9MUAAAfCJPTHrdeaytgAkkAEgmUqCoKJBIAJEKQUATKICiFCUFCWCVEHF8z6HL8v3fO/X+X53s8uGs+rXl4t9T1N58rN9brjPOuDNkFovXLHtdM82b6FtU8vN9XHT6jn3UJLSSSXs1TRmSYgkzPjd8f0tQAAB8KkdMex34gTKBKhEgKJgqWQSACRKAWIKEomWCVEKAJlEAAiWFhYXm+d7OT5ft+e+18nx/Z5qpeyksnXvOUvdqeZi0O+uGL0i1eh0x5vPf05avnj3OfX6THWS5ZLRdLxcIAWyDA+P6cP0lQAAB8MkdMe115lEwCyCYBRIlkCWQFRKznQrYlkLMskwIsWQACQCAoRC1mqygcXy/dx+D1/O/Y+X43u8mZKb0WxCel0z5XLeJ27zhnRJJNNSp78tbPEX7Ll29rO9JLxJaBISSSSAVXlt+U6eb9HUAAAfDJG8+50zIBMFkAkSiRLIVBqYEkyiRKAsgEChESQoQUQILBCwCYmkeV4vX5fh9nifT+Z5vs8uYTpt9PefKxqidmnlc6PWrurPGvPs5bFlzettTnzew/RfP6dIulksSAAQQsFZeavlOvm/RlAAAHw6Rqe9uCSQCVQBMpZEokKiQATLaBFQQQAWsEwCiYAhagESgRELFfM+D3Z7x879D5/ani2Ws9jU6q8rOs01ryueu2t7MTps55eDF9TpmmdYppQ6NT7Hh1+g5bkkAAhQKywo57Pk+3m/RFAAAHxCV1PodBIVEhRMoCWSQCYBZAQQqCwCCAWJSwJAICwCAJRBEsHJnXzPzvf5nfz+X9L5/bvPl89j2N593efNPE567NPG5ak11NazisaV7Op9BnfyesenXonzcv1nLf1fHoAWIELCxEKJsk5bn5Xt5/0NQAAB8SldPo7UFAmUCQTAEhQiQSAACQQCACxBEokAhYBChAAwzr4Ly+q3Lpzeny8vu8WFkEy+juNZyTkxu5x41llrqb6kKgehudu8YRfHTjidZ+v4d/ouHaAoQJslJqUEg5Ln5btw/QVAAAHxSZ2/SNSCYKJECQSCSSQkqACFAmApAEBaqIIIlAgAKJAOXGvkfmfQ2xvzPZ4/J+n861lK7dZ5MazNt5zzqY5s2kslrNtTLNpLrqde8928+Zz3jm9mp9t5vR73LrBJNlkWSCQADzdz5/p5/v1AAAHxSZ2/T52UBLICSSSkqLCUk2AQCQAAAsRBCgQACAoEiIJAPm+XXxfB7dJrzfZ4vP8Ao+H0+nPhltLx5uOb0bgrGculY5DSspYgdfTPVrOEvHz1tX6V5/R62NSk1AABlZy6cenLrPLp5u8+jy5/fKAAAPi0xX6rPUJQAJJQSCc2RSwkgAAAEAkgKJQACQAABLBCo+Y83q4fn+6Y4PV5vA+x8nv6Y5zaXz8awzb2dO84Z1BYVEDLN0rayLO/pnzOepl+nxv77h1qvDqedt5+84a5yvNqcWplYQDRcmPo/Pv7xQAAB8YmDX1PPrNCSUEkkpNIACkAAAAFAAlAAAAAlgAKIiQnyHk9vnebvnrPZx7fK/f+FTWerU+h+f7uXxe3m68vL9vjy9PmpLBYFY5s2SyzZpZpVQe7qabnNWZIBIs1xpEazrnemd68+vPcexOX3agAAD41OdfrMdQJJJSRRAWQiUCQAACQAQAAAIABSAFiBJBB8v4/b85nXVx67V8l9j49d57NT3Pm/ReT13y8n2eXyPd4Nd5xluUjOJUkLRJOvU9TTy8vQ9HDXpm2dXmtMbZ1VdOeojeWOnK3TGus66ljDN7fL2+5UAAAfHpyL9dz7LJJQSAQolBJIJSSAcPTMm2bpm2VFrAAgTQRKKEESwoiCiCSDPTwPN6PI8Pri48z63z59PDz4xj3Pn/Qv4/Xw9+OXTn5Xu8NEHZXXjpz8unN6vLbzejKzDpzk9Tpn1q8rFtXqVpZO+ems31m9kSjJczNK1SIxvK5+i8vf7hQAAB8gnIv13PtKCaAIALEgAgzs8X0cvA9XLn3nfFw3Btm+rw36nHdjLU1jDUvHPuVNIue15O+G5jqQI6cb2xoZWYVlXHqcfDt835u+bVO/n8b1+XbWemajWerw+7p8nrtBeH7PxvMy9Trnu0c96VEvL5+3ncenm+jyzZrW9Zy9Osez25X3nGWtQiyAVlrLVImhJMfTebt9soAAA+RTiX7Hn1gkVy7z5fbncx1KEnTlpmqgw1PO68/N7ZrZaBBSpIAJJCSTVoiyEVeIogkcum/l9OGd+bqRYFm3y/fv5O9NTwPqfMrvPsdMcud8snq8+9PB7dsby68PP8AoeDnjbTTOuTLWxrO8c+OlYz1KJvNUSS28+r6vMsqUzqJdNTZLZ26c5CWssYY39L5PR9ooAAA+TTw+mY9mK16fHXH0xz7mstCtWgUrOyU0ilsEkwqYEChCASSliQCUVWWvPpnjdMayzrNIuQsmLEnZ8P7DLxPd4uX08KppqRnU6z9NvD4X3MNTDrx8/1+Tv49eT0efM4tSqATUkGllxqXrbpy6t86zQLpZaXOWc2miyM2Goiub9jyv2agAAD5RPn+mcfdzsFshLy0qYrUEFUFi6wSSkEECgQSEklLLEVljG8ufTKM860xujNa0hrNmb6xubaztWPDr5/yvrZ75eZ7fHaW8WWqdS6cu1vN6Obpz5uvKpnvFNYWRuXL1eypWIJNNS9l7LazarEEjOoliI1BBAJIzfs+V+yUAAAfKp890zl7uYuQAACCoQSTUwogAhARRJ59J57rjeWN159Jubb56XGtzvZfWNNQUjJay4y4mdtM18f62Rqnj+3xZlLKlqtL1cuvbw9F83y/V5fY8fs8r1+Tt4d+btw5fRw21NdS+pey1lqBIWIggiWSFmIpCgQSLIzfs+G/sFAAAHyyfPdM4e7mBJJIBWyZSKJBICEIAza51bG5l0zdY0ub6xprF7MzGXDO8pcVpZkk6zayxBVc4qXxrj+X9S8trPJ9Xl6pa1eMiDaa6efS1mXbjerbxfUvrKwogAiIABBABvw6s2nPbNnNz6Z01I9Xm078Juac9/XeP1/XKAAAPl0+d6Tn93GRRBISQBJKRVc1NWjUtF4tGhe5tZSXKXOa583FeeXKlzfWdLm+sX1mbIlrNWlvnWp1E8enL5fVnm+fbzY3S5nUy6c9N5azpZetNTTWZIWAgKISSAJUpVzBaWtkXN8a6vD6tvL3rqU3nj9HPPeNbLbzPXlp15aazOsZ8+n1Hh9v1oAAAPmE+b6Zx93mBSSRKmtZLRqXl0NJL1CYzWMuEuEuEuEuUs2X1m+s63Oms66zprM2wQQs1oelyui6ReLFipyc+nBjeWphrPBjpbeZuYqICywoTECkQFglComyaXNrlcWuaZ11Dh6J83or25Z9uVenLXeJubXMk3NzXOtWtM64OXX6Dx+36sAAAHzKfN7zPs8+karpFoqUXGXGXKXGXGXFaRNWubWXrTWb6mlltS2gioWaEpY3i0mkb5bZWl5znMTmOcyIUSk0SbFiUoCVLCGiaceu3m7UzvP0ccuuJlb56bxpvjOsWvNZZIJsiDVyEld5obZ1Yvz7cnPr2cur5X1Nfr/K5PP6OGz6RPqgAAAfNJ83qV78sVxlxXGFTc2q9TV7L2W1L1cmlorUAUIJTRN4vJtlnFpMDE50yBVbFrAskgskgzWsVEsTQFrLY1bzemzVbK4tevOxPXjp05W3yXK5rcwFQK51nnpM17tnXnfZnd5c7OPOuHx+ri3nPj28wvm9endN+LefD05/pFn1AAAAPm0+Y3OH1cballtVqkm2SFhIIsFqtEVFTCyS8Uq0hNMoznMySoJIWpJFl0VaJskzXOKlViCompSbnTWbWTnV+Poty7V6YdOU9OFLjNKswqJsrLJTO8sbrneOOtjPHWkvVZ9nvnfO+bn05+W/P5dac7k3z2dPTF7ObK/XES03nLU+5zPqAAAAfNp8zuc/v4ytgskoBAIqLLpvF4kFLMkqRGbMxKVMyEutSyTVgVS9lFiKkLUqIUS9hNrNJq2OkazVM7ihUpEEEpNmlznncS551hy7YY6Z53WWx0ax1aZZvpce1+fTl1OhL1y5uud9HLreXmjWTy/Rx7cdPOua6xr1zxpez9Ck+oAAAB84nzG5h7+UlllJLoIL1JvJrl0Zu2WdnFrGFnNZWzMBINYtWsSqytlpZTOsFrc1mqRNkS2J5dZ57jl0x4d6757bE5+Ham5b2+GNZWSl9S1xpcXsrLljphz7Uxvfn15saiufN0tnGvS59L8+nPvn6ZbecK83F6OmdkvVs66jfh6vL464PT5s95xT1eXW9vB24zqU68b6x915+304AAAPnU+X3Mvfyk3TRILVeLx0Yu+V4zs47nh1mms2lrZmbGpU0mrlLnC5zsgypCqRJJHPd/N6MuPZm6Z1Xl05+kzpuR157S4deMazFxrvN9ZvcX1m3PrnZWTHHWmdZ5tcdPU8fq9SdMLnG55cprt2iXqx15uOuXWe7h0y6uT0ebze3LTpjr1i3fhON5eX1YcunJ059udc3Xl0dcbLnvltUWSZc9/ceft9OAAAD51PmNzf38Ns31OTXNrVa2yxs59Z4dZ4t56M3RefWaJas4rZMuFkWVITVLmsus10S7zUwzvg49fP83onx+rm68+L1+eN89uvOdZ1lb5t5tcWrRNbnaXSaz5d9fJ7HD0eR38/J28+2s0NdY6fJ7Ozn2nNjpjHFnU6Nzm5i9+d7568u+Pnc9abzy9ueMNTX0eXq9HlpNZY683Poudd4kuTZFzKWWbmxhz6fa+P2fTqAAAPnk+Z1Pqu3O5eWE5tTh3jk1mlnNqTGVnNZK5RWyS1kJpLtczLmu3Lrbh3wMNLS5y89lOPXGtS28T24W7cLWXudUtZddJdM3omuqaJzWdWd2PN8fuz8/pdeXB05Y9OVdZ7ufS2OkcenIaZvdqacuuOs46zz+ng7cr8+kyxNVyzKbw3m9k2QLmLmbmbFxapS+sTc2S1Vx0x59MOXX7nz+n6dQAAB88nzFn0np48Gscup5m8Y2CksEWJb2QmpssJSa0zqud5S80ucuvPrbl159ZqW3ziVYuY1i1abxPTjNm1zudUo7M60amWllooCmdc+OnJLfj2rx61x05NZx7c+iWI7tTklv25XxvXzejl7cebpitldc9enMlJoXstZYrE2RZDKrXNltcxFMbiWMazz0z59KZ3AB+hR9OoAAA+fT5PU4fd4s1slFgtc3sJpnXR5fVy9+Vue+fl2ntxuuPLtBrrO3l9EJXTn3jLeNc6nUdOVtc9+nKN84sk1N47ZrSWF4rm1jO68u+W+VcbrnWedX8vqc+vj7511nTpjM0l268r9eNJZsvqVlsk1KLJIlEWX1zlbWXSVi4WRLXOq41njrXG6Y3TPSJQIOo9CPQPQPRX0DtJAAAB4CfI6nj+vyTV7IL3O81r4/bTO7c+nF15btRy3SybK+jhRPQ8Hu595p25Z9OVOnK+sej381bKSxKl31m0vRW8vo53rLhZzaxkmc1Xh6fP83r0wnOs9Tmy5dzm1jr9HHSMtc9e3CItZRYiFshRKTRNdc7VNkoVLnjaWM6pjpTG6Y6VzsCCCCgPRj9DX0jYAAAAAAA8FPj9Tn9vi6JrpmuPN9nHXyfF7vO6crmAs01mms9XHtXvxjpx368MsdNt4rc25dfX3joXjl8/n04eHfLO4lyT0e3Ho1nrTml486t6/FK4TektsdubOtSGKy5XM9uBZRZTO1zEt9ZJfWdLkX1i9zMola43TG646RndMdKY6VlAggkyMyCC57B60fIEV7599HpKAAAAAAB4SfIWfU+jjzanBZknm+f08a3XDF1zuvp8ufPrbnu3Losv05dvXm68vN5duPn0k9CM6ouPLW3PfJ0x1Z111vm8UvPvHVnWXbk78Pse/n5pr5fO5uLb52m6cu3Ll0ejzQShZSbm9lrnXWLazczx0z59cuXa0tcdIxuJoQQSdh3nfHed56C/K2eAax2nrHrnpLIOU+CT5aus+yj7FbAAAAAAHhp8ZZy+rjfHSOfTHlvXh2wSms56jUvZquvHplFdZpqV1mM3l64ZvbjdSidEs41n2xcpG2NdHk9nmenzcnXjr1569Oevfy9O8Y8vRjm31mFXE2WubXN9Z01iyJWOkZ3GNsdK46VxuFggGx3HfHed53L3lgAAAAAAADxz89s809k+/j1FAAAAAHiJ8VXjzp2Z3wZbYuNTvNZOTpjs49tTm68tee9K6fP0w6Z7ue+fpnXlcdzj9HKdSMXt9PHmzrNJ1m9TnU8umHTlpvOnTjpvnfWBnKLXM2aXNOfWc6nO5zuMb9/G/NmuAEA3PUO6O87jvXpAAAAAAAAAAAAIPlk+Eqp9ofYy2AAAAB4ifE14+enXjeXPWGs0qiWOfeKndy6zcyU3NJbc9cvTHTz3eyTk9HKu8aF7Km3XjrU65yrWM4m501zrnpKbJGOkY6MbrjqzSgCDc5TEqdJ3R9qvtgAAAAAAAAAAAAAAAxPiU+Rr1j9Aj1FAAAA8VPiK8fn2hIlmIs5rNLLc98fXn0Z0rC51zrp57k5e3OprZpqbaz09vPr1431zqmms5y0x00mphjpGN2zvPHRLAB0Gp5hUoWO6O49E9A9FfQNQAAAAAAAAAAAAAAAAADgPk086vs49lQAAB4qfD15OOlM3SXoxrFeiyubhrPJ0xNdBhqTm9OpJzVMabzlm5nR04+t24dRxef0QM6KBBY7DtjuO47l7jUHjFD0TrAAAAAAAAAAAAAAAAAAAAAAAAAAAB4yfD187nXXx7cXblsVltl2aaVhrOYLbzlL29eVOe88a0LpqaEkAG53HbHadx2r2EgAAAAAAAAAAAAAAAAAAAAAAAAAAAAAAAAHjJ8NXzeNd3Lry9ecanRNehLhm11nqObWZs3S5oQCCx1nbHcdp2r3GwAAAAAAAAAAAAAAAAAAAAAAAAAAAAAAAAAAAAPHT4SvJ49raz2Z1XWNtSNSySCQbHadp2R2navYWAAAAAAAAAAAAAAAAAAAAAAAAAAAAAAAAAAAAAAAB46fB1BAIAMzE9s+yl7TcAAAAAAAAAAAAAAAAAAAAAAAAAAAAAAAAAAAAAAAAAAA81PjK6TrjsO08E+Er1DyT1D9dlsAAAAAAAAAAAAAAAAAAAAAAAAAAAAAAAAAAAAAAAAAAAAAAAeYemfl6eZZ97L9MoAAAAAAAAAAAAAAAAAAAAAAAAAAAAAAAAAAAAAAAAAAAAAAAHkn5ZZ7h+mygAAAAAAAAAAAAAAAAAAAAAAAAAAAAAAAAAAAAAAAAAAAAAAAD84TxK/SI9pQAAAAAAAAAAAAAAAAAAAAAAAAAAAAAAAAAAAAAAAAAAAAAAAPPPyiz6Y/QZQAAAAAAAAAAAAAAAAAAAAAAAAAAAAAAAAAAAAAAAAAAAAAAAB+fp87Z+qy9qgAAAAAAAAAAAAAAAAAAAAAAAAAAAAAAAAAAAAAAAAAAAAAAAcp+ZWfRH2soAAAAAAAAAAAAAAAAAAAAAAAAAAAAAAAAAAAAAAAAAAAAAAAAocR6AAAAAAAAAAAAAAAAAAAAAAAAAAAAAAAAAAAAAAAAAAAAAAAAAAAAAAAAAAAAAAAAAAAAAAAAAAAAAAAAAAAAAAAAAAAAAAAAAAAAAAAAAAAAAAAAAAAAAAAAAAAAAAAAAAAAAAAAAAAAAAAAAAAAAAAAAAAAAAAAAAAAAAAAAAAAAAAAAAAAAAAAAAAAAAAAAAAAAAAAAAAAAAAAAAAAAAAAAAAAAAAAAAAAAAAAAAAAAAAAAAAAAAAAAAAAAAAAAAAAAAAAAAAAAAAAAAAAAAAAAAAAAAAAAAAAAAAAAAAAAAAAAAAAAAAAAAAAAAAAAAAAAAAAAAAAAAAAAAAAAAAAAAAAAAAAAAAAAAAAAAAAAAAAAAAAAAAAAAAAAAAAAAAAAAAAAAAAAAAAAAAAAAAAAAAAAAAAAAAAAAAAAAAAAAAAAAAAAAAAAP/EADQQAAEEAQMCBQMDBAMAAwEAAAEAAgMREgQFExAhFCAiMDE0NUAjMjMVQVBgBiRCJUOQoP/aAAgBAQABBQL/APkK+EdRC1HX6Vqdu2lCdvcAX9faon8sP+qFzWo6qBqO46UJ276ZqdvkQTt9Kdvc5Tt21Tk7XahyMz3LN3Wumk+j/wBLMsbUdZp2o7lpgnbxAE7e2p2+PTt51BTt01Lk7WTOXK9ZuXfpSpUsVSpV5HfOm+l/0IzRtR1unajuenCdu8QTt7CO9SJ28TlO3HUOTtVI5cr1m5X0pUqVKlXvO+YPp/8AMmWNqOs07Udx04Tt2hCdvITt6enbvOU7cZnJ2pkcuZ6zeVZ60qVKvyHfMP8AB/kDIxqOrgCO4acJ26xBO3loR3pydu8pTtyncjq5CjM8rkerJVLErArFUF2Xb8qlXld8x/xf4cyMajqoAjroE7dIWp28MTt6KdvEpTtzmKdq5XLnkRlkK7+SlXSl2Vq/yaVe4/8Acz9n5xexqOphCOthCducITt3YEd5Tt3kTtzmKdrJXLxEi5ZCiSf8xSf+9v7fxXSxtR1UAR1sKduUQR3ZiO8J27yJ25zFO1srl4iVGWQruVSxWKxVKlSr8WlSr3q9uulKlisVisFiqUn8nunUQtR1+lCO5QI7qxHdiju0qO5zFHXSlHUOK55EZJCqcVxuXG5YLFYqlSpUq/ErpXSlSr2KVeSulexSxK4yuMriK4lxrALFUq62sujv5PYk3V/Mdy1RTtbqSjPI5Egq1k5U4ricuBy8KhpWrw0a4GLjAVDofJSr26VdaVeSlSpV+HXkpUsVguNcS4wsQqHmtZLJZLJX5D/N7DvuCpYqgqCpAdB5C5E9KVKulKlSr3KVdKVKlSpV+NSpBiDEI1gF2HS+tq1atWrV+z/9/sP+4DygIAoNWKro53k7+alX+GpUgwriXEgwKgsgEXrNZK1atZLJWrV+4PqfYk+4hUqVKigrV9Xde6o+fJWrVq1fltWrVq1atWrVq1atWrV+eulKlSpUq6ZBZhcizKyPmr8Jv1nsS/cmBV0rrjaxrqQu3kPSuh6k/iUqVKvNfS1atWrWSyWR6/2VFYlYqguytX7Fe2z632J/ucItY9MqVoWV8LILJZhF679LV9PjqVRVf4ClSpYrFYLBYrBUxoPqbyuzE4cIpA4X56VKlXuUovr/AGNR90hNLJHoOlLsiVfSisViuML46YqkUe6wKofl0gwrjWAVBdutdCQFa5Iwpr5dI23D1TyEVpf4/JXs0q9mD7h7Gp+6R/PdYEoMCoKwEXhOf0DSsCqVjp6liUG9zSJCDck70o91XvUq8tLFcZQhXGuNCNYgdaWKoBZNWSs9J/py5rGy4F8s3IwNETC+lw5FlxCKa3+SlSpUqVKvPSpUq6QfcvY1X3WALsslkV6liVxrFo6d0ViqrpaJV9A20cWL+Q4gKkR5a8lKlSrrSDVx9uNYgeSli5YFY0jis2hF6vyilqy0uZdiIyDQcLRKHPnfRcH9pXlxgP61KlSr8PTfc/Y1X3aAWsAv0wuVoXKsyrKDFSpdlksivUViVgqaOlOQiWACKc5HuqQYSuNdgjZXGsWhdlatX0ooMJQiWFIqrQicVwLjYFcTU7UBOnci9xRvpSpV5QO+oDQxmcgtoZqZOJksjHRER3k/J37Iak92lSry0q6aT7n7Gr+7tJC7lYoRoMC/TC5WhZkoBxWKpYrsEbVFYqupcAnSJxJWJKEaxaOlLsslZ64rFcaEaEa41isQrjC5wEZ3FZuVnpXSlSry0qVJx7gBsL5qlyErJWNCc3JMfg6V1nvIxnJGvEtCfqGRqN7ZBSpUq9quleTR/dPY1n3hi7LJW5YkoRFCIINpUsVXkpUqXwnORJWKodeyy60sVghGhEhCsAFkwIzNRmKL3HyV0pUqVdKVKuteRzckQKnwc9pJBtDsnNLkw06SX1OeHJzMZHuJZp3NiUmqdUbs46/ApaL7r7Gt+8RiziFQ6fKah5Cu3W0XIuRPlvpSxWCERKEBXE0L9MLlaFzlGR5Vk9aVKulKlSpV7VdH9hbGskDnwYOY9sh5PVICWBj3WR85OauXv63ueCURZZ2Gklc736VKlofuvsa37xF84rFUEAgF8K1SpUF2VrJFyJV+WkI3FDTlcAWMbVytCMxRe4+WlSpUqVKutezXWur6UkrMJ3mFluKf8B/pxLxg4NwIdjjIG5Rshwn1Ub4436OSINPqYwOLdWGD2aVKlSrrtv3T2Nd94g+VigAgqWI6WFZPQkLJX0pUuNyEJXCEGMWTQuVGUouceldKVKlXSlXkrrXSulKulKlSpH41LzHBBIWzf2eaBIc1jeKKZxlPqAx7FlOYo7TgQ4kuc0EguAlbJjC6QBrm5vABY15ik0upM/mpUq9jbPunsa/7xp/390GINVeSwi7pSwK41i1ekLJZFWslfkpUqVeSvLSrzV5a8jiFP3fTnPbqHFMbhFJWestkuIcmjs39klcbHBPJ5Jbe57hUXZv7k5xp5ye59DuJHGjoWY6b2b60qVdtq77n7G4feNL+8DyWu67rFYhdgs1kfcrz171edzf1NT/JG39NzqE0rnpxZOXycia8FkrOMNU1h0jhyDu7/wBE+p5y0zW21gyRIWHd47mitJIOBV5r611tf22j7n7G4fd9H/J079bCyWR9mvwq9ylSpUnnEZtylrmLmsE8mRHpeWiBv9tNHcMjy8wEMPESXDMsUdiMgcrqdomk1AB4QEZvktMmY1lnLRj/ALPmrrasqisFiiPTs/3L2Nx+76T+S1atX5a60qVfg10pV1rpXuaj1FrA1SvDZOQujP7nBxGrkp/94fToHWHQOxL5f+m9zRB+0scWpnrdK44Fw4g2tMB6oxlI8YL4W114jratWu6pYoMVeR/8ezfcfY3L7vpf3/j11pUqVfizA5dytYAJnGkP3OEkac65K9bq8O8uJgbmHgNfeco9U73G4ba6YtIYnPc9mm1Bgll04atZKJDJ3ftjQZ+lKlXkF+Z/8ezfcfY3P7tpf5fzqVKlSpUqVKlSpUq8tdKUvSehJdrKlyuL6TbaXuLSw2WHETH9VnzKyKNzjaZ3ZIW3p+0meUnydI9j49dCGkkLbGnKlSpYrBcawCryV1l/h2X7h7G6fdtL/L+NXWlSpUq/Fn+bWuyzcbQFptiQ/LLyf3d8ugZk+c5Tg9zG5xI7A0JOwzNhzU99rbuNbhJyEWFtoZ4WlQ8lKlSpV5Zv4dk+v9jdfuuk/m/Dr8mlSpUq6at6a9TSEPcv71TuMBxY6PQ4ByYMXZvCN38jSZyCdsPC/RxRidjWSf27Jp7QOaZJXWf/AFHqHxOHcYrFV7c4/wCvsf1/sbt900f83+EpUqVda9jVSF818Mc9Pc6P/wCMCu0xkWGtyuqTQv7KKXBeLfyZuT5czJiV3TdO/ikgxEEnDL+0tY6QysEa2mTk03uz/T7H9d7G7fctF/P+XSpV+JNPHAC50q1IiETh+mJf+pXa6WkLJix/FqtZKHTB3YjpkrCy9IdZKDqEM3/VgiLmSR4ycXiGPh8HDMHMdsf8XmtWrXdUq6an6XYvrvY3f7jo/qPwqVKlSryV0rpXWvfmLmxTSue8BwWqYA/UG4+/HXbH1wFgLpA6eWl/bu5ipDsg+lQJHyPUY3ujZBMtR6zpHOYX62Rzy+Mu2h0ZitX5q82q+l2H6z2N3+v0X1H+Q1L+PTNxuTKtbiGP7jhPDGnsxQ+C7uD6SEOy7Wv7jsqNPNr4QcUwp5qH/wAikW4t2lrRo+te1rZA3S7D9X7G8fXaL6n/AAVKlSpUqVKlSpUqVKlu5di3TYhoK1orpEGujYMXTO9ANsN2O5Le19CwcZHT+x7oNX94wslI6yF8DboTDoq9gzRhO1unanbpCEd2Cfub3KTVuczYfqfY3j6zR/U/4WlSpV7G4yZajFtqeEuaHUIZcXOpcVtce2RWPawRkgu/T4TnrIULcsQAwpr2MY/5a0k7RBlqESAn6yBifukYR3WZf1XU2d11BTtfqXAzPd0BX91gU4enYf5/Y3n6vR/VUqVf47XtcNxe/BMa4zSML2k9w4B7cHqWCN+mwicyTSMUkfEmp3Ygq+3yD8IIuQcVauke7g6jptXPFG7VTuRe4+cRucjGQsUIljE1ckVSPjLdg/m9jefqdH9X/h6VKvPuFjUl/JNFXE+R7GZd7UEmLmyFrO4BYL1bixznep3dvTvfyrxRda/t0Y1zlFEI431yQn9NAErjcVwuXG1fpIGILJXM4eHmchoXIaIIaWILi07VNJCINg/k9jev59F9X+G7WadpGrgKE0ZWQ9mlSpV7pctdPE9OjcS7iaNZqjNLEGt0Qja6MQueBTYrPAHPctXGnsOXdoskMgsMZi2SOwNO5DTPLnQuCpdlDTnvU8olOlcAcpCcNS5eFmK8GvCxBYaZq5tM1eMjCOuXipSuWdy/WWKwiCeYsdg/d7G9fy6P6v8AAdIxi1G4hik1E0yA7uhxRroyeSMx7nIEzcoHI7jAv6nEjuMYH9UC/qJT9ykTd0cF/VUzdA5+bUdTEF42BHW6cLxunTJo5OrpI2IarTknXaYJ+6acJ26ByfqJpC2YtbqNQ5ElB5LGeljXmNQuLGNf2x9AYxq1VOjJJWmiyZwlcbSg2JXEFLQXiBj8qmrOkJJHNx7aeU6d0eueUdVKjPKVcrlxOXG0L9ILljC8QFzvVzPRZIuNccacwBn/AB/59jev5NJ9X5H6iGNHdGZf1Ni/qZKO5vsbov6pEv6nAv6nAv6nCpdy9Pj9RRdk6wi+wZCQ55d5b81qlXQOPS1fTLFeOman66dwyVq1kUGGSPi9LmtjYXW8/OkDOJ0lmzYGGmHdB5Us+LXSsMY7qOYxOdqZHDJyuRi55GOfqHTIsQeGovtAou7B3eimtcudoXiSuWZyqQrFNjBXEsSAOw9KpqBpZlSOtn/H/Z3r99lqM8rgyR8ZG4TtEk80iCulXQlXRc7I9KHSlSr8G+mQCzWZWRVq1fXArBCQMbylzZp83XXRri1EqwoWRO0/hgFhFc8MbmMjaX/pOcHwUdR3JarWRVkoBy4zQjc5capq9AQpDFfphZgDMFW1B7grfXybas1m5FxVq0fjYP2+xvXy7yX0DyD3J6X5B+Fksk6UBcy5CvUR6umKwQjQichBKUNI4rwgUrBGwxyKaGbDwz0NOuKOmshWTMg14UstBz3EUpnYiAOLcUInuLmOYQ0lBq7BWslk5U4rArjQiXEsAsQu3S1av2D8bB+z2N6RV+z2/DtF5ByKolCKUrw70NI5DSIaNq8KxcUTU52lC8RpWo6+MI7g8o6vUOXJqHLF7k7U0zxD7fLhFyEkyurIrugFkVG4Yl0bmsdGx0gzlY9rYJae6B0imc4OFrB6ETlxLjCxau3S1fv0iPTsH8Xsb18O/HsId1hKUIJV4d68KvCsQ08YXoauaEI6qAI69iO4OXjZyubUuWMrlwrhasIwrjCMjVyrMochQbk7s2V7wdOBaY2m4INbXosFoQtyw7NaQXwlxZHgOJqDGt/BEMhRhe0PwAj45E9jUWkCuzS13SipB6Ng/g9jef2H37VOK43rhkXAV4ZDTMXFGFlE1HUQheMhCOvYjuDkddKjqZnK5HLjeVwuXAuNoVNWQWZX6hXFO5eElKG3uKG3sR02njRLQHagxtdqZZF6ymh2TwXMuYgRvLfDrgahFGFi0K1f4FdWsc5Nhasg1c9J0tpwC4yFx9mtLVxlybFSxWKmbjFsP0/sbz/G72Ax5XDIhp3LwxXhmrw8a442oyxMR1UCOtjR1qOuejq5SjPIVZKpxQjeVwOXhwuBqETUG10pUsViE1gJbAFxIRrFV0sBPfp046OubTgHUtVNC+FZ/CpUqWKwWCdi0xNa8HFpzJXqRba42rFYrEXiFQpcfbhIPC9atjuHYfpfY3n+I9zwSLwz0NKvDNXBG1ZQtR1UDUddEjuAR18iOsmKOolK5HFWu6xeuJyEBXh1whCNqpvS1atWetIRlcRQhQhCAa1GeJqOsiCOvCOuejq5ijLI5dz0xWCxVKvbbG5yMOKwTg1iyFhwVkoNKrp36d+lhWFkK9TjSolcLweMlogdnw/puEMbmTafGHV6Uu5XhN1Qxk1z2N1esM8Ww/SexvP8Bdg47gjr5Cjq9QUZZSu5WKwK43LicuBcAXExYMVNXZWrPshhKES4liwDlhC8Q0J2qcnaiRGR58lKgvSuy7rug0L0BFwWStWr8lIMJQaFQX98rPGUIu3C28W9LCtZLJWenZZMXMCBMCo4o5IsY6DfWGp0fI2ZwjeZLL5+RpY0Nyt2JJjbNRJa2Z/Gmuc92xfRexvP071xLjCwCxCr8AtWKoK2rJczkZJFkSrpWSr8ndU5YrFgXoWQWSsq1fkpUqWCroAUQMQKCyAWa5FmsivUqPTsEXozCub1ZtxfIApD6AXPc3MuY/Shh1MTA7XpuulCl1krk2Vydk9eFtNAXot09PyeU6IPTIIHNfHHG3YvofY3n6V3z7RVLAoRriXEuNFoVhF4CMlr5WKACK7dL74krAhUqFVRso2v7dl6endd+tLGzihHaa1i7LIUXhZhGULlXIVk5d1RWJWKyAaX0i96zdnyIkuaci/j9TYbXhiAIXF7Y442iRjQdQwvZMyz3XG7IwzOLNJiZHsibz3K6eIoTNyeYmNc0OcHNYpHlzRI5qyJWxfRexvX0jvny0q70qWK40IkIVgAnuDVyouc5FvciliSu9+u/WUI3U2J5PCAgI7qyWWg1iyFOkJHTJXfSkLKpYinENTp0JHSOstQk7O1AB5i48jlZVLFYrFYKgG5BOlo8/cTOMnFqAGwzlvBKnUv/LWSlM0xwbH6GTdw5124qWgLjrtTVzd2uIc2QXJM1jWS8xcXSyOjwERxdE0udPqqDXOcuNV3eKbsX0Xsbz9G756Bqw7YLFYIRFcCEIC/TCOojAfqk6d5QxJce5HYsDU0RINasqRkcV2KJYjJa5CuUomlbUSrQLnOog4oMtPdSJ7ZsYnTgJ5cA0Pah6m+kIvbXrwDUI1isVisE4YkyNa7lAXKVyFqJkKDXOfFpo01uCL5E2ZifEC8GMFoDgWG2x8bRqHYukico+KUHTxOUkUIT+N6gAKcSE1OIahLijqnrJxTH4R04lrF8gMaCR2ttfuUl47F9F7G8/Rn9whKbB3bCAuJcIXCFgAnSRtT9SAHyyEYOehpnEt0zAi21iFlG1GZgPMUZngueSrWXe7QysseUNM8kaIlDSR2NOxrcdPi8aUOk1OlDDMXH1KR/chBr0GELG071qligxBpQicU2BxQ07yw6YhOjGYa26DlLZdh27YNorHIRwBNiiaObuXuRcU2NENTixqouEboo28mScKB4if08TkFQceKG48GHJqLwnUUQwprWr4QyKpVfX5VdJv2bF9D7G8/RN/m4wFiqRIC541Jq2gO1Roztc0zRheIanaglclrIVkrQWKooMstiQZEFlE0iQUdXR57XjSR4yenamUnNHJdkPguzPal3VLjK46XGuFxLdMaOndxP0/6zov1OCQPbphk2GBz9QQ2cus0j3c2HFN/fE10b3XkckQUHjNjS4ujjx/SaKBRlYFzixKjMVyIS4rO16yg1UEeld1XX5Xyv7Ug1fCL2BOljUkgc3YvovY3n6IGpX6yJpduQxk18jk+R7lkQs3LKldq13Qa4rErjpGJoaOIC2h3iDl4lPnKdKShk9YO6EFxoJuAWNr9q7uGKxRaSaHQMemxPJEI4+K2YRBGSBhOpiYnztMb9Uxwfq2OY3WCo9Qna1rHP14yM0crRIynSNYpNRmjJEUJ2Bg1Tb5GhZFyaW4ggrkATpCSfkvtYByADRa7ruqQHTE2evdUse1dvSjIEZWozduV6zd5di+h9jePoXfJcsqWayVlBYqkGkrBobmLJ9Ln9+QLNOc5yDCV/eJjXpwjEpes0CXOoOR7LG01paiLPZelGkGOcWwyLwr3Lw5Jbp5CfCyW2NNwBknZEzxPIi59epwPy1zUZG093qHqXG6sHqnktZiCwIR4nEZdl2QKtX07r1Luu6xKx74hYoBUvnoXBZtXIuQrNyvys088iZtWsembFOUzYY0zZ9G1M0emjXx7O8fQv6/HQd01jnINY1OdbasF/RzSGNjBfIe9SBrYguBvC8ALMV8rjdIo9OK4cU5ha7BxbQq23x5OcwWGghkfcgvWVnN2bpXAyTtI8S2nPEkRTIYasNBICdI0ukeCgbP7l8LE35PlV0pYrFUsO6pUqCtE0rQeAuVGUlF7isifNYWbVmtEdM6aPbdEAyGKP8Dd/oXJumlIj0GoeXbc6OOGN0k2o08cMBcMAbc5/fGmgNr5GDy4WxU6jC9zzD6BAuF9YtjP6RDdGQiYol4qAvk1ZaXTSOHqA9QXIWJm4TlrNye5x1D3jnMYOokzzci4EDshJinP9PZCZ990S8o912CrzUVRQCCHbpQWK42gYhelZNWa5Cs3ewXtXIs3K3JkUkpg2fVyvk/464Mlhl08jXArSa2bRLSa6HWN9/d/oP8A343T3JuMLEd2cnblO5SvfKvgU6rKIIY5gAzoepyEuAEgKtM1bsRrhjzyvN0hZUeolaH/AAxnbj9T8rd8tc96ZpWFeGiU8ccDY3l5jaHOcz1Rucx7NJpnjURaOKM2uILEBFFxCp12iu6pyxWCxCxQCxVIlEqyslfe/KASm6PUvTdo1bkzYpE3Y4AmbXo2JmnhjWr2eaSV2y67Juxaspn/AB+UqPYdM1R7fpIkAAOk+ni1LNbsckSDnMLH+rR7zSBDh7u7fQFBoaWA5PKc1OibeIYsi0yHJN+XPa54mjanSlcfIuMXk5iEsjS52cfdXSanRm79LACuZoQpyeYwsxchLRRfG+YuJYmlyqRNKDnIl1epWaavnpRWBQaVisV2XZZBZLMrIqyfK2KSRN27VvTNl1BTdjCZs+lam6HSsQaG/havbYNYtZtk+jLZKWk1s2kOk18Osb7m7fQFFzpCJH4F6a9zVmQg4glWgpAFxhwEL16g5rmEfop8ccrDBiqAa9nG0yOaTqnVHqHW4is2q2qgsUciiX4cZKwpAAK1krRuyO5j7ltLGkBXlh0sD2amNsXliglnLdp1bk3ZJE3ZIQmbXpGpmnhj/K+VrNlimU+mm0kjZfVo94pNcHN9rdvoCu9u7Ls4nsjRWYJKxpBNyex5aHtkYAXBZkottNcciQSJHrxBpxLy2CyPSvWVxOcuAABoArviSiCFjkBGAMaWTch2d0vp8efxb2h0+S5FmU3T6qRN2jWvW2aJ2ig/wEkTJmazYyEc4XaPXSaY6TXw6sezuv29Xi50iDvTmabGcnfDGhxl7AHuLVdiKTWZgWAJhSIfTWlcVkx4hgbTatv7j8lDFwGObuwAaEOy/wDWRHmbBM9P0eojj5GrlC5Sm80ibt2ukTNj1Tkz/j6Zselambbo2JsbI/8ADanRwaps3/Hyv6br4nbfJqnR+xuv29SPAPL6Y9Q63yo0qbZcE91xcRVdxmvUsnOPCXB+RXqTgCOTsXEK+0ZeFB2aZWFHuh2HwPIGlybotS9N2nVOTdlKbs+nCbt+lYmxRs66ja9LqHM2jRNTNLp4/wDM7r9vXy98dLuEbxb2DuUlmneUYXANjWOLgWghzSM2tLHuTg9x4ZChB2GnYuJioDythlem7dqnJuzzFN2ZibtWlam6TTsQAH+ibr9uR7SF0gTsOkbMllxLlNiJyAKdpsiNK0AQsADGjygEluk1D03atU5N2Zybs8ATdu0rU2GNn+l7p9uTdO96bA5rjG0gRNaqAOI8zYpHpu36pybtE5Tdmam7Vpmpuj07EAB/qO6fbvNYC5GBeJYtsbDrJ27dpWpsMTP9Y18T5tF4LUlN2rUlN2Z5TdmiCbtmlat50zo4VHt2qlhpaeU6eZrg9v8Ar527SOkW66Tw2rh7jZp89P8A7DuOl8XpO4Wk1Hh9X/sW76Xw+rj7t2vUc+i/2HW6YavS+pjtrn4db/sW96XinYTjpJxqdN/sOogZqYNTpJtDJs0+Mv8AsT2NkbDodNp3/wD65f/EADMRAAICAQIFAwQCAQQCAwEAAAABAhESAxMEECExQSAwURQiQGEyUEIFI2BxM6BSkcGx/9oACAEDAQE/Af8A1csl8id9v+M2ZxN2JvRN/wDRvs3pG5IyfPS/h/xC0Zx+Tdib8Tf/AEbzN6RuS+S37ml/D/g9o3Im7E3kb/6N6RuyM5Fv3a516dL+H99ZaMhzRuo3jdZuMyf4tFFCiY865af8P7S0Zx+Tdib0Tf8A0b7N6RmzMeobjMm/x6KK9bl6dP8Aj/V2jcj8m9E34m/+jfZvSNyXyZP+hoormy+dsvlRRiYke39FaMkZo3DcHqMzkXI6/iKxoor3aKGiivRfoxKKMTbMDAwMTEX5VMfQyMjNmTOpRRXKudlll+3RXKiiiiiiiiih8sSih8sSiiivTRixacjZZssWgzYNk2kbaMEYopDaHIciyPb8CmYM2pGx+xcOvLNiBsxMEilyk/RRXt0NcqMSiikUYiiYlcq9+iiuVFFCiYC0haAtAWjEwiUvVkjNG4PVHMyfOyPb3MRRRSKFyXJcnIb5UNFc6KK5v3GjExKKK9NfgpFEdNsWmLSowR0LLLLLLMjMczIy9mPb2ojfLrySEmKIolcpSL59RjRXKiih8r9Vl+z0LL5XztGSMi/ZpmLI6LYtAWihaaXLJIeqh6qNwzMzM3DcMxzMiy/VY+VEe3tIoooQiyxFknzdlMa5N8uxkPUMxyNw3DcMzMyM6NxGZmZo3EbhuG4OZmbhmZmZuMzZkzqdRC9VFHRCotI3I/JvxHxHwPXY9VmT5WdSmY8rL9N+i/VHt7UF1EvTiUkWPnZfJ8qHIbHYyWoOTfK+dv2bL9OLMTFFIrnmjMzMzdRuo3DcN03Tcky3yhCUk2vBYk2bbNsxijKKN03GZMssvnRXpvlfoj29rSK5ZUZCFSMjIyQ9QyfLJDkdx9EO2MY0ySZLv+EkdC6LMjMzMzLkmZM7mIoigbbFps2jboWmLSNLg8us+iNPShCGMOxOeMqibjql0NVuPZmT9aiUUVzrlXKiiijExF29rTlRkNloXolOhzs+5ijIxMTbR2O5gYkkkN/A9NvuOMUSfhe7QuV82X6aZiyOk2LQQtJIpHTlQkUd+wm30RwenFddTucQ/uo4SL6sm7k2Wavpo6Fl+miiiivRZZYu3tI+8Wm33FBLlY9SKJay8F2KMjHlki38DyMG+5GFDY5xRgpGo8OiG2ySY0/aSKEijFjRZZRQtNs2JeBcK/JsIWiLRRhFDkWyjFlRXdj1oLoje+EZyOpw8a4Zv5ZwsVotzmampFyyRq6ubtEZ4IvlKFk4V19VCRiUjodCyy+dFFFc17WmdEZmZ97HCRs/JhFHTxysxTEkuVj1EZs7kYWxzhDsf+SXUcYoaJok+voxZSXPFmLMWVytjojCxaKqxaJhFH/QrP8AsoUZs2pDhQ5QXeRv6a7EuIfgeo3y6crODwnrJanY4pRjSh256em5voY/dTJd+hEbb7ku3oR0MjIyLLLLLLMiyyy/Qva00UvI5QQ9eCPqF4N1stij88qXkVGY5s+9mEjb+WYxR/0j72LSXkwS7E6RPVRKd8o6UmLQS/kfav4oalIWg/JtwXcuI5o3DMyYsmR0ZMhwwtJR7jZi32I6EmLhkjbgu4paUTU42C7E+On4HxOo/I5tliKEuVl8uA0s9dHFx+3pyVs1XtJYD/jbfonJ+i/wrF7WrOUV0MpMUGyOgLSii4I34rsjdk+yEpMxXk/6MTsOymYlC5Smomprrwak3I22yPD/ACKEIlvwYryZwQ9b4HqSY2dTBm2xaBHhyGgbJjXYaj5ZnoxHxkV/FEuMmx8RNjnJlsoRRRRRRRRQolH+mR+5srFGs030F2G0ud83pG2xxrv+DXNe1q15Moo3fhG5NmEpEdBkdFISrlXOy/Q5JGpq0Sm2Y33KjEzL+RzSHqjk+VCgLSFoi4cjw4tOMR6kIkuLguxLi5PsPWm/JbfpoooxMTESFExMSudnAcM9OFy7sf7NaUXL7S/XdiJxs20NU/wKMfb1Y2jbQkkWWzTsXLpyY2j/AK5WPUHqMc0OVmSMyzJ8qMRaTI8O2R4Vi0IR7mWlEfFQXYfGPwiXEaj8jnJ9/eRXO+T5/wCnaUZzbl4LilbNZvb7dxlHQffoJ+tInGvXRRRRRiJFCiKAor259jFiiUiKFyvn0LQ5j1CWoSmPUL9FEdGb8C4R+RcNBdytOA+Iguw+Kl4HrzY5N86KKKKKKKKKK9Feiyyzr6P9O0FGG4/JOapxXc1tTbjSGLk6XNjZZdl8mOBiUUYlFFFFFFFFe9LlQsUXyxOw5mRY5pD1GOTHZRiLSkLh5M+nS7sUNNGcIj4heB8RIepJ/kV6OGjGWtFT7HEKMdJpEtO1SKOC4WGonKR0xcI+BVpw+7uTk5dX6KGvT49VGJiYmJXOivRRXtyOrFAUSiy3yyQ9T4MuWEjb+WYQLgvBmbjHMczJ86KKK/Dooooooo4Tg8K1H3OJb6JldTQSg2o92QjjHEeoncUcUmpW/QvYRfOKKKK51zoxK5dPdYolc8i2dTEpGSRuj1Gy+Vl+/RRRRXOuVFFFFc6KK58NGS01kzi5fdQuh26o1uIf8Ymms2T1XPueea9hejTaquV875UVysv30WWdToWhzQ9Ueoy2/Zr0VzrnRRXsVyor0UV6eE01PUplrsa7ubLJMyydmWHRc2P2m7PHJdZLlRRXO+dFHT38zMyY5F+5RRRRRRXOivRXuVyorlRRRwOmqchJI1v5ssYjiP58vPoXsIfKHf2LLL/Al25X7tfg0UUUUUYmJRRRiYmJiUUUUcJOvs5cUv8Ac6D5Rl8Dbbt+9Hnp9/XRX4U+3oor10UV7VFFFFFFcqKKK/A4VdW+XEf+R+8hlco9GS78tP0WWX+JLtyoor3qKKMTExMSiivTZZft0UV6OE/i+XFL7/VXNelei+pdvlp9udFHT2n29t/jX7VFFeiiivb4aD/lYma7+9+m+vqrqf8AfJ+tOi+V+4+349FFFeuud+iivxdFVE1tSNdRybL9EV7d8n6IP265vt+HX9Uk32IRqNHEqKhfqs/ft3Gi+V8oeqiiiuVl8n292iiv6SivYjV9SsTqji0uXn0r1V6LGR5Vy0kUUV6LL9Uu3tr+xgrl1I1dEkcbVJcr6jE75UV1E/afp0u3ov2pdvbXuUUUV/RaQtJLuJWzjV2PHJkfefJc4dEX7NoyRuI3B6ntx7lFf1/DJWNIT+DiNLKNyGVyb+BFe4+S5Q7+jIcjNmbMmZckxsvll7ce/wDY8NfcnOqIp5uNk4WiXfnw2mpxuRjBxxJcLA1tHDt7+VG4zMyMjIyMjIUJS7D05mEhaT8sWnFd2XElh7ce/wDUWWX6+Gl0ocs518GlWGXyT4iMR8mcH0gf9mPY4mTi0Sq+noSv2tTvySbMJfAtGTFofLNuJFaS7mcEPih8QbxuszkXIin7ce/ror3M4mcS0WvZsssv3uH/AJE5K6G+hryt0X15WcNqpwp+D/GxOTOKh2ofTpzUof5EeIiuiRrYJfszRHRlLsS0mvTYsf8AI3YIfEoeubzNyRcmYyZtswRUPkuBuR8I3PhDzFnfX249/wAFtIlq/A5N9+Vc02hajN1G6jdN1G6bhuM3TeFrdep0M4m7A3YG7AU1Ltzsvk2aKt2zr4FOlRr6julyrk0cM1GNkZdDHoYxieXyxnI2ZD0K7sUNPyz/AGl4NLVj2RvqvTRPTyJaKXkqHyfYvBnFeDdNyTP9xm3L5NowSPsRHF9jL9GTE3ff249/S5JG6bpum6bpuo3UbqN1D1fg3Jfg0V6qI6M31Fptd5HRGRZY2zh45aXUoaUVkSdu+T58PHrkL5Mma2q4ro+Vck6HJvlKCl3IwjHsUWX6Wbf7NtFQMoot/BcjP9m7S6Ddu6LZbHyguvty7GTF0NyQ5N/0CjKXY2JeTYXlm3BCpdhyMjMs6lSMJEMYQxRlFmpqJv1QWtn9iI6P2/cyofJxGnFx+009PJ0azi3UToXzsv0WizqdRqRg/wBmN9xRrsdfkxRh+jCTNprubaMEYopFL3Jdvz6bNufwLRmzagu5jprwZs6tFSMWdF5LgZQRuxXg+o+DekPVfg4bSnqSvwh6cjW0pRiYmJiUjpy08oQr5HN0V/izVddEaKk0yhQlLsSi49H6KKK5WZGRkZFvlR0LoykZP8J9vxbLLLLLFpzfg+nkLh/ligo+C/kcl8j1Yryb+mfUR8I+ol4RvahuT+S5MxkYSNo20VAuBGVukLVwjijenZrSeN2WWX6ISSVSNzTaojqaaa8k3lLqR1IqFGo8n0NBzr7TWu/u5ZIzMzJlv8C+difX23296y+Vl+hQk/BtSFpR/wAmVpLyLV049kfVfofEy+B62oZzfkqTNtm0zaNsxgi9NG7FG+b5vIyk/BjNm2/LMI+WacNNzSFDJ9B0p0yepFwxXJelKytNC1NOJPUi+xHWcexuMzkXf4C05vwbU/I9KK8kdKDHpRHpRJaMSUGupkWab+/232LL52WWWWWXzpmMjD9lR8s/2zKPwbv6N2ZlJ+SmzBm2zbNswRUS4m5E3UbzM5FtlMw/ZjEqHwWvgyZkzT0J6vYXApfyY+F0okYxj90RZvsYSuhxpWzcNxG4ZsykW+XTlZZfs9OVjMkZEIyn/Ejw3/yE4x6I3kPWibkTcgjfifUV2JcQx6qM0OZoyufty7c7L5YtmLMSl8n2lx+DP9Gci5GLZts2zbNtGCKXLJGaN1G6brM5HUooxMSiiiudc4a84fxZ9Tqm9qvyXO7sepP5Mn5Z0LRZZZfKy/ZsyMjcRvRQ9dG832E5yPNNkNiP8mPjtOKqLH/qEfCHxnwPiZM3WbpuSMpF8uvcwZi7NFPO/bl2KXyfadPgyMpFSZhI2mbZgjGJS+OdmSM0bhmzKR9xTMTAxRSK92ikdCzIyMiyyzIsv1w05T7H0z8s+mRPQcX3Ns2v2YpDrwOLHH9jrwdDJltmJRQk2U+W2zBm27MOlkdHJn0qXQ0+FudC4DTxo2ZZuCHwvix6OHW/bfY2zBFRPtMjIzMkZGRky2deVFFe7ZZfqsstlll8r5UYsr0WjJEIyn2I8M/LNiAtOKM0ujY9SJ9RXYfEKyXEIfEs3pM3JM6lDZ1fQxk+ptz7UbEr6n0/gWmupS6dCutlDjkR0nKXXsbGj3qxaUE+i9DyrqxNRRKfXoP22WzqUUUV+DZZZZfs2WXzrlRXO0ZGQ5mbMmQryiGpBf4j4uPgfEWuhLXZuNmUipGJij7S1yqTFpvuLR/QtDpRhK7QtOXyRi+5h0oen0oWnfgWkLSRHRTHCC7CgbfybJXUpEq/x5WX7j/Dssv2LLL9D9Fc7LMizIoil5M4fBurwhztjb+CmYsxRih0ZGRdmDfQWkn5Fp6ZtxxUkhadduwkk7FSQ5UjKTG5rqLKStEOi+4y59ixRkyOnXcl0M439pLVi+UYRX8xxjf2nTkzp7b9+zIv02ZF+uy/VZT8C0NT4Fws33YuFiv5EowkqoXDaTHw0COnpeT7F/FE3kqNlDil29DZkdX2MH5IaN9zY6dT6e40fS/Jt9bMRQRSMSMbMK8FLsOKGud/BS88sqFLqZGm49XIf3MqiEsXZHr90iep4Og+g5Ii7ftv3MkZGXp6cr5UvkdcrOvrWlqS7Ihwk3/IfCwR9Npi0tKLs3ENtCyKsoerFG8jdseo2jcHqWZlslozXc2pPqLRl2NlV1NtN2zbgurIpN1FdTZruZKPYbschUVY0jEjGiOql3JTg/BCMZktGPklGHjk5UT1R6kkacpSIm60ORHUikPURuI+oa7G8y2zuyVo02m79t86KKKKLQ5DfKivTfoo7F8qZi2YGKKibd9kR0F5IaUYvohxkTddBzoetE+oHrMlxOpLux6033ZnXkczLqJt9TqYyqzbNPh4T8keH0/5ijFL7e5qzj/h2Mv8jr5RUl3olJxdmlG1lIteDLndHc6Fp9hToyyQ7RFx8ok+toci0PH5OITroJTfYWnJdxZIymOUjKz9idq2RlYnbH36Dl4RfgXakaD+6vcr0ZIchzMiyyzr6bLoTO75UiGhOSPpn4Z9J+zZS8myjZibMEYxj45ZNdiU5Puycp/I5fJkZCbLYhLwY33Mexh9xj1MWKIoRZw1RXVdDeSlVV//AE1JuMnFf/S//Wa3+4/tr/8ADUvt5FHONM004PsS01N2+XQbT7FeDBLufbZKKaJpil5HN0LUdCmbiNyI5ouy13JST6j/AGX8mRYi/BL4Q59KM6VDlSM3VCyqkQhqV2NPQ1EaOg4O2/czRuD1GW/XZZfLoKLFCd9haMvJss2RaKI6KXcyiWWz7xWV1sesjfRv0T17GyzwUKPQrwYouKM0OXSkPUQ52bhCOo+yI6MxaOpl3I6FdbFpRRF49I9if3PIxs7dhsjOyxvr1ISXgySXQckOfwZseoPvZZki4l+TK+45fI52qJT6UX0MkZm4JtroRlZi7pC0p1RHhmLhF5YuH0zbj8e++xRRSOnJyMrLIRlP+IuBk1cmPQaNPh3LuS4eCY9BWKEU7Mmxs+/4FFS79BQ04sdeOTkhNfJLUgPVj8n1FPoiXEykZSkdTqJGL7mHkUDFlcoQlLwPh5LuS05dqPpps+kkLhevUhpwj2RkNjY9RG7E3I/I9aJ9R8D4i/Bu9OiM5GcuVmRkWJobQ2PUQ9T9EtTqKbFMep4JOuiE32I6Wp8C4afk+mvuyPDxQtKHwJJfiv1Q0pz/AIohwkf8mbcKpIUVQ4/Bt0V0IpX1JyXhDXkyfwQ0m42SWPUslNIlrqJqaz7IdsrxyUJNm1IaK5JHcsy60OTQ5WK5dImno/Jb5dDIssyHqG+T1kzIy/Q3y7FlmRkZmRn4LMjLyy/LF06sj1lY9OTY9CcmfSv5FwsULh9NeBQiuy/MfY6mLYtNs2V5NLR8pCjS6Fr/ACM4+C+nUcq6E9RG7fUhNpXQ9SldEtfofUzXRC4t10Ja0prqKE59z6dx+6Q4/oUG30HpMjw/TqR04x7DiVyeipGz+x8N+yPCryyXDQfRE9Fw6SFj8Db8GMmRUi5G6l3Z9SkfUj4hvsZSfkTbOvptFobGxvwX4RbMzOTPufg2dR+D6aZ9L8sXCwQtHTXgSS7f0eSHNG4Zt9iMNbHvRsvyxaVdkU0Ny8C1JZViPTT7kVRkZdSejCT7D4ZeBaHhkdGKdnbsWYKXVji0zExJL45WzD5FFGpBQ7C6iSJOupqPT1FTYtOHg+2LHKPlj1/guUu4sI+COovgeqqqikKi0ZIc/gzMzMcizqR0peUR4ebFw/yfTR8i0YIUUv6qHDtq5C4f5NiJDTZSP49uUlbKosWJmOLaNtFGUkd0UKxJmL5Wl3M4jmWZDFFOGSJal8pSx6s3o+SUf2RSITUew9SyKiPAbXJyQ5oc0OXkyEpMWjqM+ln8i4ReWLhtMWlBeP7H9IybQmdUXQm/RJLuUzFibE0OhxUkbdFfI1S6DfLNpCj8mJTLLMzfaWI9Qeqyc3LuNKhpcu/UT6C1WKTLbMJs2JsXDfLPpo+RaMPgUYrt/cJfIkn3Gq7D+UKS8llCZbkuo6sv0JjLaNxjdGV9ivkuMe49WNG8OVm4ZmZutPoS1W/JlZKEq7mLkjY1H4PpZeRcKvLFw8DCPx/fRp9WSYmORQxEuxfoSs/Zny6l8nKT7E9bU0+jNTUkupK8ciKbXQSbfUkpw/mPT1Mc2aOjNvJ9DY1G+vYlwqfk+mhVC0YLshJLt/wSzLoRkyT88m67mQ30MfjnZY5jlfPpz1dNS6snw6f8UfTuqslBSab8E4KbuQ1ff/haJRXNMd8sTquTvnIXbryv/iiMmu3YdckWWWZDZf8AxqMLVl0ZRM67Dky//b9//8QANhEAAgIBAgUDBAIBBAEDBQAAAAECERIDIQQQEzFBIDBRFCIyQFBhQgUjYHFSM2KggaGxweH/2gAIAQIBAT8B/wDi5Ysar/jNGEjpyOkzonSR0omESlz1fy/4hTMJHSkdJnROkjpxMIlL3NT8v+D0zpyOlI6LOidJHTiYr9bU/L+epmDMGdNnSOkjpoxRX72p+X8pRizpyOkzonRR0omCMUUV/Dan5fxdMwl8HSkdFnR/s6KOlEwiUv5Gf5fwVMwkdOR0mdI6UTpxMY/H8pZkZGRkWWS7/s0UzFnTOkdNGESlzv8Ah79vJGaM0dRHUOoZsyLL50Y8p9/0K5WZmZmxTFI3/lrMjI6h1BzZk/XRiYmJiV6J9/ajGzAxRXKx8pcnyUSK/Zssv9pyMjMyZuUUUYlFFFFFFezP8vah6WxtDl8DkXyjAr+For27HMeoPUHNm5g2LTMDEoooxMSiivYr0T/L2oeixlMxYyiESuSo29VGJiJGJRRRXKiiiiiijEoooooooxKK9uzfnizBnTMEYlem/wBKXf2o87550OTYkJCZuUVyXOiudfq2WX6aKKKMTExMTExMVznqRi0n55WWWWymYmJX6U+/tXRkyjAxHSHbFps6ZgyOnRXKiuXfmjb9iiiiiudc7LLMjIyMjI1uMUNo7s1NWUp5z7kIOatmG9vc0XkuxXrv9CXf2lGzES57Fm4olcrLHI6jO/KyxEVRkb/uOSMzJls39L27jpbs43VnLbT7HDpYnFtKkaapJDRpfr0S7+1A2MhzLZixQYocrRkiymUfaWhsSZTLojuLYX6tmaHqHUMxyLfKuVm7MGYFLlxMr4lL4RxTlrJQgaelNRxZpaWESWlm7ZRRGVEZ269V+5fpff2kbsxMT7S0ZlyZXyUhIsvlQolcmxKUj8EW+S9N+iyy/S2ZmZk/TcTJFiTMJC0zH0UcY5x0W9PucI5Sbc+4hmprR042xu43EjbVslv3IxUVsQ7+qiv0H39qLMn4RU2dFs6VGCKQ5Flm5iYo2RkjItn/AGfaPU+DJsRGIlyckZ/Bu+4qRmW3yooork5oeoZWJFktWKOv8Gc32RjqMjwz8i0Ii04lezx+p09B0cHL73l8C3HSND/ecuoeVFLbl35QS9Ffpvv7Wgk+5SLHqDmyps6Un3ZgkNxRl8H/AGZG7FRaLLGbCi2R0yKoyHMtsospmBiudmRmPUHqGZkJvwjGbPp2/wAmLQihaaKXvf6lL7UhvKZoWluSby2FFvcrlVHc3QtQ6iFK+36j9rQ7spmJii0h6iHqMcizIvlT5WWWVZGIornXKhR9FmQ5j1R6xm2KMmLRfkWihQS9my+dll+nj+KU54x7IT3qBoxko/f3Ks/75MQ3yapjIOhzE/0bH7Wg9yzcrlIly3EI354iiKAlzrlXOzIeokPXR1ZPsVqM6MmLh15FpRRS/X/1DVlCCUfJUm6RopdTv28CFLc3aIu1uSV87N2PnCV+5ZZZkZGXt6PcsyLYxtDtmJZkWymxRMRRFEr1PUih66Ou/BlqSFoyfcWhEWnFfsV6f9R1259NeCGnK1N9jh9PqyyYhl7CtrcQtxISMWNUY81IvlZZZZZZZZZZfvaXflY7GXRmbsUDFLkoiiUudmaHqo6r8GU2YyZ0RaSFFfucTKUdKTh3OGcpaybYtWnbLOO4qek1GBcs1OXkd6k04/iRjSpLkhoTZF+pl7lWduVlllll+i/Tft6fc2HIciyilypiiVyyRmZSPuMTBGJiV6L/AHON4xzvSXY4au5dI4iTmll2RqTznZhKKU2jhGpQ+3khdiQh9x8lyY+Xnkyyyyy/Tf6EByL5IxKRsWWymzAxX7tllll+i+fFTi9R4o4SP22S3P6Zw/Cr85GtJx7ENBQVxF25Il6fAhDKHykn3/aXKjbnizAxRXu3zv8Aa4zVlp6VxMZVZw6/20UQXkwcVRip7sQuS5ULl5PAhckqRe/Lsn+0jExMTEr9a/1r5f6hqtNRJTbNH8EY/AiRw34cl25IsfbmhngXNcn2/ah35V/A2WWWWWWWWWWWWWWWcfpN/wC4bHBv/b3FylFvuJJbLl4GLdcu7PIxDEbiJG3KX7UO/uWX7tlll+iyy/RfsWXz/wBQnso8uG/9Jc7K9LFyYhkS+Ut4kO3Kfrv9OHf9OyyyzIvlZZfoor3L9X+ofkijg3/t0ufnnd78kh9+XfnIvk2VaKpcp9/fXtx7/wAFfOyyy/b4qa/FocfCNCNwXooqkUIt8725rnYmPk9/fXtr3LLLL9i/VZf6uu8pmhpzy2Oml2MRctiXKj+uSLFya5JFC5s1O/vLv7a/knJLuak25XRwr1HPfty8c00yrP69afK+TTsaKFy1PeXf+cndbFufcbT2ZwcmxngorcR5JfPLvzRfoSE7JblmXLW7l+6u/wDOTdRdEr/IhXc4G8m+VbERquVl7DXpXJ8rEPt6NXv70Yt7/sWWX/Bao9e9hypHAu7L35LYkzxyRXOtvXHk3zm7fs4s6cjpM6ItKitvbfv1/BcS3Rbo+LOG1lGajFC7ifJK+42WVyv0t+iJaJCRqOlzUGxaTOijpROjE6cSl6bJLb232/keJa7EIZWTaUE6NOeLIvYs2OL1ZQmoxMpqWRHips0dXMQ/asZYoKW7Omvgoooooooc4x7sWrA6kTqrwPUb8DbE5+2+38jxMd7FDCF/JqXnj4RDhpSFttyTONipahs+wpPdHDRyRG/I+bdetJlVy0u3LYzivI9aCHr/AAjqSJPWfYw1H3Z9ILhkjpHSRgikTqvbl2/UWjN+B6U/gwl8FP8AZo4l1EjdWQUm/wDs4eKSsS2KRXwcVotTuPkpZ0xqKOGn3s7nblhP/Elw0nvJmkpt/wBHTkS1YxuxaifNDZR93+JhNi0Doo6SMEUjKJmjL+i5fB95jL5MPlicGSxx9uXb9FRb7Gnw7e8iOnGPbkpXzcIy7olw0fA+Hkux9PM+mkfTv5Ppf7Pp/wCxcNHyx8KvDPpf7JcK0tmUzpTfg6Gp8H0+p8H0+p8EoSj3502YyMGLTZr3Bfb3Got/cOFvY4fTWN8r8ck6OJTk6JR3MtzKT2H2XKLgjqIjrZdkZanwf7nya+l5Oi752WNkNTEhq5Fy+D7jF/J0zCKPsRnE6hmz72PLyY/2YoklXtvt6VpyfZH0z+T6Z/J9N/Z9Mvk+m/s+mkfTTPppn00iPDf+R0IfB27c6Eq9yy/XLVgtiTi/8Sv6KKKKOKnjrHU3pCblLEgklS5Rob5cQ/sofwYo0dK3uiyxMlcjFLsWKbXYnNyL9Fc4p2Z/0dRlyKkyv7KRidMS8FIpc9T8fb01cjCPwOKfcfDwZHTjHsh/vuUV3HrxOu/COpNjt9yiiuWxlEziaqepNyZ06ZpaWK9U+lh97Ja/3fajKfwaGrJS+41NTFWaKklcjc3K5UUUblGLMf7KQsRNGSMi7Ni2Zr5HqRXcWsn2M34MmZMtlj7e3p/kvVX7NryZw+R60EdaT7Gc2UWkzOJmW32R95jM6cn5OivJ0oigjiNaOnGvLFqQNDVjKRkZGRkzcs1a1J38CglZf+SNJXuzVaTRY5xj3ZGSluuVcrMjJm5izAwMDEpcr5NX3MIrsjGPrfb29P8AJfty1YR7s+pgPifhEtVvzy3+DGXwdOZ0X5Z0V5Z0oGMfg2LRkjMyZ9xUhqlbHpZzykdGNGlFZVRRRXonFt3EWnqJktPUkntRBNRJ6cnOzTWK3NdQv7jQSq4lMwZ02dMwRS/Qr0SW3t6f5L9WxzivJ1Yj1n4RnqDjOXc6J0UdKBjH4NkZozOoZlyKmdKR0TpI6ZUV5Momf9GUvCJymotjlStm7jaIabU8ny7+m6P9xj0tSRDRku5Lh1LuLRidOPwUl+hLiNJd5H1Wk+zI8RN+DU4jUj4I8RqC15keIndUQ1E9mUUaq+z29P8AJe9kjOJ1DN/Bcz7vkw+WdOJijYyRmZmZmy2UzBnSZ0kYIpFoyMpH3FP5MUUjV14aXcfH3+KPqtWX9Epyn9smPBdzONWKVukLS/o6UjpHTRhExXx7+/NFFGpqQ01cmT42/wD00OOpqbs+jkQ4Rp7nRkux0Zi4eR9N8sjoJC0zExNZfZ7en+S9WSM4mZk/guR93yV/ZiikZIzRmZmbM2W+WLMGdJnSOmjGJS5UUUYjRZZZfonoQn+SPptL4OjpLwYwqhaUPgUUuy50UV6K9miijEwZ0zBDxieLon13+KPoZSdzPohcMkdGKMDExRS52ZGSNZ/Z7cPyMi2blFIuJmjqI6hmzJlv550zGRgzpnTOmYGJiUUV6bMhzMmWUV6L54mJiUUUUUV69TX09P8AJn1yf4xY+MZp8SpK6OodUtsV+u/VkizJGW5LVUULiMt0avE4ws+v1c7s60cM2LivNC189q9tdzqGbLkblGJiYswZ0zpnTRgjBFIr28jIyNyvXRRtyor02WXzoxJSjHuS4nxFHW1BzkdL/wAULTl8C4b5OgLSOmjBFLlfLYtGcTqrwdXyZstl7FilRLVUY/2dfWf9HVnW75WeLZCrtIlFvsR06W4vbj3MDAxMSkV+jZY3+lZfOmYmJiYlIlfhkoSf+QuF+RaFC0kUkbFoyLN+dpDn4Hq/2dUyVUSnH4JNdjPczXceol5OoPVfYnxGKFqzl3Jaj/8AodX4OtfYvY3IJ/5HnYp3uKJSXtw/Je/ZkXzv2aKK9uiiiiuTfwYyMBRrlaMjItm5RXLJdxzaHOZm7psz+RttUO2xR3MYoSj2G1HuS+51HYlD5FRZtLuzElih7r+iKRJTx3NPS1F3fKU5P8EKTrcWVjbFsb+fbh+S9uzIzLEVzv0V7FFettd2PiNL5JcXBPY+rnL8UKWrGV2S4nVQuJm+5PU1q+0rVf5yIQx3OqzJsooooo2Rkh6nwdbfY69Oz6jbY6m1ClZKbLMxzaM3LsxyktyE2IcRIUa7jbvYryY2SivA2zVU9lEj9qLslHJD22RGBuY2xRZqLb24/l6L52ZGZmbmLMSvXXLf0beuWrpxdNmpx2nFbbkeNm/B9Xqt2PV4iarsLQm+7I6afklGAniWdJs6TOmLTRgYGJSFqxY9RIequ51GZtbGc3siTpXN7H1DfZGM3vISFHbdkm+yFKhSZkS3HpSv7RQmvJKUofkjT1fgjKfktEY2Q0qFBE0kT3OimRgS0pNi0mKGx0IvuLSSKSPBHc1br24/kjJDkOZkZGZZTFErlZfpr2LRkjMyLZ1K7k+Ia/E1dSc1uxYmnBMjp7bC0ZH0/wDYtFEeG049kLRguyMBRK5bGSMyetKPglr6m0Bzk393Y0oS/wA+5j/ibfJafYSUlRqyadRMHVsxQ22WRjkOKXc3+Cmu5TOzoSNTL/FkYvsRgU2JP4NFo2MkOhxiKMSudckUVy1/x9tF+jFigKBiUUV6q5PlZbJ60Is+qXlH1X/tOq34OqzrM6sxylLyUjBPuRhFdiMYfBXwUV6LMjLuZbF7FjkOUjiMpbJ7nR2u7/8AwQgpJS/+7/8A0jRWCp//ANIJdy8WakoyX5UR1cVSMvJUhJx7mXklqX2LlW5Gck90Qmh/BgmdNDgdNnTkRgxRooS5UVzSEUVZRQ6JTh8ktbTNXVzVe5gzpigivXRXosco/J1YnVR1Tqseo32MJdyikfaOhdqFpNnSZ0SOlRXOyyy2bmLEvLFExoxJSgu7HqwHrQolxG1UPWnZK5bvuabwWKMx7oikTgYkVtsTg33OnK9xQYofJihaaFsq5blPlRRjQlyooxKGjJeR6sLHxCHxL+B68zOXz767jZZkW+VFFE5xgrkPj4XUULWTNXiFAjxEpIWsxzdDQkfZ2slKUO25KetLxQlL/J8kmNMUJC02dC1uxaKRSRtyssyMiy+UpKPk60RTj3sfEacfIuKg+w+JVbEtTUl3Y4iTFFsWkzoyOnL4FpM6K8i0a8nT3tlIpc6KKKZT5YsxFExKMRK+T1IfI9eJ9R8IevJnVn8jbf6q9U9SMPyJ8U/8UdWfdjk2zNLuPUvZH+VDbrYhCXdsTdUYL5NTWSliQ+7YS2FBsWk5ENJd2Lm5JHUiXzs7cq8lCVHbdk9ReDvvQ7KZ0vkxRQoihZ0SOm0UV6K5UUYlGPnlRXL/AKHsjNI60EfUIfEMetNjnJ93+4u5sZJDmjqs1Nau7JalsV/4own5MUnYoXuQ0zo/JPTTdZGNukyOjudGL3Y+Gi3uR04xew5Rj2OvGX2x7iZlS3FqIlrb7EtWT7il4Lo77i1nHudYXEf0S4n4FxEo7shqqauJv8iLSG4lRMXex0LOghaKRil66KEuVctjExRsjqwXk68D6j4Q+ImPVm/I23/B4sUDAwXklPRb+TrL/FD1l5ZkmVHyOEcbyFqNdkSd+TFswpXZDVnGO7FxPyPV8ktWTR/2Ymbj2IzUlZkOSrYg67lmMTL4JSZp6jn3JPFWxuXhEE2aalpvYcmbtFPwdL5KSHkyUWLTd3ZYymUzExMTEoo2JakfketFD1/g+ol4HqyY5N/xUtVJ0h63wPWaNTWj4Mmi8+6H2It0bPlJy7GImovY6rLswizdSLHQ2qM0+VOXY6cmLSMaHASHJqeBHTLIq9jpSIyG2SjfcUKG5Cy50YsxZRQ3FD1YI+oiPiX4Q9eY9Sb8/wAju92VRJbmz2KskjvvzUpXRsZxHFeCUZXsLIU5RHrNrdGT/wARSbf3Edi2PTUmOVdjMtFFGA+HTeQtI6SIwUewmXzocCiqM4o60R6/wjryOrP5HJvv/MSl8Db8CbrcTrZmL8FFjNoy2EnWxj8jNvB/0PZCsSTOlF7sVvYxS7l/B9z7C0n5OkKNGJiYmFigkVQpKzJJnWgj6iI+Ifg68zJ/z0slshJ9iXwKPky2EMj3K9EpUf0jBlFFFCjFdyMIS7EEuwquiVWNqiLjL8RTjliamrFbI60ELiP6OvIerN+Rtvv/AMEowV2TimQVbFkVl2MdxR+6zNeT++VGNuxaW2woUuabofKGpjsiGt/5M66+CMnFNIjNxVITrt/wtkJ+D++TiRxRsjIqMj+mJo2LIsk9/wDizFpxffuRvzy2spIooxK/43KdPEavsKM7HFvuKKX/AMv7/8QAPBAAAQMCAgcEBwgDAQEBAQAAAQACESExAxIQIjJBUXGBIDBhkQQzQEJyobETUGBzgpLB0SNSYqLhkKD/2gAIAQEABj8C/wD5C64rB+peuCu49FRjivUf+v8A4mYkRmaDH4VqQFXGZ5r1k8gveKphz1VMNqpA6L1hVcV37lUq/ZwPyx9PwZV7R1XrmrbJ6KjXKmH/AOlqtaqGOQXrHeaq8nqrq577B+AfgOuI0dV60K7jyCox3VUY3zVMo6LaPkvWP/cqlXW0fZ8L4R99Ve0dVXFaruPIKjT1VGN/cqZfJbZ6Bbb/ANyqrraKv7fh/CPvGr2jqvWt6LaJ6LZd1oqNb+5UyjoqOPkFtv8A3KvzV/ktoq5VtN1f7jZy+6KvaOq9a3oqFx5NVj1IVGt/cqZf2qhPkFtP/dov8ltlb/vFvL2+rgOZXrB0qrnyVj1IVm/uVI/aqF3kFd37lWOtVeOQW25VJ++Sh7NrYjRzK9YDyqqZj+lW8yFZv7v/AIqR+1Un5L3v3Ld9VteQW27zW/8AAR77WxsMc3L1wPKqpnP6VTCd1IVGMH6pXudGr1jugC2n/vKqB1qqGOQW27zVirfgo9zi4bMNmoYqVtYbeTV693QAKuLi/vKq0HnVf/FcrerK4W0quKsfNbKsPwb17n0v4z9fw2Pi7n0r4j9fw2Pi7n0r4v5+/wC/tjfjHc+lc/wBO72tn5g7n0nmj3VvvSSVAAI5pwD0Q7FLQP8AXeoZYb/aMP8AMH17n0lH77nRBcJ4I+Ce6aRCOYgDwWoTw5qPaMP80fXufSe6tovooPuCvc1Oi2nqhmqYsi+NZZgRWhWZzokbPFaougW9USYqFlJmfZ8L80fXufSEe4oOxbuK+1207XcVTIX8ouoFBw5d4hQWZgDKMGKqPeBsrHqo9nwvzR9e59I5f0iqlcVu7V+1U6KN0VVO1VUHf2VSqlWVBour90I3u3KG3JQa0kzeEAzVmpVzmJ43QieSmcscVmDmku803M4zens+F+b/AD3PpHIfQKnZuqBW0VKoqq3d10UVe9q7Rqj2EDjvV0wHDGS8IjOBNWhB01du4KYhAwswF6rKGVm4WZ5OUWTbuB38FvUt9kw/zO5x/hH0Gm33FTRf2WcQwIsoYDAWRt/Fa/KUHTKpEIZlQ6p4BNY2SLQo4VIKq3kqmsLVhB0RPsWH+Z3ON8P8Dvbdi/d20VOiyoFf2kuLphUZJdUuQ1aJxtNkc5UDdQFGeRVVuVSgZooIjgi3PEKLtHmi1+63sWH8Z7nF+D+EfZraKnRQaL+21TsMbcbkMNnBVUwiJgLLRVDZUFWCzGtYqmzrcFB424LM4tnhKNYR1vMprAM0ew4XxdzifB/CPYt2bdxbRU6N2m/tpc26GJi5jvqpV1iNE5hvKOcD7Rx3qXOF0JU+aBFkRNUfBV4aA2YVJ1SvtcUZnOqJEpr3zM7Ce+cvgFANZ3oPIDYtVQ5tb+wYXM/TuX/B/CPd2VlU6LfcsIBwhvBf8gr7KdbcdBwg6HONHblmN+KLo5I3pobC8UCN6a3eAgBZOMZqeSFUBJp4ps7hCOGGitZQQzERyU/7GfYMHr9O5PwI/ehMlWGqoF96Baa7yiMKNXaWtZo81rE5bNHBfZm+ZAN3iuhjBYb1QdU1EtrCv0WawzQAieAlO5KOKoUJKAiTxTWZtYbu/Kwuv07n9CPL7zkLaEp/FVNTZZQDlCcHWIujvMb0YssZ5PuwEJEblIG5OMarbovsJXEp5jaoohUBkPoju3LFdEmQFXcpyitEbZzSyjcmjPv78rD6/TuR+Wjy+88llQJ3FCRTw36MMzuiF9nvXinOImttEmyNavdVMw4rOZxUV8Fy0NQHvXKYN+IaojehwCqNc1shxRzXinfu5JnI9y38tHl955opoMX3oIQmlwErNvQag3L4ghUqq8kwGIAkqTxQ5px4lfaBNHgrJjIy5OKmhzXlMdmDGPMoR5qbp7uA793JN+E9yz8v+10+8wuKfqtpYncpQPAomdHiEP8AkaGDxTh4q8Jv2L3Oi8ozvULhoJ3DQQ9mdwQxTAmmVFYjt3fv+EofCe5w/wAv+10+8xoM+Wmnmp3Jx3IOzySgCFrCQPFPcOOicp4qNAVk6b80JWI90AxA8EwfaS3do1ONe/f8JX6T3OF+X/a6feYZHjKJJlPNqUWbcoiF9Ud6rq60gLVbuXFZ4uioaChghpvuX2cH7RrZDpvVDO8tNMwusrHBzf8AZRmVuqklHgQhHKmgFhitQN6kb++xPhK/Qe5wfg/tdPvNwjZov8sZXbpqnmbWQc0U0QmGpc6iyCrbpo43WI7ggw2y0UrZCzihtDVPFAjMD7xKAmYCj6L7U7JWbIcqqwGaJ1DO5QwXQZrWr4otpqGO+xPhKd+We5wPh/tdPvLXNTYJznP1jwUtlzrVQPFHD0AJuDQOzZg/ghrFw8d6AmUW8VTh2PHiq6S1rA7xO5NEsaxwsi2+VMxGNGY7Uf0s32mshnJzOrHBYtRU277F+Ep/5f8AI7nA+FdPvFzmXCzuugRVNrUmya3cLacoqsR2zqwFmMnms0aIlRolV0RHmhG68pwFn3ohLjE1W8+KdizAYE1zzn8CnOLTJsJssTKyHTXvsX4Sn/l/yO59H5Lp94vd4IMhuaE0BM/2lCYWcGYVUT4I8At+gQexdWqqaLraVLoAj5p3igmu4+Ckb3V77EE1LVifB3Po/JdPvHCb7pUl0qIoU3qqz4BPBYDSuUJy6p3LRXsZprPZqomQqFCiOgAVTAbmscO5q9vmvWhUkqmH81qgNThArvWL8Hc+jJv3izBNgMyEp2UWRxMR4pYBXuolx+qmUM+ze6vKss11VDRB0VoqFWVFbW0SDr/TR4LN9nmYPecNFSq4g6LUYTzVGsXueSplHRetPRaz3Hr28X4e59GTfvHNcZFh1Elye0vtrK9OCIgLNl6FE5Y4QsM5dUMoEMMjKrk8lftTTTTsToLWOytngq4rvNVcT27aLhSXNAVcRb06BVY3wjufReqb1+8QcpgtugAIDKkrPOs66z/ZmFPHQwf9JlaIkigNUw7QKbbKqCFOmnboEPtMMF3inbvDTZbJW4KrwruWySqNCgN+S2VuVcTyV3FW8ynhobMLG5DufReqZ7JBxQqYrVTEb5raHtTcKC4kZsw3LY1d5Kl3uKhygKf+v4Wb3uCJw9y1iTl1YHFSORQFcoTS26jeoOgOJjwRtPmqCX8VUqGwVSumhAopzUj3kIsN8J2qHLVwv/KtCq75rWxFVxW7qVZvkqDyCowrZW5VxFrYhVSiBdY/Idz6LzP8JnsOu4DmsuEMx4rXfTgqmivRU0ajyFrgOWtmaqZivVvU5HqmEfNeq/8AS1cMBazGnkqYXzQDmZRxlbQVcRq9YvWL1i1HA6dZ7RzKgYzPNetHRUzO6IjJDVmzxPAKJKyjqqrJ4yqRLk5u8kJ3NOUZvJSsIgVhVqszB81UjzR1x0WtmK9UOpX2g1F4nTqqDJCuFq5a8Qo2irALbC23Hkqz1KqWjqtr5KxVGDRSVUwq4gVyeiMMdzXpH6f57n0Xmf4TOzrPCphGOa9W5erHmqYQ81XC8iqscve8lZys5f4m14uXrB5KXGToHggOCr39+zI+S1cQ9VBxTHhptoqi47ICz08EZudD3GCeCpSNAdM57qVEKBUq2tz0GI0UMIAuofFauIoxXOhapBVlw7ElTML1YVAB0W9V+ZVXhe8eQXq3dSrsCj7TyCu8rY+ao1qujVekfp/nufRuZ/hSDBUHFd5qWuIUS13MLWe6NJ3Rx0yKKTp2vb7aNoBQ1RCA3DTQq68U1r5nwW3C26BNy18WrKOpRZqwFGTqtQNCt2KaaqsabFWw/mVQ18Gqud3VUw2qkDoquK4q4VBour6cfp/Pc+jfEf47MaJFPb7LcqkLf5LZPmt3mqDyarO+ir8yrharpPgEFR3hRVhVctorf1WVgFd6nM0xuQa2gKaJ3XWQyRwWVswnQKIrVai1za6Lrerab+yY/Mdz6P8AF7fsqsKknotly2R1Ku3yW2VvPVblV3zVXg9VRv8A5WrhlUYFSB0W2VV/zWVtAEDZZ85Lx5ImYUSdN9ADgb7lApzTa5+iscqLYpyWrQLUI6ohzpPgtkrZVY7FvZMbmO5wPiR9nuqNPktkrcOq2/IKryqyeZWyFtNC9Yt56KjFRgW7yW0VrOPUqrldWW5f0rKgVlA6qHGm+EQAQFvX/S1jp2VQLZqrK6jOdFB7DRhUuEBUcfJUfJVHQpn5IErhosisb4u5wPjR9go13ktkr3fNVf5BbTlY+a2WraaF6xbz0VGFUa1XHktsrerK6votosVRitCqVVyq4qsnqv8AHgjm5WE+DUK/pRDYRaRJWbWot6gwqvVyrLZHsVtNAtZ45LKBCson5K2aVI0XhVc4qg0mixfi7nB+NHuNgrZ+auFtfJVLitlWaFXEaFtyqNceiph/Ne6Ft+QW25cVbRVbS3qyoO1ZbI7VwtYtW9QMOUcuE0TRbKoNF/Z4MqS0rYUDMEIEaOPYKlXopM1srR4myymjvdai5xJO9Ynx9zg/GoCsPNbQVXle8rDqtrDC255BUDlTDVGALaAXrT0VXOOi3a3d9WAtsLeVRnmVRrQtpVefNX7G7Tbu9bEav7VXDTRV7N9F9IAuv4VAjI3JvijqgcymmaSjiPLocKKrHg8VRuV3CUckN6UUQfhuolnIINLY6rE+P+O5wvjWbgtXD+ao1q2oVcQ+aqZVirK2i6vosrLZHfVIV55KjStgLaA5L1hPYutpWWyrBX0W+asO6vpoCYVGtBVSpMkq3bmyNVtIQK7wjQlo4XTnN1t8LCLcPMwXPBF2VpbugLc47/BU923iqvmRsgrM6M3gvsw4AeBRe7zuid3FapBB4IZnfNRA1rulUapKf+Z/A7nD+NOV9NvZaMVA0LaVaqyuFfTbTcKrlTv76bnt30XUBXjxU8bBZTUIEtknemiKGx4KY2d4CzhpBN0zWgjcFmY1Uygq4PMLWxZ8Fuzbk6YjwVRlRaDTeqBwCytbI3rUgKXvM8VOYlambqn/AJn8DuWfmI+zb1Zblu8lK3K63LcqlUBKt5rcqkK+jerdxtDxVSVTvCYlWpvXuydyLS9Gdr6ICF4qPNUzEGyqwrLkniVko7mFV4A8FqtcVAmeSrfkrOcqNhB+I6VTBnxKGUQ25oocJATjYcAoxJk7lqCG8UL5lw8FFVWU/wDM/gdyz8wfyj39iVRg80aredNlTRsea2fJVrzK2R9VRm5WrxlVy13KBHkt/KFbRdc9O9VU7l4rZChpA8YVwd6zOzdFqiOaBGi/ZFESUIVN6pHitVpIWzA4LLlp/wBFS7KPEo1k8VsIQhmMngi9zdXcIWTW8BKh0lbTB1Va8lmIHRDK4AeCl0wFqN6lF8y4qqzFOfiHVG5HLXxRk/tWehhHExCsuHRf2pe6vAKjTof+Z/A7lv5gR7qqqQqFah+Sq75KXE3VGnzVsqq5QA7mhqfNWaooOi1nfNbbcy36L9mldE1hRmry0Rq81xVAhQVRGZADaPHctYgcqqMNtPFZZC2iq6LaI0k+6oqSUBuCLRNUA405qoOI7yC1WNarT4yiJk8lLqrYUsHmozdGhZjJdwWzlG6FrMlePNVkR4qW4jgp0Roq5SjVEBFsGVMdqyrCf+Z/A7lvxjsW7N1Rrj0QOUD9S48lUnzWzK2PmgXEfVETKowdVZvkoceiudHirKjPkqhQjVZXSfFVYGx/sVtMm6zFzARUiVlw9Y8OCGo1v1UmFEjN9FJNraNpGXFVnRZbKoKqAEaWWYQm1FdygFcrI8UcIGVlpS6zZxA8FQvLju4rJBpusiXNLuanI0KMPDoqiqiVKlbs3mtsgeCotleqatlqy4YHFf2tZ6udFQqK2igVB2aBWCgaAn/mfwO5HxhDn2KoQ4VRiJ5qtFrz/akYfmjQdFQuVSVbrK3K/YuFV3yRl695wQoI8YUMd5I8Bcko0aeipEckJxfmt58VUiPBb1ImFJKt56ZVkJoiDdBoDphOJgAe9NE3/Ymg/tMl0DeeKdra/utCH+Qz4CiIGK/MLrLkceLihkblA3LV81IJn5o2BPut3pwdEcM1Ai0VjgFnHk5FxF7UVirqhPKFrOW9WJ8FmnoosVEStlXVTKoFbRMrw7iNy8FRQoAUK4XFAAJ/5h+g7kfGgTxQuZ8FRusoGUSqvceq/tX0b9NjorHmpJB5FHVdKEMt43RORlfBZdyEqpPmtWNFZK/1RBdPFRVGGyJVGNVfkdAXDRZTlUGnitZ8HcOKAoTwmgTSS2l5KDqcoRLKk7kGsiN6H+ql0TuTprwRdNfFVI6BapdH/SzS6d8qhWYfJaoE71Z08AtUQoPmro6YYeun+lWVGncqqujjopfTGmqhUCo3RtHsv/MP0Hc/qCPborKymab4VKeGiFC2VOaFI1lBI5IGcqgguC2VNl/zxRFWgWWUNKsVtqqvo1QVTDJhTkyj/YrPYcOKrDjwlGSKW8FJr1RkUCktZHioGGytVDWN6BGwUEiFVyoWqhRorKhWyrFWB5qwHJbazX0V7iuiuiysvBUst0K+igVgr9rUwcR3Jq9VHMrXxMNvKq18dx+EQqsc7m5auBh/tVO5/UEexYreoAV+apZVeArFx+S/xgc1rXm6qCfBaggKsBVeswcH13KRZf0pbcKbc1MEngrVO5ZblUBI3ok0UVjisoCo3V/2hTlIbxhUaQ36oDLAHisoWRsAbyVDTq8YWXNDeVVlY10c0GNpyMojW6KrZRa3Ly0RVXVitlbldXV1dXV1fRdX0XUzo8VxKoqBWqrVXj2L9q6voy+l5mtNiDRAtwWu8SZWphsbyHsB+IaA77MwbLYy/Ei9748AJQZ9jiEb5ohBDHeNVlY7VFzvK1miAhkFF/kecvAIhtBfitUGEM+5OJivyWVjRnN1yXGVqiikhbbWnmqPpyUyH8yjDmsR/wAhEUkNqVlwrb1lceTQjKMlTKy0e0XBWvQcYUh8BVxHcgpmFGYrZM8ZVaqgXut5LbKoSV4+Kuqmit3VlMKTClX0XV9FtF+5touoY1zuQlCcP7Nv+zkTh44c7gWwsmIwtd4qCv8AG7Ph78Mr/G7W3tN/YD8QQVMUdFqy8+Cpg/NUyD5qcR8rVZPJcOap5qPtWweCzZiQtWnRe9CFENyztBI5qMoa3jCdv4SpJjktYqGeRWSvLgjJ0VChuqFR0lVNAtaarVbHVDLJPFZQeiMmCriPBWzBU1v1KCJI3A1VGlXOnVuqnTbRXs/yrUVIV9M9qlVq4D/JVa1vNy18Zo5CVrYmIV6qeZWphMbyan4mFjN1jMELYDvHMFZg/UtfGYOVVrue/wCS1cBnWqoNOTFYHBF/o/8AkZw3qqDmuLHizghh+l04YgUgyO+PMaLStQU5qC5DIACeKvzUNfJUAzw8FQmVUwPAKwDUGAZp2kGUgFV+bpVxlUNxRCdavgs2+agNQMU4KBZarvIqjKcZXjyUuEHgoEnmtaOisCg0KSji+QKN6qQoCurKlFC2nLiq2VOzCjtXVT2dTDc7kFTBPWi1nMatfHPRqrndzKpgM6iVqgDl7FLhlf8A7BSRmZ/sFDqhf4jmw9+GVqGH72m/eu5hdF4KDQDdxVbK26Aq3Vboy6NFLqXQeKzD5KhcmuJFLFQQAeSvB4rx4g3W0ofuprBS0ZkCKU4KkKtd2i62uxlBopJUSVQrfoiqtCrohW7WFn+0JcBMGgkwsLLvbXz7J+yYXxeFVobzK18Zo5CVrYjz8l6qeZWphMHIe1l2B/jfw3LLiNLSgZLXizggz0rpiBZmmR3buYXRU2k0Qcx4oB9U4NBi9VI2kc9yqdQiggXdCUZ/8qp8FtdVBMokszQoifAJp+lVrFRQLalceSo09VQKoGi3y0blcKp8ls6IgyqCPFfzopop2wBiRAAoqklW0auFin9Krhx8Tk5ryC9xmn3DkxGhzfFF/oxkf6lFrgfEFf4nS3fhlaph+9p7p/MfVdFJMKbu3oUM8dyLfdHzUhbJ5qsl2gdjZWdxoU6az4aKlC6pVa8AI5XHxUBEV0eC1DKyC/FQ3RZT29XCeeQWd+E4NV1ZWC1Gud8LZXqX9aLWOG3mVr+keTVrHEfzKp6O3rVajGt5D7mjFZXjvU4GN0cp+ykizmOCLfScMgizjv7l/MfVDkskeajIPJEmyDo1T8lR0crKXRCoKDxuuAWqoKIiFsrLNyqDzWxbgqyoEQgMoV/JWUAQOSJxTrbgAtn5KlFAUDs6oJ5KmC/qIVQ1vMrXxh0C1nPcvUjrVajGt5DTmLMrt5ZSV6rNzctTAwx+n75f0+qHJRKrs8eCIzLw3qhCjJXktcOzLd1KjNHJUcpMlagotlUCoHeaqVBfRbytntauG88gvVRzK1nsC1sYnkFVrncyqYLPJU/AmJ0+qCpxWo7UO5DLM71RVaT4qA7oF4rW8lWoUgwoLirKjR2YAlUwX+SqGt5la+MByC1nPK9VPNauG1vIfgvE6fVDknPkNHihXVUOE+IoqKit2tVjjyC9Ueq1nMC1sU9AqhzuZVMFnUKgj8I4vT6ocu3tBbynYeJmECR4r1U8ytXDYOQ/DGJhsEuP9qPsXWVmt5la+K0cgtbEeeS2J5lNOBhgYQ28oro+1ZhHJ9dGHjt90oObUGo/EGc4Dc2g5RqYms3+QixHAO1hW5fiJzRtt1mc1mF1h406jqO5fiP7Ro/x4teTk7DPMJs7bNU/iJ+Eb+6eBUkazDBCyzqYo+f4jHpLRqYlH81HvMqEzFG8V/ETsF9nIZ6j/Ye8E/0cmh1m/iMte0OadxWbCwg0/wD65//EAC0QAAMAAgEDAgcBAAMBAQEBAAABESExQVFhcRCBIDCRobHB8NFAYOHxUJCg/9oACAEBAAE/If8A/IU2kraS7n3jkNx7Kb/Bo/E/0ffIaQ06Zl9tiVV/6r98xw/XGz9zLP8AAkvyzYXlJwJ5rNN8X+zhDxF+Eflyw6tWN/Mre2yFdBqGCP5j/pn3jlRvvZdNf4DmyPmL9iev3/8ABwn7NmkfB/Z+gY/B9z52Nn/gbNlW5b9ydiuhZZ5EkkE+AwV/M/6E3Nn3qlN17eTVBfyCJH7Gse08Ts1XtKjafYHJHltjZ/4G8Gz22/cnYor0+ZJBF0+cLFf1P/2vvGKj8UnTUeSm1fkkJ6HmhrVfDs0qF2V6MWmV8tsbOC9h7n1Bs2z9yEfwCCLoT4oT0hPghCE+HcYfwY//AEfv0IjZs8r+D8SnNH7hD/eT8Id08Ts/HBR/5A/BxZ+TZwxeB/8ASHtM8sTvkds6jS9yeVO+J3ngXsX4Z86ekIT1IQhDeY+D+P8A8j71CI3rPK/gS+4n7P1kP2JfkV+j/CM/2aJ+C/8ADP4Nq17tv9nYLwhsPqlbn6idiE9SISGB2osbfX4IQhCEJ8qenJOnqQnxwaIbDDxP+f8AjODkvy/Q5t96/JofYH7NN91+EP4fW/bG/wAJH+mnR7/0coe4Nul8Aex9Q2Y8shCEIRE+ZCes9IQnwT4Z68+khCfKhCeqYeD/AI32c1H8GvYQ28LL8nL14/7F9fVMdZ7X/wBGv80OV+ovwbt+6/kx8UeBG3I6ZbF9CvR5Enj60IQhCekIQhCEIQhCEfwCEIQnchPgnpPQ0QhPkJ6LZfr0UT6VYS+ZZs+1iI/Gq/wE9fG6/MP15vw2fnM/6D2mnl/bP1U/0c/+f0Q3Z/jk6D4CNiwde+RM0Wrc+pXU8yCeh4nZ6sIT4HfjhCEIT0T0T4BCEIT0nognpPRJ6IT4YyhO49DsCZwWJTtCVcGJBF0HBlhsz8nyU1Y3u3Oxw/Irf5ZsZ/zYN1uxMKw8xa0kvCHRDpWE3oE/gE3K/Q5I8YF1TyGnSj4B7DQMdjtIT1JghCekIQhPQxIT1IQnoXqoTJCesIQhCE9J6QnohCFF9ChM+BFBK4Evghwe3wYGhA1GWG7MshDKPlYIR3IF0kdokR0J0EEJU0QRbuT0sYDnofq56P4J6QhEQQQYss8RehPSEIQnpPWesIQhCE9RzOCUidYmpFPIpV6mI+kZZfwJ6T1Squz5OPwcx+jH6DqCQg0cCG3y/Rt9BpiDRPSFehoZfSE+RCInrj/gwhRY0IJBIh6BI/hHHqM0b9IQnpPWEYuPt/PyfvnwIugXSEmWiEJBejdxw9h+ga6kjGSkg3B+i/gSlPcs+AQR8YD9RZRWZMkIT0T0R6PYQhIKLoiG/RvoQybOSv1yRnkT4IQnpCesIQhDNH8X5P338lLBItiSZhwL06wk0Q8DvIjk8Bsvp4EvB1MbGbIxxeg23/wJ8TgiIQ1yVei/C9kHgVK+vpp3wmyFuGdo8yRUO1FFfrCEJ6IQhCE9Z6Li/i/J/i7oUgaowhlbejqBTZjUMw2i+hWPJA2fJKNR3HWxiP0Gw1khCEIQhPkwhF60pSlOClN/Aa6FeorEXoNZ5MPerXBEEhNYaWadKYw5SEp8kIQhCfDEIQhCEIQhPRl8kmHk/wAIqMtIbqVHgZO+jSLQtDsyxO9CVsSkNLzNvfqoksjvRD5MDX3H0XpCEIQhCEIQhCekJ8UIyhjgXWJXBIghOwuoiXH1EjZpJcmuyzOcKh8VtLFZwOaPdKI1kB5eBcSWKV0HxeKcIhCE9EXwQhCepCEIQhCCf28Pk4f10MmIVsMSJc+g6kQ9GxsIHO092Q5bE2LtbLPJ1xBYEKJQ2JKFMNhonyIQhPRc0NGvSX0JymhgnyII9M30RX4KbEzOEDVqsfSG/kz1FVV7UV+ocDJ2zHRCcrOkcjOkuz90EM64STQ8BJdTwhmgj4DxsmQnpBfGghEREIT4Qhrf3HyU+mv0UZw9DCMMVW8I84T6Beoa8iR9RLoMjjkS2US8l2h9eX2M9EPjDrS9B7+C9wanPpCy+hfY8GaMsaFBLkLI5gkuEJPoTqzsTYm6gRt9oiG09h6SbG8RDZ7b+Fkd0MQWs2CZtyVuoxirWXZHb+gPWZSOL6mSTPB3gwkTUCTLZps053CIRJtNPHqIIT4b8qEIZfJJ9s/Ac0iFb5Q9SPCIfDKMoOe6QuRryFOlTsQwgX4+pHCdY36FRHJehKkJ0hvQ4ASpZw7x5EFNyczJeBHqVlNU7IZurEmw3BWh/uhSsJ1WLURi+Db1Ecs9hmeaIxeonpCC3llCQW0eHTB3nDQnZm7RXBi5sEtwV7Ma1eBrFXEZYkP+QG13M0K7XUiSLHf5UIT4BCEJ6kMvE+U0XalLubYmY17E+Ujq149BvXHZiUDwwFe30IjArott/X0T0EjMN6W0Odi9IlwclfAnkVdIfSNw6yOlFiHRR2RfxFpYU8jR+JHdseinNDdyU5M9fQkL1EIQnwBy0O5oWncSb8kUNJtExZLOfApseVs/oGaadUYVb2zEN8j2JocuhoSNX0eKc4oyylfseRp3Y8GZ2HHfhCEIQhCEJ6J6IQ5Mv57+Vw2dE04O0W5O6YyKbE8DL1ZOSo3q+uw2h36MMy2S4L0Q+7KnAw2zLKgig3oNfHorpx7LQhpRvSSNgN8kIMT4QnwCE9EIQWiS2PTkQWmzWm7TyRVNGJ0+joFxVna4FGKI/BIWkObKXiEIsAKmEJUzb6QU8j0lYdh8MaPM2i0iM3V7fMLW0NP0QhCEIQhCEIQhPR96/fyfsYUDrMSOpV0RnkKyVx6ODE7j7hLoFecD9A0I8jd9L6UZGchOzTMcgWqF5R61jfoRzgew2QnwCfECEIQhCek9EH9/BGZkuxJRZWTdpvGzmas7BcA2PH3FemfBoyupoNkLGaJlVxbDN8F6LQ4fzPAy2cT8MtKU4G6LeGFMyn2IWVU8EIQhCEIQhCE9SzP+rfyftH4ekoXWzxiOEM8CnIj0X1GoqaQy/cN9F/Cp8GkcZ20hJDmQf+IGdRG0DbZCE+QAhPRCEIQg0T0QnohBWiRPoOOE0axoSCk8MuRDsTbekKndqnoY5XSWxvaZrXkrtjV5rLS5nQ0emqbbZipe4DKst4JxCpJaoEVynCml3EpGSaJcieK5IxlSVM4IQhCEIT4hQmGZeV+H8nHwPwPshJi6hE7BmJREhqOIHeWhLmjbgbdR30W9ITOQzvAkaRDinBSDXhDPoje/RPhCepCE9EJ6J6J6k+EFyK2JtTY+TE0rgUaJpqkDFXkf4vvngXFJLtDLGqNcGQdR6I2YYWoVlaS+ZfHBrtNNueRyXeXctY3jLP8A0dC06L8AjOQ+I/rQguS5cqZZKEW1cKZxGjyNhA9QuSKslqfDPhVL6Uo9My/qy+ULpOCMUOyKPTJENAx6L1MtCorhRPbbOkp2JL0m/LGGzIQnwhCE9EIQnqQhCE9EIQnohCFWfuLjlrWz3s7k1tRWYF1VOT9jEJJXTex0eEGDD+gjSFgmuohYt4LqWvE1LuNel6GWyZas2WtPboUB3GsEkkigUo8UeItN/wCjO5enYTxDDoFe6JjFhpcmCxWs7GpXNQOU1yJenqkT0pfgZPYroJx5vBmu7/d8n+PsLfGdkSnoxm9BG5PcQL0B9A2cm+fghCEIQnohCEIT0QhCEIQhCEIT0T1npyL5hwMoa7l8jk1oTbPY9n5VvHYUNYbWL4EqnmRKNiWoRyA70lWn2E03I65M1yuiHhX0GR9WmpLA5ZVO6OYgIltHHoY4pfTM/onDzYR5V5aHs/D3MshOItRomcQwHWE5q0JUQnpCF9GxISGC+ht+wfx9/wAn+/j1KmXZEMIaBrwNw23yQhCEIT0QhCEIQhCEIQhCE9EIQhCEIT0nwgy5HSEOlycjOjD2nUaq6EvJjEZ12xYmpYOJomMZsxbjdl0TEq7htjtxlgJuenTmxvlnjbUexqNaWpk6sQrozw2i/X/w0J3jKWw0uJMinXIIaPFHFrCaESqORLQn2tA3mvAs44Mf2qQS9KUySkESKiSmkJ5XLEZs7M+z/N8n+Tsx94k8RuMtshCeiE+AQhCEIQhCEIQhCeiepCeieiEIQhCEIQgkKiVzkTaO/JDU0lwe3gv2E4LJ00LBuFUSvmDV2VZNukvyN7a8sQt0ZdMswyajzhiGTuF4HWNHU+hbvCpdym6sZpSS8Di2zoQ91ltwhnJTGEZBdmBaySNsYxppU6h2QiSN/famBsq9SjIvqK/RSrghPT7wfzOnyf4PPp2hshCEIQhCEIQhCEIQhCeiE+EIQhPmQz62DMEwy6KE/BeVZXoQ4Laky3g5UXboxztu6NXucGe5xutu6LbLC1GEqvgeDpgneJjKNN3JFgw8hOxJVJ94MBxyKbkZ0I0ksN4YaZg3IZrmN2xdBZpnq32GWAsOGJPwezMk9WCL0S7HsCXwr9Uf1OnymbvRCEIQhCEIQhCEIQhCEIQhPgnxgV8fkIQnonoxSPyYD0oJEsf+h5q7i2K2eCkNXcTQ3bxijYs3IUKbvN3FWb4fORWybtrhE2nlNgt/kCOcpon0L8CWjEdGk7uUxzTa7vA2tJ7jf5Jm3a2vYWiOXDeEMdurLdvCnTBmu6hoeeCSbHEOKXv6PAT9BOJ2JORI4IIQnf0T0/qdPl+JvE9IQhCEIQhCEIQhCE9IIwnwHwPAnrCfDgx8NQ2vgS+MlYWX0Q2kWMJuC2xz2FpNGWxj5aNQOzCuzMxRKNSQSaQysdhLG3QuwtFi0opI3nyO3F0Nal1ZQ88HTHdlUaRvV7HIU2VOQmXDkRcn2P7jGiTwWzQef2QeVe8RQKdD2Iyjz9aCerY+f+IfzePk/wA3cbl3EIQhCE9IQhCEIQhCeifBCERj5EJ8cfxMhnRD6pZTy6nORPYJiVXcvFMN8B68ijfDexI1LdXBS5vsBkNCSyzfc02mdCSyrZJPgzz55FgYN9B52ZN4uc5MoVygrTwMdDc2SuxqcaqCWFPoLi3T6mVdGiadUTb0u4tp6mpjUF1rI1JCPUQlehKUIQvSfGxo/huDZ/WV8n+PuNvmQhCEIQhCEIQnrPghCEXwVFKIhCEJ8DgiJ6IQhCE9MRK5Rqhz0pk/w6IEhlIDkmrXdpkScmRIbkxutZW0i+gKMczRkV30iccJcJDr1xoKshCb03yJryeuAoJzdOYvrjQlz2OpEy9IptGWGZwGFRWZj/sGI6+UsUgNQjyXDHFMDKcFum9n0EjJeTNbduw9skUE37k+RPgh/e6H9jqvk739yPySEIQhCfDCEIQhPkQnwCfJnylp9AdsbR+BZ7CM5vZ9EtVfcKe5nTeF3NT7jROJDT1dQb+Q3EW8NvwMVeWYx9CGdHMycLrXgylOgtFZBJuPcUOk1TvYbo2/I2J+BcHgZQi9l2N/Y9273J3kz+qL0Y+4KOZsJJL6FRiMigwpRDVZnX4qiCfTWK9EMWf1D7z8k2f5lmry+GekIQhCE+CE+IEIT0T0T0Qnohn4KX44JYTVYxrZl+CL3zpjNu9A3B0iITWvZiu0spjXrGiLMIdvgwxY9ss5Daqo2ptaG9JxhEw4+o+gVtWBGGSemxO8WdFCOJ0CTeQ2KSP1KF11ETbwU2QVl9xNqGu7MGRekPMczcP9DVxe+vQsopfWEGD2J6/zuh92+Sf292aPL1hCfFCEIQnpPihCEIQhPgpSl+XmOSPqTyBSwdKltsaD1GdDEtwyEkfOdGdXI2bi+9Ha6LRaxenJdVdccCtBXjghMauxZN7IvYdXJeR+H0DCcL3EqqiY2E+gzpnOGMi+gh6kbzP0NKTbSpXqWWFmzporqyaHCLbK6+s9E7euPTPwbdokkfw918n7l+TV5EIQhCEIT5UIQnyaX0nzgP8AYophj+omkeYnHgacw9ZbrxwPecXyOVGCjB7UzsbXsSjawoMbTKwh9UCVNDYcHPqITtbtg0S7s5vAgtk/2GDafY90l2G8EkzRNPkQ+pcvoYpOgHpNbMyGU5eThKTWJx2LmXKJ0k9GVj2WXLj0RL0pWRkKl2NC/abD2cn6vwVWX3C7CFikRj+jv8n7Z/k+2f4KUvwQnyb6UpS/BflQnwhCfDSTOS7iyZv3FywvFxkVxNcCCFTySz/0yCBRKbeTY6Z6PkTtdg+jgm6ySKcD9usjboPwNk/ZOo8qXGRJ3G2SZhaQ0ktVQqwbDuL/ACPqKqfcO6LXMwu248HlGChsJoO8dvZBNpBD3RdvgPid/TSi8s34fTIxzHq0GljPgSMq7H8UhFNHgkOsh3YvJ1EO+BGzGNTeD7f+fk/kn2j/AB8AhPSEJ6T4oQnpCE+GEIT4qVlL8cIQDIm+B+Dt7RYqnUavWjwn4BPsyQSoNJ9Y0OrwnH/RhUibFM80hgjy2lyJttvviC9JM09LoZLs+DYryZfQd7hSvhIXNIUbVR0MXHVGhhmiWF7iZlftkfBbNBEXtNLDfo/fcafpKQmSEFFWHU2U+pnr6hh7kWiZxN9kQi/QWobKJs/gdfk/2eD+Ls/ghCf8CEJ82EJ8AhPWmRajW+ngqI6/aEXe87e444NbaGlP4NMacL6DEzmDx1FRG6y7RJUoshljIbeYPpJm3BbVycUSjTD+pHwNd0bl9CMuk2ZNJnQFWyvT0ouT2dXsfDZ3MRVTf2FtefTSM/YWl9AT9+4yH455HsKm35Qmd8XscIOzlWWV6xHJa+4hr9htibbViqNaFD+d3+T91+h+R+GQhPivxQnpgbSV4MrHtk/PjBsT4UT9M9y+kIT1nwhDHrWX4MejcIJttJI0jI0IVErGbfYh0SZJxe+DITCSbf3GN0rVTD6q5beBkyjpRZdJNVKTQ6H2LL0HSOZBzbjdxKidPoLIexCSHCFGKG5apiNmb6hnQhPssqvAtzgw2VeGxElofliVU8JpM9oSBl3TJv4IX2gQ6170jg6XcJeH2Qtpi2UFs49mjnwOe75HoKvLHpR4RlsXvBu9r3GxlYhxLB/d7/J2gfnfh/HCE9J8F9FN8uGz6pbSMUx+whEJCbkYtfaxtGTadyxbz0Kb3bBH+gwUbvdX8CWvjU/Jm/wIl3k4h6wVoap+JFHXVun3LEMv2G0N7kE5JpqesnSxjZlkfRnAH4TEzh9GWcL09fxuhRA+gcynhRnFd2/0LoXJ7eRljLUMFPe6msiSa0rzybzN9xNXX6SptDtriE9x4rAtN8xTVN6THb0nOhoVU5Y66LpLQykIVEe7EpshbSnRRb6WOEMVO4xVLNsqTnYd6jzXoN1l4IPdRaSl5PD5GWCEuKMLdmm2CFso9FMDOvONkjwh/gIW0J/sQXbXgcJ3uPg3nI24SS8I4BiGoTyJd/XUg/tw2rly4+WAb739eiaemnPVI34adYkyZ6sDF+5FGI92OAvcNWsFgj66wLol/wDBMn38CMMjkWPYhs8dY6lZy8nQ+ohDhBlHjTsM699Hh59L6KUt9NCZqX0MRiCiZIvf0ZbMCZ05p9Rp/dSw9tpINXmKkWtD6UIPEIGpbaJ8iJsa4k06DnHyGfEQhFxMKwYTJS1yzO5mwmhH0DhP+iMQGZOvoCLJuDQVqoSC0+iLvYeMDuJeQhVXJJ4ENLtSEpVFxTMNcdGOfMTiIQ5UQSaKYc8j6YuHBBpHCQ5+rdMc8MH2nwbrQJ/Rz6VbjHuSMDH5rEVEI/8A0nCPD3Cf0A+SfGDYD9zT5QMsqRpopBQoH9ns95roMrQ4Wi24lTuJ3hIp8Ok2Sx254g6KOrxkWqdA5ux7iKJ8Ftp9Br3K9EDS6ERUX4IQhPhvUYo0NjVcDhUohu5G3Vnkez0Sb0x2Y+7E1yLbMbbJVp8mYb9GmGp5fJjrBQ9ArSyexKUWeqFLk1png3nD9GY7e56QwLrNMTuQ3hKtG17DUbWytFb3/QhNN1ZsqxLG3K2dofAexHkhrq/b0BTp94T/AENk4GPzTQ0LJ7pCatD7sdxquBH7AlC4F3dZ+KijfofMRFsDV+o71/YpuDHR4L6/Q+R978qQ0fpH09LmTmoN4kMIWXRDdFrYnhLGOw2/Q3fVhvBRYLmlN/Lo45QxgY6PDCZTrS7CjVxx5ZMiTcX4Pf3bBkUXvv8ABXs8j/Jxj9BwT3WSjh1bVMgX6SlCuJHm0UVoy6CZsnjIjbkl2N+ozcV3EVrttpFRaEepUb2s5f8A4VRfQHarRMtmSPc4PNob0LLJJN9dEExqypDg67jeKeRMz9Il1xPAvsinMOqfUtvPsLtG9DAStsiROC9kUXcNjZ7r8lF2+LYf2e/yeXu/Rq/QmVPyQ8i164H0fBPjvxSKnuTwmSi+piZsnZEG12KLi74E95QPSfihk/CkhDb8w7Se1/Jxj3gaz3gzhLGF+0RoN5dPwh/0Pc+ucifkJlvCWhtUariaHQdm4UjdMvYz9CO4x/UZE9hJbj+4jyM4UwGZLqyVHkoZkQj2JhS8JmhqI6CRMlgYrHWtQz4YJq092NcC7E6bEklwQKui9S/Bv04OnrPSE7FDkx/G6fJ+7/o19WUUvq/hnpkvwQhjqjtytiL8KXeIY2/MF0iBf4KOmJbX6+Rrf4sQ95X7mvr/ADkS3+7SP282x6ceA/1cf5iGXtB1HZN+z9DTePsGnDl//qXWkusG51tPJ8DWii8hYOKm3mDNE3sIZt9M0XWCWee9MHw34GmPqYyEwWCN1Nidhvnk0oh+kdhctfuMiitipS/K9/Rkz3EOgdwAEyo+4XqDlawIPQ83BsevqEisZWhZcZTLEl09Cyzn1PsH4+bFX8FL8MG0uSBbCCetXlo8ALjF7pD237CK2eSuC+x/4AbJPbI9BEQ2vLRxF7tjOkeB+sXDmN/LYgFyR7iTkLvhI4DV0XhD4mn/AKIuiBf701CL7HhHOzoMed5KbZNpxMjxT00VCNcpMRoHhHNBJGKVPYoTr5UT5gJe3DDd+4tL6QmWEoV6+3w8fAs8/YxdVH1pOg8OBxx6N5YodkxBThF0RW3akv2SpJ+wstdSaE5BZLaVLUc5EzSg1Ih4iDpROaUV1QtbnwZyya6n9vb/AIFH0E09V+EaT6JTo8oM7T9RdT7BfsCC7nyxfoZH2gGJ/oVFTT1oXkM6X1mf+BDY/Ug92+TotT7DgmLkJC5PsF3QnxE6P0IPLiFdSWxdx+4kqciK/QJOiQhEiUg95HljFrb3Bxtn1VG+ZrdZAkFT5gnKshOqhPsd8zyJ1bIidiMhCGO3pexTff0npPQh+AmfDEz4MctpIbPDlaSH6LcJOP7mJTru8kSRDpDBxx9xkVkMtPyyLpURp5FgUwNyjE9kuyJP8HBxicvDEiujOx4hHNmyCaSmk7R/V2XysRsRWJ3B5CZtIjkeEX3XubT99R/hiCQBPa+xyP3Yz/pH6JG++yH+QxT4fuxLiv0EzqJvJ/NC6qJfC+omIaRUjx9HsO4V9SMT9BjgwFtsU4Zs3kYmz7eTXfSObsG/9w6c8I+2EdQS8sTP0LuHlTupFdiY0j3+xjqY6Ht6Up7DFRLPLYvWvonWTxtbDhQN6VFcprmjGeO44J+xg4IhcEV0jwYm84ybbGPIk7y7Fern3Jd4lvwsdxO28ttPyMJuyKYVKVeDGltnm/QSXCl2l7iue92LPoasaFz7CSZ9lFfsMF/YmNtkU+AR5lbYIRKFxmZv6V5H3X8Pk7n9wIcyqawT/qNEvYxP0kl6BTrWsV1D/wCti/8AgK7bL5CTsJBDkL/6zBYDwX0O8Nt7Y/ijfBwA0XXB4Z+43cP4B7wghiXlmQddonXlul7DeMibGKOszNMM2LTdmmr2JWgw8ttFRz8hGzE+mxrJNEfb0fh65ZUHkh3OdNHSX15MJq/sL6Ng8b6ofAxMm9cMW0DqyPBexh5SIDQgx0hMRWlb7mbJN25skng4qLKLm8DZl7mPYtPgkZ5S9iEoMn5GxAo2ZjI0+CyLKLFyLPnRkaEzyR+wxiIcpn6sxLm9jHITGaDdxh9MNj1uWCjUNLnIcWgk2BDN7OKNLbg+/fJPt/4YtSdaLqEOWdsSRPCIui+B/Ah/BGTXoVRp20hdVvwJeR+SV4DuMc47o3KyrtL7nVnReuBLOSN8pZ4Q0nq60RJc/LMlhL2QnV75N3e3Rcp8IbhZe41p5X5Y51ddB8xcWVkqZZSrozLLZ18CsTR/cnkamFERN8tVFDnsYJz9IcbyHCg16jTSL9KtwcLCW3fuXegmvE5hy0UXr5RVDlmbUSinkSEwDqzcltEOQhQbWuRMGfHaG6xX5MTlFbdOw+ZXOIhCrV9b22Ucx8QgoqEekWB1ZVejQ6Yozk2f/gm0jjRxx2KEegOpYEKTTs2J90lcvLYpr8uAwR3jUMMVdn7z8k+3fhn3r+JIghoghfQTBg8NCx0vcwf+Cg0pCJbvgk00V/8AgJ3h7dRWXoGSxrIG2u3PQ1nJiplS8InTsXkSO+sSWJ10NC48YOBExkLDNHKUbyF0Iq5/knG/QfRf0JNO53LioaGyOLyW64J4KOItdMiUTaF9hudtEVn0LVNB+4y2xz0n5IJENh9AoZ8luopaMN8jSLQ4otvsNz8xv7IXaiTQ7KJCS21t+C3NPRTQXOms1PfkjvPWxPWi2zZA1xAJY3brJgJ5sQ8Ja3ZCCUPAxQXysj+a6cDJwTaCnXUXQ8xWctCrCTsSwXrutEFFmOq4+4nfJfkdcTZooQXSjZmCjuEEVeuEKaUTo5KqRfoabe4++/JP5HQffv4IQ4GwXopKNro/tHWQu0FEo7ODxxN9RjDKRxLHcY0TbM84NbCfS1m0stq4HGT70YMkWuBJqTvgjSmvsJJbcoZ8vuQjlLvRPI5YRj4puSZKK0dypk3Qr8BcmWuBjdtTWh6U1NDZvoG3J0XeWYOcoTRTf3PvdWKDrbZLy+ijrElpaHCEewrjxNFTPTC1zGasc5s51LkbGuXz2H/5iurEzRvyLGkpo48sxEi5GmsvH5Ijt/RRrrh8tL/R7ThwlWzUKzWGDJxK9QIYY8mv9GZVk6JZGm38OIhjscqjFJWXEYoVdFMd3TJnrDvSR16Tj/8ABknbJaYeK/0Ur9ASSEtaBl39E8kHkfAbekOJ9ww1i0uopKLAnOTTLqQRMvoss9xz3XA8mJM+Oo2Uo25+C0sdU+bN43wG1al5ZIPvvyT+p0Z+cQSrGsoJujKsE7Y89MroZBhub+qGSGENracQ1bJcSBHKGmKIhPp/R9BrpKje7oUK2VfI3knMMUvHdYId2nW9CloawXuNLbWujwFktR6yyJpObYilkV5G2tvHhkTX7JaS9jLqP7H0vwRjNn2HHaj6QprJE5ZzRVIwt1l18N6EvQd5U4UZ+CAlvq7oorpyzIjO1NDJCvI2hsSHVShZGU2W+oywndLI1KcPD2IjeT7njWJxaXBeIfiEaiIrU9/3A+cJpTkioTnCIFrrPhMaqfkLNdEN2g4YMTiiZrR4EON3cLA0f9LkRXg+FMlkfwMGpvpC6lLMP9lVt67ELFm3dg7HZIy0kXL/AEZei46joTJ4XGCnHnhXRuraW2hVXkd4k+i2LpLeKeQdhWrfI9VYun7FOP5bIZcJZNxdmVabflisnhLJdGmp2E0tTTujGhFrB98+Sf2ujFrrq/SOZWBp6GfQuEhrHn0RS9YWBGofUVt2rtNe4ySYzRAsGrU/9FMlwfRBJWx6CkGThXfcbOPvLJgbV9VRCBKU0WGNJiLzkUI1oUzf4nc9sdDeo90Z2a8DLali9xBKT2nD6DK6DKyNd+gnLmrKz2Qu5wD7B6RTungN5OoNzCEsLj6kPfKDW8h8GaPuqeaOLT9jmK7Ki2msiwnTuLbKLsMb2xwMbG2kkZs92IcGOmyBGzlcpErJ6zkSdR9c/szLykwYkEvYxqDbrekJmqqc2WUvf9GjMeeXZEVxG+adxItFN+0N4d5H0ECF0M5ZrND7TMn0ujTVruxCssua0TG1TGbQoC2WAntlXt2tkq5amE+S/dGYNCnNrjgwTRe5jtcw0N8N8wts55ZVXHgfWENY0GVlGY7nyIYpeoroGRVBVmwTJ0Qo+v7JXMJnBAqunnodlXeXojAudn3n5J/E6MyU+kXEEq9GxJHINcMajMj1uNsqZK/2BY06bQ6gnysHmSuIgsSSm+5UOrwN7Kd2g24+hG35HTKxN4ayd0wrn1bLNwT4yz9hYz21tLj/AFiyS8FJkTJc4ZElZPhaoeU55QZNqzdza8l0hI2tCRC/AbVxsfdCU90EnLFJZGY+qeOkQqTNdwlnE8k/+BO1+Qn2ZJZ7DgyZaxswyFUrePqQVN7n/iFmOxak/wBZF68r7hqVifO6DM0thTjv0FnEzlwvH/g66NzChCGFttJiC0PCLyXoUf1FSA21MC12sBHPc3wTt0d/MdWKsI2m1eOxAzba7AjoHSDLjO+eCNNtfqMRhYTDgkugq1bkqr4R5N0yfQ8IcrCkyhph7Ypp1V2Rlq1T/IE1L25Hlbw7cHhSRymfViV/o6tIx/4dTL4RLh5fQwffolRfy2xZ0sdhZQsO50L6Bqxp1F/oMasGuwYFFgLM6wNSKdflaPsn4YhoiSViE6xNYCejWnnAhmnJPlHLJtUjgR3ygkJpKrh4O5jUG+FjhWnYn6MMreSSylPJbq4f0HURoEc3ddkLWvKjJRD4OkvBSSxe8S5GMim1jQ0bfvUSNoy79C+FU3rFIluxLNZgDTbuiFankhGrTehos6hmjSnnY8TELiSuOrM3/KINcLSWiGiZ3gw9HkshLtsKs3cCsi6CO/uI1l1bqURB46Sn/wCEITzp9xlaJtwhxVtFGQs/1EX3gf3/AKZGvhtn9L/gm+d0vyx7JJlRj6aFxrNsmJ43S3LGjV9Ri9yNbGafkErJp9rM2jGrS7h6nuGnEi4bH6T9xpjA1V5Aim/dDcGYCzewegEwWvqbdx3qe5Of1Cbc+IZOT6Id8vouDqG3fSKmKxNPq6hdr5E6kaomkfRGG3sY5V9tI7ii4pyWOwluZhJCncxRNLwht/0HnefmgP6vPpK4uCGxwXtUbegjb7dxM3GwhS815NBit5Jms5s+g33gemeR26ws40Iw65TLY6XfZjH04zs0phpIcplLTZFhGOysrC9iWhHlvtSLkKd8mSdZOQndV4F6my9xGTRobJj6g0ra2xYIDz7IaXDT/B05fcq0oPBCquDG4rcmheBP0lujf1CvzPb8sYSenQXjSS73YmN5d4HY6EbfhCgjXNlscktS4ubcrmckURJpIRddxgjwpubIPhVE2UKnJkN2In0ol8PqKRDHTZmmw34D/MfIehpHDFZp+MDdPV6mensR/wAE8KhX0OiZ6D4JK9idvsRMYHQ39xPsnbkycwhK4IRzCOt/qKfejWMJG5ZXEs6jlFX3hK6vVjpUh+gbPbfwU+qAwja+q0flkf4EvtZ+VNuPV36NNn1hv6iSSIku3ydofgMxXTMobi4fY5sEJQYppvREq1aE5qmnFFrZtpLFF8OsNr9hqaslTKXYkcnpViDY1HRujlMfElF+Ig/i77oSURMGm0+5FYumaHgxJwJ3Fzyc6+qtje9YE0LslWh8VeMTBqnRoSIaLlmCmTs+wkxJLeb9RKH9V4d6pxN+OgtKm/OXH4cnujArE45bIVSWpsior0SfUwYWsvZ4LS/VCOYTnOfkRbGbx2ElNxwm6NC1e4f5Mu+FyayPiqCRpabh0M7Gd/qE4iVMSWbRt9ha0Im/3KniDG0hP/qYZgS6slcEyOwS8v25EqfD7sSS/s2JO837il4+ghKLuEOpizyt9RvO+wS5cpu4jzH2DTo2zgENMse03xNG0GoQ9JnvXDHcVkHlMK/qfYd1/wAHGz8CXP6DY0JyXOBgqurlxds2YiH3L2sUkLB+gLz6Q5Y2E/CO9hPLmOv7jaJo2Ddc52wOvVawRWVSRfgKRz1T0LLbfBuzBD2jgxOsjhCgwOKPNsNrZeRQQba0TZDVBq6EvpsU4JvF9kjdx/tHgYGZcnHOo9RJryOolKJWJf3QyI+d80ylhaS4EFu6jBiHLUmSX6LQcEGwupMwRPOfqNmXeRK9gzkPMvc4zke4bUKvNRHgkWMITptZZ72NYgrZeREJf6jsQsIcGlLTXJH1HLsPQ99IK5T+gi3Qjy5CUwI+5l0XkSxtxeeTIPCOZouyKq18ISt3wjHWPQbWNnMbb278F9JFXgS5vg7frKaSRXkVB+jglXt3hntsVRGsx71j0luBiHAwn8ZnQpYJ2T/gkTjXqoaYZE7wRUbS/coJm8JNi9a1FCQyXsNFxK1b+gkuM7ZRugstS/8AcXslCyabGSKFVkWWYli1lNR+RkjUrUW/DHnHFzWS1Kqtdh2SbzNVL3MJawv8jZMze4kTYWtgiu2ml+5HcnKEXlpd+TU+8+4sH6sFRdq65NcQnkoU/Q2JaycKM5O+dSMPKSxwo+bDvY69ne9E6vXK5aKB+7afQbGMpZ4s01VwjKsiarfQ7ErrgT6Vy+CjvK+hihntt50if1ko9q9EU+7sJLw32OJZf2ErairX0GvWX1FWF7jj9Riv9mRWKfUdKnBOtS9eRs+p1Gz238LGK26JG5Pdul9z7et+qMfff/B9qmIykv3mfYGEJ9b4qXuYR9gl9zZeX/gfYntf+CC23lIcouq19yCQl0Xr0ajdrwyuHs6f+kFSnUrmhMxjWRrSGH5FlZmU06n87+t1OHhfgifdSwJs3LRsQTYc4SNR5bfKFMJb5aYtimHMkTBu0h0wPnTRhDaroVHaUJ13yZwS779jO1voq2jdzT6j6EIdGqqLY5ibHkmrbKeDIsJLCj6j5xbeBT1dZnJTVspIhP7icZnDITpFG04eBYksQ6hoJLNNpmnQF45jFJOcsTOQfQaMGLgTNSaSn7ByGweeDIgaVGU/yNbjeoR2fDBsE78i6me46Ha6DtttfBMy/wCg3xVROwtiTiq9CuNq9hY9XRGGnshpMbfRFXeey0dRew74g3qLC7HdDgo5qv4fvBbNc/NfkaNvLbOeO0jTf5+If38eRXEnRJ/wlT+pf36jJ0jr9+gxJdRMuLzyfwaonZPm/wALqNheH4FXbTqYYSeE/lG2N7lpmQUJszY0Emb0bbrIJnGlx7FNZtrK1RO3XaK8Pwt4Q0kpk5ckFEdyHLQk7UJdAOK0YrBpt9Rumqpnb3EFvKPEAQ1Vt6WjQzejSbUrjDorNOuj9hhUqPlwqLZtOBZXjRXCRDc5n2ExYyjq5ERLjuR1EvYtBqbwJj7I2JU4lQmbio3tKuhBE8xhw0vApI39IIwIhODfHJkVfcS9h9hNpTJxOCYH4y1UT8CRUy9t1dL4VB9GB9pf/Q/93v8ABur7QZPL3mfYFV/ymkjTVT2mY1fUf8OhCHwz2iQsb7HoPyIyDdNP5f8AM6mi8PwS6aIq4x41A0/36D3B7cMSkysE2YHIsFAL3JGSmm6bzR7GiUt6yNmKhEAthZF9q9oQLVjBPRgpdE5DoT8eBSuIb6jmRbCUcdz9jEql7iSM5Mq2473OGHfSMBluiUhJV7CqgrVJxWSoTewUNi+54DqZQ3ZtfA3Re6MKxOzEnYOYVke4Jriru2yzTc68mFpouBJaIX4W+rFP4ojhOr7mLj8K8D6frZfCn0OY3lPPqcW+qCxKLilx/wDgujY4Q++BXs+RFHTCZW9ROPY0Mu6Xy4nx4fgTOz2FDE3bfvRFJ1llYHYRckgxDiZnBg9pqiVVTjgSC2lrsO2CIlnSHykCHMadz6CSDRego18kT5DeHFvNQhck/uMrKOrNRKW8CFJ6PciFLpdlWY732Okym7zAvii59z6FtKTkrC0m2QsKVCBcvqNHUfV4FdHvZzfS+v12Wj8qNvcOnfgfAw+BHkUcGZXv/wBzLe4r+yP8L99PwwP4Rtz/AHyLog7S/wDxooPguE9xNtHsmfdf4NJTmIOBn4x+T/V6B/g/BCqV45bEysjiJMiyhz2pXtuz+wVm1s1RkYDGwbSfI0m0ZnoMU5bUonqpVd8FYzUcGwFScJKje7154EyosjxszFnuB4YLhGvYbfSO+DAgnLbOM11NwrUwFzWjJDrZDXSuiJCpcvA6xpIzshiS1CJ8DqNOyn9CHk/oP8Uf0u1zel5SRrmeb/I+0tr1y7f+oOVN1czaD1SU1/8Asfd/iP0fg3szr2X5aWln/QnAw21cM4OU14LRRnTFRaupBY4o4GjCqcN+g/MMMhGOVbrUGRQqjcRLpM05eEZqF1wFZDPV0eu+IkIbbBI4e4tBJeF8P33VnOk7SNcfasW/FX+n9Afg+/d2IYiS6L/on3H4j9V+BHkZRSp0vG14FXBTKdCtWhcpbuMGKO8Ykh14bfqMus12EkSi5FMyXELAPGCIpruxnUPb4aZN0SPz2j8n9Cfijv5LPzDpI1at3tn2ulf9L/q7C/aN+O0lyFy1fKDWg3GQLIz3XeRUMOyEt0Y4nwZPufrOJvNI1C+W2cze2f1A+IfusfkSxSdEv+o/2dg9eL4nsNIe57GRpcS8SKqMdP3fo4k3cZ9t1X/WMDJRXsYm0l0iyobP+jwfdkGfgEI3z+abZ8MDpexvuMjpFctJp2XI8k15R1DxrquUMsjp1X/YFSWdxhfTTEoojSi3Yf8AH1JYc5Rd+Sdz6/7FPfMdnHvoTYsCZnR9BSf8qf4/+x6yN/Y+u/qRxL6HJkm/Y9fb/sWPplegaY3gHzHyhS30y/D/ALH+DguL9xRleS5+gyPn/sWt2lXHcaqxcWr/AE7Gaj/sebKgIqY4O3mtzxdf/wBc/wD/2gAMAwEAAgADAAAAEJJJJJJJJJJJJJJJJJJJJJJJJJJJJJJJJJJJJJJJJJJJJJJJJJJJJJJJJJJJJJJJJJJJJJJJJJJJJJJJJJJJJJJJJJJJJJJJJJJJJJJJJJJJJJJJJJJJJJJJJJJJJJJJJJJJJJJJJJJJJJJJJJJJJJJJJJJJJJJJJJJJJJJJJJJJJJJJJJJJJJJJJJJJJJJJJJJJJJJJJJJJJJJJJJJJJJJJJJJJJJJJJJJJJJJJJJJJJJJJJJJJJJJJJJJJJJJJJJJJJJJJJJJJJJJJJJJJJJJJJJJJJJJJJJJJJJJJJJJJJJJJJJJJJJJJJJJJJJJJJJJJJJJJJJJJJJJJJJJJJJJJJJJJJJJJJJJJJJJJJJJJJJJJJJJJJJJJJJJJJJJJJJJJJJJJJJJJJJJJJJJJJJJJJJJJJJJJJJJJJJJJJJJJJJJJJJJJJJJJJJJJJJJJJJJJJJJJJJJJJJJJJJJJJJJJJJJJJJJJJJJJJJJJJJJJJJJJJJJJJJJJJJJJJJJJJJJJJJJJJJJJJJJJJJJJJJJJJJJJJJJJJJJJJJJJJJJJJJJJJJJJJJJJJJJJJJJJJJJJJJJJJJJJJJJJJJJJJJJJJJJJJJJJJJJJJJJJJJJJJJJJJJJJJJJJJJJJJJJJJJJJJJIH/wASSSSSSSSSSSSSSSSSSSSSSSSSSSSSSSSSSSSSSSSSSQNtu0GrySSSSSSSSSSSSSSSSSSSSSSSSSSSSSSSSSSSSSQZt8gQnjjN82qSSSSSSSSSSSSSSSSSSSSSSSSSSSSSSSSQL+siQSQld4ZIAAILMSSSSSSSSSSSSSSSSSSSSSSSSSSSSRdswQQAQsqMLbbdJLXksJsSSSSSSSSSSSSSSSSSSSSSSSSRtmQCTFHfPL2pbJJt/wAPg7gAlhkkkkkkkkkkkkkkkkkkkkHf8gACCCrjTKW+37/PskxCSO1C4x4EEkkkkkkkkkkkkkkkTbsEgEpeY0k2228uzpJiz3SSo7xAOIXnmTkkkkkkkkkkkk/7gkAVydQDydtPIABjCFCH26EO7QEw3WUXMbisEkkkkkEifZACeKpy/XJOv5Wq2a4CtOkFlZgR2YzfTYwcNdrnsskkkk9Mi0+jwwZY0gG1/QpvABJPZLSIO+/LMds+3+NBeVKhu70kkkkklRKWFuwaDmWpy/2/e234n7gAtsO/TRls1Wgm9PGqkOEk5xkkkklesqaJehA1b5L0Jk7aDP6bfzZb4BY+0e493zNSzROTIztwkkkknv8Aa1BtWxJpg/MlPtge4xWv/gO5Vp1Xp1AsTuPHGJIpfKy5JJJB8+cictuHMDvvpYb9v8qLsFXkt8r+4OakZgMdXGqJNJCF3JJJJJsu9KKT23GadW222pJAIv3EGboooqFsYBWMFYWLjVTYaa05JJJISrv2iDE1iiHZLQAkEaCaFE38pLKnM2nZolvDpPLbY3trR5JJJAzxwEmyD2qv3orbbacDX6G/rKrMCbD+mMCIN8ZBFQwA0Q7JJJJJXo0ucsNs+8BlLaY22X41j5Ik109D5Jcw4MH8zjEpYHbFBpJJJBx/5M9lj7/QKzb7F7YPZa3ZU0K9CuA5V3V1cAAZ/nEKn1TpJJJBtlEYMXtPnNBPLpHPwiSUTK2WmicKxInvzhnruut23zJo/pJJJCvH4+ifESa3SyHvOtu4Wp/k7CkbdrB4DAxebyxtFlmYBaO5JJJAWiM26Ng7x6OKoBJn58kn9GPtPEluuPzR3anRgNm5BnWp95JJJGQsDMGVwySnJysWa4TtkiGe4YtfhbeurSe2dK6raabS+5EZJJJFQe0/2YTkN5W8nus+2+wHsvWAydGJwaaLfGxmHH9zeeP5bZJJJFnTMvO0KlUo/wDqGGkm6pLb8As2lXP5IYQPn9cfYjGAnFqemSSSTzvXV3B5XHv2kQEtv9LZWnZBGW9HEidPjF/afBbcAnIFIzuSSSTym5GPSSdYHpJckkJ2Q1/axJsCGjoHHhmXClZBnNWVfbqj2SSSTm82m0vJU3ThE2z9f43krC6fJG1vZynTzyNe4qiwiSV0UmOSSSTntrVJKmoOfQ0Ewu9K1v206wvg2fEVt42YcrUFvSB/BWvveSSSRsmpUDNysZUC0pEbXX+lBVLLHv0Lxf7rW0zA7ka0HXD5wDOSSSRliP4VuU5Xrziq9hBrLLZJeRmZ792PwcqULcxEMvV5f99qOSSSTvK34WlY5hxabO3GvAdyMC9EGsZpjcxUeu5KsjOt9i0kyseSSSRtek0K1Q6kdvXN3bPGvyJtbnS/EEPV0IDWtYr4i/8A25QPzjkkkkbNMzkUuRtbglMayNq6SkogtTqLNZ20DBxk5e2UHJHcn2svkkkkYDRKUtb5Ay6S0gENtF2bcpkTfKp/+koIZ8NIdFEsDZcNAPkkkkepL0P760goABkiQSfAEub9+yAMPaDZsZy95K0u7+zpoAADkkkk8aly3yagHLezNtpG+T7b+kC7NNHmxvkcnalYc724JNroKXkkkk/BSQgfVyE72eyb/fkbJpNttTmIiuqW/g0x4elUK6zTS74bkkkk8xgf2YW2m7ttvAAhttJJqxIGXAQJiqlN2f8AD0CwSflNlrR5JJJPSaU1LYClkAAIABJISW2wbR8LTPvAgxUETGKX26gJEhUYq5JJJHVY825HspTSiXObT+BnLej8NNc25TchFvaLBE0XKlMaOEb5JJJGY+ALbQABC9fZP/T2tjpJgI9a/HbgJZmDi7F+BQUDISWhm5JJJOmmJlNCwI0d2Tb4lgjw88uxiRvHnHQGXIvWNKH97Mg/Mv8AOSSSRuxcjXsAsQYu8AvZ/wC3Ha234YufHuPQhbc7YG7MMuxXYriTkkkkbxkfvpX/ALE2/JSuvPctb6p+qPPl8zCzp2NBNSFmFio0vZd5JJJH9zaaac/xwSR85IV+eWEJqlwy+0eYYu7e6ZfJQzcY4hDlU5JJJG0t6SCmDRJbI6575VbPDn7ZZ+TTKlP3Pn8oAts7bRJmYxe5JJJGuoSKSMz5rVT7qOdJF9EIqPOZ1NmkXIaBlS3EjtXhe/y9ZpJJJHG93Y88vCN+7lq2iC1a4WTb10GH+zH63IQzIKT3+kIKIxmpJJJG65X4asgx6CNxrgnh/wBhZf8AtYbPgATBFklM+d6rx8AXNIrOkkkked48NEjt5Av4W1FKcn/yJkmTlLty+n/z52EiLYCGRbycTakkkkc90vhlV8RCJMonWb62zD7D8cU3MrRissReTZwAZHHnyddmkkkk+6MBJrE41TclnE6hJ2Ef0jmGlZz5c2gg6JIYJgN4HrWsEmkkkk+VBT7ELiDe9JPjQgdlGKsHuHAazKZPCj7SxUWw/PFAvgWqkkkkcWTZNy0b+TJwE6c5dbOL7ysw5CKGh45XeEgHnVl7t7YuOykkkk8OPcevvgUW2Uf/AEooiBHXOONVj3W97Ztgy0TBz1kfNqf265JJJGUc1UgnYqgUfKFET9tqEyB+GtbhOLXMe5AEDzuYmRZruBi5JJJP08kdqg3KiDKddS+ySDtnBFrTJS0mYxDgw0ENkNFAnGEJK5JJJPHHJpmY83Vn694O1KeW3h9q5j/D6SI1qSgaGldHn5IJP+BJJJJOLAGq/wCAhHAMTLJZg0gAcRV7iu9zxbMZiIJmm2ASGzgSSSSSSSTzgKI8E1yKI5qurLJYWhwD7EOq4+YG9BdmiQCAUS3+AySSSSSSTuibiMSIizkL/fFL9DxCFBekx/8AVAG54Eklf8Nb/EkYnkkkkkkkf235KmJpzYyjdg/ozvIemy0ialQ4EgvbgkkkkkkkkkonkkkkkkaknwYK2jxjpCabSPFM0Nt/AhkEkDfkkkkkkkkkkkkknAAkkkkk4TxXR6bMyT8C4WehnXuynkAAkA6kkkkkkkkkkkkkkkkjGckkkkaBhO/pTnoDK+XlgMRAkkgEj74kkkkkkkkkkkkkkkkkkknHkkkk+i2lNiciYGxwnzEEA7YEgAEkkkkkkkkkkkkkkkkkkkkkkkkkkkafln5VV1SXMmkhfMEkkkkkkkkkkkkkkkkkkkkkkkkkkkkkkkkk65JjRKCyywnbwkkkkkkkkkkkkkkkkkkkkkkkkkkkkkkkkkkkkkcpXwuiwJ/kkkkkkkkkkkkkkkkkkkkkkkkkkkkkkkkkkkkkkkkk6QEgEKEkkkkkkkkkkkkkkkkkkkkkkkkkkkkkkkkkkkkkkkkkkk4H/csAkkkkkkkkkkkkkkkkkkkkkkkkkkkkkkkkkkkkkkkkkkkkkkkAH7kkkkkkkkkkkkkkkkkkkkkkkkkkkkkkkkkkkkkkkkkkkkkkkkgiEkkkkkkkkkkkkkkkkkkkkkkkkkkkkkkkkkkkkkkkkkkkkkkkk68kkkkkkkkkkkkkkkkkkkkkkkkkkkkkkkkkkkkkkkkkkkkkkkkA0kkkkkkkkkkkkkkkkkkkkkkkkkkkkkkkkkkkkkkkkkkkkkkkknfkkkkkkkkkkkkkkkkkkkkkkkkkkkkkkkkkkkkkkkkkkkkkkkkkikkkkkkkkkkkkkkkkkkkkkkkkkkkkkkkkkkkkkkkkkkkkkkkkkCkkkkkkkkkkkkkkkkkkkkkkkkkkkkkkkkkkkkkkkkkkkkkkkkkkkkkkkkkkkkkkkkkkkkkkkkkkkkkkkkkkkkkkkkkkkkkkkkkkkkkkkkkkkkkkkkkkkkkkkkkkkkkkkkkkkkkkkkkkkkkkkkkkkkkkkkkkkkkkkkkkkkkkkkkkkkkkkkkkkkkkkkkkkkkkkkkkkkkkkkkkkkkkkkkkkkkkkkkkkkkkkkkkkkkkkkkkkkkkkkkkkkkkkkkkkkkkkkkkkkkkkkkkkkkkkkkkkkkkkkkkkkkkkkkkkkkkkkkkkkkkkkkkkkkkkkkkkkkkkkkkkkkkkkkkkkkkkkkkkkkkkkkkkkkkkkkkkkkkkkkkkkkkkkkkkkkkkkkkkkkkkkkkkkkkkkkkkkkkkkkkkkkkkkkkkkkkkkkkkkkkkkkkkkkkkkkkkkkkkkk/8QALREBAQEAAgIBBAEDBAMBAQEAAQARITEQQVEgMGFxoYGR8GCxwdFAUOHxkKD/2gAIAQMBAT8Q/wD8hm22/wCmdtttt855UO5PuAN/0c22225ufOWeEHbJdsj7mkeo+glJb3L9tu+Or/Qu22223P1Jdsl3E/c+gn4R9YT8srNu237fV/7zS2221+rZLtk/clPrJXqPqCV9y3aynb9J9Bz5xtSZ3Bt2jPc9cWceOI/9nttttv1aWPEiH2z65jSnuU9222+duPA8y2+eN5jvJxvxcbB4PhGJ34SIBllrJOLq/wDVbbbba2/Sh2yHYk/c/mk+o+k8A7yyT3B6J9c95tXztvnfqXxv0dxjLzPwj5Qyx3WyyIOY4NbS2znuTZGGH/0W2222/Sh2yMR9z6Bn4x9YSvuXinbb53xttvjm5ufP7tz6N+p8Ze+Zy92b1BI14B83UjwF8IdWnuxhRvryHD/5O2222/Tl7n55CR6JXo8PX3ads67ZFeWwlPUWW+NhPdwueNt+jruzebFITSxl1jnm49TxZnueDdsI7t+fG2Xvi1DW4PAmQ26R+XjnbHY+UeMbCb84MOXY9wM4/wDA222236cYT1B7T+Esn0Tv3avcp8uEzM8MYp68Dnzq/Rj4zfDUnPVnIxc44xwiMxPDxwSLZss4sSD6lRi3biOE52xPFpOIY4JXV+KPQSeyHBPcHAevB+Ow9QOpfC6uj7O222/QJ6h/UMw/c08kfEsh0T6EhLISsyb5E4sI6niW58J4yZpYhkLq2sveZB5uvdpGYgFjbCw+jLLLJPCbYQc+GIMBY8Vp1K+Onq4IfcD1BdEB0eefCkhJSTwayly9txILo+y+MI1YI+KDALPiMQ2wCyOLaTbecwtwlPVk/C34Zzb4LbD9GWHuwgJPi0tbK+IhBWXFxYevDJLm2G221tuJDwlk5ceAnoL1sHa97AOrFmxZ86SfjNO5Tbb9DKz+br+yyPiDpuzCCcyPgad+AJcEPRK3mVZX4kUN9wE6syZpmGeJXjuLi08NW2pDFhcXFpaCedyhL8PG534CMeoENtpYTlp6ucnXxDcHgvnvafBYE+cEptW782zNR7YPUtjXhtttss1Ttq6/ss3cLXuM8wvUH4h8lggyXqMW/uWX8SdpJnMmN8lyznaQdxepXRY92LEh6tQmfykDYTxx4uDix8zo0ge2H5uZdpYzDPXifexhsOubVCEDZcXFh4Bgr4SPxLPuIwekmR7tJfz4CjiFhB3YHdiR6l3w5aZOrmMLSYrZZ4X3dH2kVkB3GNkWxqKMS9yFxMx4YWbIOWI6kYKWNh1dha2pdhS/Na2+dt8bDPBttsY8EoD1dOoMLg7ZkHV+U58Gnhr5sZdeCJKdtudwo8DWNdSnBHwwztn2J6HN+BMLe7l4HKLPJwWy/m7IBbalfDdf2WO7ZtyTNrwWnuXskk1Lu26LSPyyXuVe4dYWNnuXdYHIPrxfaZQ16ltttttt8b9eD1fLZqdCD6sjjdNgpzb6I45Lpyw+/FurXhQeLTmRHHGKRsI1ph/P6sBCu/8A7E2B64COQYme3fxK9s7ZsFkGQbfLBLUfOX4uZVlqx+hbiOrq+ywb25dXyNzT+CNs+ZQgEsHomdsEgvcCSh4uzrfOT8QHM70ueWX5exMJbbbbbbbbbfOtyGznqGTpzbJebVvkF6j4LKGxIRzemk7b2cQj1B7sHqNXtK4q/iTePeA/9TL1wSOXh4nQhTdOLPAWQPcAsF+EK2QWWPJy8uLSwX4Fu6vssHeCBXYPEASC7BmcUTneoXuQPcm9w/U16vaRLuALuWAa8ycDJnl8D4kid/ZRsZw2ngZWHUYhdQGbgNpkJy4368Wzm/fsOiWlLzDer0yA7JW5C/u1dsbPf8B/jdlD0fjvWXBzto+ydQeH/OpWrd8wcGA4uWNyFuYFjxQe5Dtgqiz6ms7smZsWJychgfZY7tsIlejwI7jTqiY+i2SvDexdIWyTuc8XxWezH0aXE/wtadaSPBAW2D6Bzcn3dZedjdj23wRhYzMtTq1hPhSsrk5jipGHAkui98rXoW6YyOhuwoX/ABFPTLKfS7BhFjHqEbjEi1b/AHziMIA3q33Btm/SUZeu5gjpcODuc2c2Nll1Yh9rB14PLu7cxnqdsnxbq1bia8BZdD7LIrjZcq9tcINp0vUh7fmYdE+xI9SPR4TKkEjF8w0AcxIdNexGML1bOcL0MJqjPsmrscJ7LbLqGyfRbziaHTd+5ZO9tyV9Z14L1F2DPaXIASmHZHUJr4SXLChrzPrYwBbDIx4Lf0c/2/8AuQAz2+v1k6HMU5tHwXuWrmLP4uSWyvHFr4HPDbm5sgnC2fxbb9AxdQvc66uh9liW82U8qyGzPLE8z33zinbcWXaTjhDe2AHBadS3bGO7Px4F2zYI93B8yInIZzbdcnsch45nzxxXuDUN3HVbdzZwSHZAO4QwZG5/tzzO4XI6Vy91doyjiwNYcQozDi/jaheIeoMHL56/+wO29Kly5vMpnctvOzps92CTdkP7meQzxuW22v2QgfURCS6H2WKCHXIzCr4jtaybtoenjFltmNdWWWeBwcMtxb7oh24J48rppnqZctqV5meZ/id7ITu5KO5S6Bt0zLvY9xssks8ODFJqEEucyNo8HEeFSXj9H4s5r9XBOE4L3xdwLMF1GEPcyMjobQPtZZZBZlm9QoSR9lmKA7fDB+LT3cHNghWWN+0P3CPSN9ySz6nHLfMigBxKZJPq4nXuaakXLBaubsN8+6tsz1eEdinXvzlkBYSbxBG2cx3CeCIMhydPUuyyc8CUIDP3spptiBp5LCeHNgSwcm2H9fCfMlgGQcePZHhLLLLLLPoAofhj4qw+4X2m+K293ysUB0Rc5hDuT8xz1J+bJj0QQnXMj3CSepb3a+NbT0XSxvbLvG2bm61O6XcN2FjZ9sAOFnEWcTwg4gnYXg1UaHErHNm3up/ZhLS6f2jApc7Kw20GTxOjzI3jwA7j1EFb3Yzm5N+hkM+JN24cUPuARxDb9pusbAXnxgeo1iAdoM4lPUo7fGI6JXu0n5Wnok9F2HEcqvSbHUwhdJnV2zKvdnjLLLLLLLLILILJLLIGyI8AlDq5btAP/wCfzEVh8dWrxRm9RLlw4jHH/wAtA7f75+5DTZlxwh4scNybd+MkueBHeFnFoEmmEDuW7UfKzY+LPjPD8oCz4LFtfP27LCa27hOiMd3HolLiRmil5s3otPVveCw7VvQnHotPcnay+pTuzbPpDLLLLLLLLLLLLLLLLIIXgeDUUpBHI6+NkIuO/wCblwjIOjmMwf8A7JLxXh/z9WDO73P5nu1sx1Hh8HMctT1erj2/Ej5lmyzbVlnxab8rJOEs2X7TDZoxEoSSfWSPtkWXfhJOC9lKe20sepTc2WWWWWWWWWWWWfUALPDPpAmeBeBMguVZz+PiBBOr4LVCSPVnbC2+jf3+JTOp0T7Eyc3aWXC3jw77nieL5W/MW2MnmcJEtvhq2onUxVvjJPmPss+fD8J325J7SEDlvgks9hssssssss8Mss8Ms8Ms+gZZZZZZZ4Z5AgLPDFlh4CPjoGybyjUfM6bbgnZNFDl9zzdXbm1sHG2zIN6lVmXI4tF1PUYItqPBhb4q2LbkHb4b8S2kfZbQ5ZFv1PullNlllllllllln0AmPJlnkyyzwyyyyyyyyyyzwzyZa8CKb31/S4QLBme4+d2jvBPMe8N/tNvSXeZFeL1l2WefD4e+Z7g02G3AyepFNubLLLC4sTWb5yTiPsvi6leePGWWWWWWWeGFllln0ZZZZZZZZ4ahW/oxDz9eTFnzm4jw5VZM7i1+HMpgP0nScs9T3uwFmNs8XqCTbmZDZ3OLmRpw+Bvhttttz4MQ85ZZPUfZZJwuWyzyZZZZZZ9ACyyzxllln2B2X6Q/EFhYXFxcW22/RkXFtt/Q2e7WD6l3mTiSG7s0syeeY6meYMltJDiV6su768Ze752xM3av075TiPsviz6Blllllllllllln0kag+7BYjwYRlxaSDx1a+ebm5ufGNjahQrLPH8yZNtsuXZZxfiQcE6ErdJjgyNzZ8E4neiBgAGQiE2estzasXC0t+sIYo+y3WyyyyyyyyyyyyyyyyCCw8bE3wDY2fRj4Hgyws8MWLCywuPG22vnr+HxFirZ4PZ+57mGGdRZsLiyNanjtzJ7gnfjmyzkj2WSPSAm22vsZZBBdkfZZuLLLLLLLLLLI+hsPpzwyHLVr4zyZ9W223MfYPB773FZvjrLlGynXM2ZzCu3sng22O98a5l1LC+4XZnEuZBTi7uu4dW4s+vPORM8d0fZfGWWWWWWeGWWHjn6s+nPstlnjLPsZZ5dyDhbCOV48c75ROpZw2rs/MPnnwmRIwcow2I4bCjzO3PHd8ZZZY2rVvxwLHhs+UfZYs8mLLPGWff223ztv1ZZZZ5M8ZZZ5LJ1sdIME5iIjzE5N5t425CTibueMx8s/C3L14V1HLhAbyzrqx9MSO92bFiwstPI7cW+eyPst3ssssssssssP/CzzlkFllllln2iA6SQzzKdSHvbbeh8p78HGr5PpYyDwhCOW7fHd7/KhPwt/Pnnxx5y7I+y3f7WWeG4jMbPuZZZZ5222222222222225qXIrWEH1YL/AHJ2lR0loQAvcfE/NvNnjec85H0UhwTMO3w1fGWFpbc2ntke2z9zGPiZMPtMN8GLLLC48aXHnPG2+Msssssssssss+1tttv1ZZKW+/8Ai4VoIJVbo4gJ+ZKbG9FhBvVwt9WI2T4HwHhndjsj1HiUgus87lj5tTi5fCv7tdLL7h3mDblI5sacz7T59tt+nbbW22258bbb536t8bb9WWWWWWfTtsMAOOZH81yYzpj/ANyZLHHZxlyObNufJ2pgwPaxI+U8RzJZdfRvjJNjgyzbfEZB7jT3Z2w2JPguA0Qjk8WLQL2J/S4cuBTv7TdH07bbb5z6N+xtv3eLbfoGttr4zwY88x8DDmv9Jcl55MAq3LV92Qd2bz8CsaD8JCp52+EG14cI8osILr6VNyzfHGjdAQ/SuW68Bn2t8snoBYGEDPxJ9ct7tLWLH2W67bbfGWeTPq23xz4ScWG9w/T9BttvnSx9A258BZZZ9RzB5rhKwOHuxC+ph+Nxw3Nw4Zh+AHzKuUuBuEirv1DSvV3ZkDs/0mzve2Wrf8fic9sZ57ckc5ZcXJ3A5KZHk7KNA/i9C1JfolvCLfLBdpIdzP8APhBvEYnKE0fT7Tdf17b9WWWXaMBxe/WXCQbLpmH3zHsmM/F+CR8X6y3RCOy/AgcDLflI9t+SS9x813TfOILDvVjxD1IQY5YMmjn4hUeXW7bJasw9mBROs7/xHIjlPzcE9Q0j3Q9GD7LP/wBEjkzCeKHLLvc5PNj6hsORblXhB8cr4FfEWfWQrgZ/wbTuHyZ71nFJMFr1H4QmEYfZbo85N2TJHgsfFv4lei17L8X0KfAvyTry+M+22Z5MR85409XEDIrk25d1b8QjnrPqELqf0OZAKvBI1kzruYK4QLe7Br44gsOrLIRhlqROByz8d/m4Bsy6JdYvwgHc6hJct1ne5mYz+SfawL6hmB/Ytvb/AGsu8P62h3/ZDwH8XINfuC6Aj57l2wSZY+yyTRKdsnkMGXbMNn0ZNllllllkhZZ4fttt1jYX4QJsHpS6WSnvx1bfUq9T8cP+IgDr/GwPFmjol8e5cOLG5HSYDyZzO3PCAPL8nWfmD43zeihFTvBaW2pm5cfNx8+D8S2NQ9yryr+xeoaflvhD+kiinfMN5P4RxAsXIj2NzQZmXH1AdHg+y/SIWfTv0HnPO/VstttsdY3wO84sIbWOQcr1EP5E6ZfJZ3x+aedlu0ivS27f4ldm0TY4sTT2wvDEVusCBbD1zyZAN9SU7D4svqsiOJJshxkMOYuLfxab87MYWJEmaqYx+bHuz4Qukp22vuz6iPst3W/b24ZLbbbbbbHg+BjDdIP2hDHDmv3CPhB7nDNQd5WR8MPqwtO/CCer5GPk2PbZdx6CAe5g9Ke5YJxdqKf258d2rYhbOHG+pwTn72BN/wAfuL4U0Bp+ByPQ4XC4/rLcWtoeJHqV6JTwc/PjDxngi4g8L4bZm8S35R8I+y3d9G/RttsuXfkhtJ8Cyxr0XRKH74/rC/4b3vB5+ER1FT3p8lj42E9Q/bBO29hmj1iR6LHuG4BZ61Oxh4DOCbyr+ZMfTu5J495MQsuFkddXEZLykILz+5z1/vO8IfIvYdMpavjA8b9Wy742WN9R3EzeGRmauZ3Y/Vg2waKRqHSV7tpuzII+y3d5Nl8MXCzfh4M25h+i29XDsFn/AMJaPls+v52vQJ9HE96flR8ce6Pzge3x5epKSn1Ep1LT2m26hbyIDtgHeVl1PiAlfc/y4+Vwgd02xnFlQcd4lxTse55kHbfPfgXwniW7bR93D1afQNtZWW22IB7Zi+Az1lgSdn8GyHL/ALQHRI9zDhnflnmDImEcgJRi5K7dkE47u0yQPtNwdtsRm/EdIuPEvzSz7hn5bLr+Vr0C+JlvbfChfVv2kH5v2QPq+MuCQ7ZOcuJfomVPdqt/Ev1Cv2s2LPx4ZZYstInMJTt2Vcq3L5Et3hKurOu+b4Dx3fvYtseI+Obm48fu0syJJPsZ9i9AvSQe6H7ZDHI/z92Lvf4/i/hEIGRsaLhGWOO7e7CGSvuGituJkHLoNhm//IED36LnXx9phqvmmflaOpv0Ft035UN6iD5sH234o9cAOgtz3J9sjJz8SfUSkqtvd+9j5spoHxPFstnzZJBbaW3Nj7v28WD1AzgkTzuduW2/A/G03NyWbZZxblyx4+YLrgu7EE383MjwljSPcR3AO0I5zZA6tX5lJD7bi5CcE1imWHCWgJ7uUZkcYeP8+JdgUZ5pNuKYHzvH9oPHn5/zi4S0P7QgCd79ow1EfNs+2zhHRcOr97Hz4sei36Jnede4E92bNiz69Jfi5s+bSzZ8Nfc/q6sy2/W36J9jdu7GRq1PBWUwFxgziAyUySmkMNg3L9WR23PHMs4UR4dk/B/WFrbVpuwXgnlE+1O+2583ojTHMGEb6uQ4OY0L49PzKATi9/H6IfTk9XDjRGVjj9Qj8v8AtYuPX8wz2d/iTeRfK/8AVqI/FnuRXCeB/JYh9+/cPKpTn7TdXwcrXzftZgkAdfU+N+jbfC5OJFn4lty8e7b9Q/Nq8WkpYiKbfm92LPjyADuW8wHchkFhKHEq3zT/AFkVQRzBcgP5jhqE/KnpCV7b82PdYIw0Jccy9Esw+fn1Oruv68/v9SAAccvDv6ua3L+P8/i65gPWQOb/AE9XcDR72R+A6/EoFW2T1l3GQ54hjHMSfmDnrbBW4oXiNeVyesHEbnMhOuZB3Lph19puj9tS236eCxN523fjfG7dQGR4L409y5tfUvGWc92Lh6lC454Nere+wnnYnO8/UA8dvx/tPBhxLwGfqW6YmdOVn3MgZI8SQ7sPMr06twnN5/R+ZHHt18/t+P8Ae526h2/9R/ZD/wB/mFH9T5ZRr/5+oZjqXRP1xHQOfcBrgPxHlJ+OP7sFk6/iOHBK35ufSE9F1RaNXMw7m2Benvi4dJ51Lkll3jj5nBAG5Ye5Ucfabo/Tsttv0ZZ4cWvFWVLuOLBY6hMKnBfu4ufi520O545crdstcsJbpCuCS5wjNAbLUv8AEPzA+LYAiuAQ3hDYKI4s3hkMFvHBO7K7kr1KTi5jHPxDucP8/n+kmhZ/n+fmG8jx1n/HxGf3/wA/vcMTz+Wz18zkimmn+0E7ka4yHh7sjWFicbIEP5lJ3xOCbzkZ8TAbGazxR+pqpPc3QNhv+CTMcRrdbA5S9lm5ftN0bbZbfGnjmyyU9shPxnXEO92zvxaBbq2XcPbk6wD3K/M8p1BzslxOW/jwRu5O8gsTFIAx7/dihsi8EXyd834pzAeZw9x+FhwHMqaDq4HcEO+EuYdyABz5B/5hGjo4nGjl/PVphAH+f1ubuf8Aj/i4/qgfOfiD2wP1l5N8BBcpIVhjnlj1LhjvjZODz8RO38xO1j78XkwO4zq5TLB28xxhvnl+vMN7tFZK9NlH4lIjsqBmXc0ywT7TdGPB9IEuITqXNuWHJn4y9d25tvPB467O5K6cTw4uVu3J5dthnMuRHLFbi5IYjbYd8S2nM/Ni1tvLmJcsA7uD1fDhM0yMxc+Ntr5W6c7Cf0lEm2MU/rOQcksQWYXocvx+j2v4P7x9JydDg/v8f11tHg7PvPnn/wDLNi0/jtubofwf/P8Au3mcr+f92AZgHX4/XzaY6Pvt/wDkAe311/8AbHkFs6uPcmnEwPpHTm7ELnkFOIemILpB6B+Lly+RtOpjPKQ3UhqgncF1Ne5XBbRMNtRgfiCHuI6QMEO2XssQh3kfZZ5LFnhQn1Xwye7Ccyegjey04h9reOrj3f0ly36JPLL5i9GyHthnFjTmH5g0BsK7xIVDsFnLl/myc6v8QzEwq/BewnNCGb/GWYzJxxspT4vk7ZY5LuDu2F9JyA4ZHPeLW+ef87uThh6F4mECZETXb2/gJIyD6DX/AG6lC0e8P5JoJ1+On/cSc+Hv/OpCFP0/7xzih8zESz1b1WQht9IPzsCey0A3pG2RrggaObji+VuXufdMOCe56gDXUJw4lhvS4s4d9wg5ZLO3HBJyC4+5/Ky5HbIfIz4DuM8XMGi5v5kezY+yy5yyU76JBbcrD7jLPiRsnDmz6uZL6yx+bca8y8wuUMb8yzMSR3cjuHx3BAObLBG5dTg4yo4yGOWQaLA7vkJI3JBgFsyHpnn5RtzLsPDDTDzdK+rVsjye4X4EzGMbnMaH5tlRf8/zi9nC5Rwf56hWGP8AMV2/nnl/b3AcA+GaP5d7bjp5zOOD+0haxyzpKQciePEZySXLxn93mDg5cmXhuafccM2+WSNZDGGv/CyoRg7JN9s9nuSa7/3ID48AFwZXK5cKMYbqxeUWE6m/uB6EAdeT7Td0Pw4oBcFhfgn4yuHbME/m6Y0j14ZYr4/MVI8XzlCOCR7L0WE+jLmCpks4cJW198z4A7jak2TDDhk+pb7xpxdkWP0IeuJO3uEl9pB/aZw/qYY4Y/HP/UFBMeZhPAPEH4IfeaOXEG8EJyw7885bi6WtsfhYcYMxh/MAR6LOIRdO517k5q8S7T+YNyA8XAHaQwmSufVzpvFtw8Y6QVkmqmuoIc+zVhdTpDPqyyz7jdHxscy/mXCbeiFnM+zqCwv13CR0fgkTlC5rv/E42+7piktTAj3hc+EMB38WwHXqcPcKK9y6PMF4Zp3zC2ApwQ4DuR5Rz9WLwTy31cdpxcm5I4MtPBa4bUx4iwHBDgGUx45YGbAdMoMJz0XPuYg5WAeGw8Xo2dOpL7ifFznJb8L9Z04FvrI32WpT2W8mXl6kJr1H4Ep5Jj1utQLUGvxha7o/ML3iI5W6mdeEcdfVn/iN2QI4vjXCLY9rdOh7uPeTryufD/WE4XEAP+Vo9F6kgfFidPI3SZ/NyOA/mPwc2EWfm9zSEAKfju5hBxJmDR//AG4m8/FmBvY2l5szh6ieLL7TJw/7ROxPiB6H5kI2zN/1tuAD9R32H72wsPUyrjmPdOInBj+5bEM2dQJD6yQTktDgLZjuOp+xk3NheDIeRvRDHgjiHNpAJjlH98P2hBkrHW6A3ADPt74zzv8A4LMkdwurMow7GxwP95y5m+R/uMDlgzlJCRNcrFgYSA4sOM4lwcPxCHef0uTTfNhvq3Aa/wCerFFjuEvMqhwk+HmMY5YrpEca1uXC5OsR+Hiazf8AaHSPLc7/AJrhTv8AqeRSHOmLGrojbWyUDq5t2Tg76S82V2ssOWD3J7bnyT+yU5ALhxR7y/xAYHFywH2Mss8ZNjZZZ9gfvs9NoiLeKxpmQznJbizSLuNHdgTOWUOeJC2Duaz0M6tE/wC9owjptvNpKuoD3aO+5Bw5jQz3e15+JAMje5DzAXCXtmRGR6Mk50iguJDOQZD75gOJZsch92SBsTnLnvOIDrJ59XZDj/PVq46/MJ5ufBumM/LHwCJ7ITqbdEYA4Pqyyyz/AMTPO2/dfA4egjAWMMYwF9nEs5vPUR/MqaLC7sCZhtn4/v8Af6tDQvjhIssx4tXLAMFcNgIOg22y49QgEK7yZwceBRCtnbGaeI92H1HF5p6hckdbxkIEO5DrO/3MEJHKw3jknqn+f5+I7GSdwa7yguzrQfXllln/AJmed+4+DsIuu7cVAT8I6icytzy/xJ7LgcyDxIP+P1ILY+LDvG2u4uyDum5aONhxkmNwYRHYSwWvee8iaGdODko3bGdyeclvpjKH95fZz5v+f1haAnwTm9/j/wCwTn+jqE7F8mg8pvgAHX/rs8j9p8btMhwTv3EYhz/Fpx6jnxYDqJvMM5QtjQ4mTLuZGnLqAbtsvtfDbeNiMMxhhFD6ZZ6Of721G/56+bA8X1syZz4gep8SL/tRzTJiBgjkNi8gTBn1Z9OWWWWf+oyyPss9XQMt8IXNqno2KZuQLBYT8QuLTPeNzcrYZAOMaLZPzJrYw9S+rFDU9bkVn9RYfQZACfD/ADYZyJ1AxG/Xllln/v29XLNswjx/J/3cnG3IZ6mOrd5IF5n2mgeyCO5H5jiGux4e1t+Fra/Xllln+hnwEzJ3anwW85BTqEy9kDy2Ti1eLX2csss/0Y+GbYB8wEC8TnmcwBwlfi19jLLP9Jv2c8Z/pl8ZZZZZ/qdmP9SHH+o3wf6kP9Rvg/1Gkd//AN1//8QALREAAwACAgEDAwMFAQEBAQAAAAERITEQQVEgMGFxkaGBsfBAUGDB0eHxkKD/2gAIAQIBAT8Q/wD5DIQhP8XhCEIT1JN6E3SGNH/hsIyEIRGPUmekJmkJ3Qu8XkxdzEgSuhK0udn+CRkZCEREY4voTtITOhMF3sXkxd7F4hI0hI0vc3f3uEZCEREY4r5gnaQmdCBdjEnbF3iV0JfQklpe7fY3f3KEZCEREY4vKTZ8Qm9CNOF5sQrwiXpCRf0d4pSlL6d39qjIQiIjHF5TPSE/SE7oRpu2LsfAl9EOhCSL3IQhCEJ6fqNl9aXFE+Nn9hhCEIjHpTtITwm9C7WLzC72JPQldCVpEIQnohOYTmeicQnrzy3S+mcwi9FKbv6mEIQx6U7SE7oThdzEvbEC8IkaCi6E/VCE5hPYpS8Z9m8UomUvDRCEJxSlGiGnO+Ozf78IQhCL0pvHEnCftiTyLvEron0JpF4UvMIJInt0vFKUvFLzeaXhGuFpS+uoaOaZSNmNg2ZZRWJNiKCRt9mEJ6EmV4Ghohp4G/SGbOy2hNhCVElwmUvpnrT5pTJnilhRvm+m8X2KXilKhqiBqhhuNaGzsbbM8QhGJxMJxFFKiJaMiRt9lGyQR6Gng0UM2XyMNDQrbLvJEWCoTKK8JlLxBcT1ZMmeEyCODY37c4nstjYpDUavQ+oy2UWX6XRXGkRPShIRs9lGjEjsxwhcKeAwbsyx+2JUsISSEhRCYmXilRRCJ6IQhPTWUyZIyEITiEZRRBr0zmoaIQuBgwVuAwRj18opSEIQhBIQSMFRs9lGjKUb8jTyOnplhkiTyOiHQnIIhQnwlymYm4JfocEEMvR7L9FXPXJgkgwYGxsbKZKyso2Mh0jZTosLyESVEIhCIq4UhCc5JxvicXlG/wBlDpJjbeh1DrsZB9BtDyiFoZ0QLggnF8CoSI0JVCKSXEXEIiexCC5pHBsVlKZZXodcYIL4wIkQYjG0RBoiR+JQpwgghCcUpfXBLnb7KK0E7BTMyUs8RG4QyIX0zsMhD+BOJF0PAnWBJIQyKE0I1/QtmSUnqF2NEEheDEjQZzGWcR08dfUvxrp/xCDV95bMY6fyYBzPmkIwUpSlGKVF5vF4pSlKU3+yuLK2xHRGNDGGhJhj2JUYQ04MWUWehJ7GljmZvQhqybgTb4EqTiEIQhCE9DEiEIJE9VEh3obvQKN+DIyStCGsQgT7NbX7UkNqtkxWU6JEQIkm/TTJCeilKUpeYyMnDb7KJzwaLQwbyp4A5bGkhq7GWekWGnbEkJaMY46xOG5TcRJgZCnvVCITijVENiehsNhpYS8kIqSGiLoQnusntiX0RLQ1Tr8j/iNJK2/nUEJuITE+haP0Zv7kRIaXAxKZhw0iLhtcGymTJGQhOKJ8KXhD1vZQ85KVFQShqtH0g/MfER6GyGz2xIVjEiTRNG70JLAJwmltjsS9EFbJxBA0KbIkKkRy4MNmhp9saXZ9DHY1d8aV6GdITtiOxItI0OkfBm0Sfa5GTVpvZhhDRw8jHDLFT0IhgY+zRE4pgsKUo2yPkhCEIQhCIhCE53eyhCtHrBb2BbV4oEBawhM8sTdIafYvNiUIoF9Ir8E8htGN6C3C3obtkOEBu9DyBgadC1iN7E4jJA4hDibacELZsGOnE4g99m44tsQ6Eq0iDZexvictb2eF+v8A4ObGkTf1p4B04KSSpPGC9QIiKhIqjHzkiKhq8Iv6Ld7KGjCRoaoQtDHR0FxJd/hLegn5DnSPIxEErRmfVw2NKSEoNEeEYki2VpIrsXkJAkkVEkDCu3xt2Q9jQfRCyQ64R6ErSIijGy0bKUpSjZR2HVv/AMGwmzDvRNoqnnsR3j4MjqChgsSZFTPQvTGnoQlF9mlKUpSlLxu/ZXAbD5sS+hmQHtDX2KHRMyRZ4GpskZTCbYuxAqWhts+ZPAmZASXFGWiE+RCPAPTOmG9hPeTRIiXFEylKXko2hoiTLRfQj5Oz5HKCu7JxqFSLY7BrI6Gzkg8aG08IwjHcjEoMlRRUpS+qlKUpSlJRs/ZRBi+kNsNvI0kQU+xpISbQnk+gS8B42xpPQvLhQuuFKEfCEcXg0RvmI6HozwRbTh2VNUhK0vTeKUoy8srG7xBKC5aFGzv0hHVEx5qqWC/2MHRlQrFGVWMSyb6FvIm0xZlZSmz4LiDFd5pSlKUpSogacWGX7RGwkfghmze2dYToKXRhsSdIT9HaZ5RBPAjF6KkbBieht0OgbAIbNAhJIpSlKUpSlKUvNKUvDRBCpOXPNJ+x27rFVGT+5Wd2XILiifAV4I2iEqGLYlqjtKRZY3SohbwdD4Uggj0SRpwYbF4g/ZRsG0PxGcTyyA2GwYxKZYkukMYlbEoUKQtjT2I6GzQfYh3WxeQiJ6RovFKUpSlKUpSlKUpSlKUb4poqIfGb8kmj4Jq2qUyqbP8A6b8p41RSkkhXsSqtEGMVGCDUcG3RWFyTNGxWQ2K0E6rG8XlfoClLwrP1MFS4P2UJWMCJ5WNnoV7EgrE4T2Y6LNsn2T0iusEbbPm+BJ0JBIuKXhSlKUpSlKUpSlKUpeKUpSlKTDg9+Z/okmrzr8X8GwxzO6XGy27vj6CsEksrt/yko2qJVcGERQZHgM8D+DEbo0HrQ0soWA8PI3Q0JGa4VFKXhXxkvD9lDRsQOhiNiYXYJppcbcBXsSiTriE4pSlKUpSlKUpSlKUpSlL6A+ClLwpTG8r+fIxM72KljImmi/Alqd0vAhT2bn0+TFlt7fkfR7JNDYKwkdiVaJkuSp4CVURMnR8BBqlHgX0Til4nNKJsfsrhD5CS6yJsSbEwXmJQkWl6KUpSlKUvCl4UpSlKUpSlKUpSjZSlKUpSjgyNuDdgcHJLXQm2NSrsgWWUqWl/swUEwVsRJDVcH24JtJswIqhoV0PLFEgrsGxUpSl4hgwXjPEMj9lCtsonsSCQSIpSlKUpSlKUpSlZSlKXhSlKUpSlKUpSlKUpSl4USFY3+psXS2tu4H0Gh0bEqvqufcgktkaiGiGjVNCNOCqMmNguiNCxwbyMq/J2X7Kc0pSj9lcWxelSlKUpSlKUpSlKUpeKUpSlKN/0IAIMcsJJfkcOj2r8ohUhW4Ek7C1IiQlmHhBn1wGo0INhnkxyMnwTjUGVjESayNbLbHsfHrpSjZSlKJ5H7KFowUpSlKUpS8lKUpSlKUpS+kKUpHJWUvCsvpvJSmJ7eTP0IotvYvAnMiZjCwNxr4E02LEQ+WjISjwNdi1EpjR4EreRPJ+sG1YzCL01FXCvil4pRbQ/ZXFSlKUpSlKUpSlKUvoDkZTso+Ch0bZGU9sgnsVFRUQUpeWa+j/sTPIuejY4JUVWA3kW2ymoWWIZuE5kabUcsQuCaimWxLG7WhMhMVWBGuFGymSexTYfsripSlKUpSlKUpSlGyl5aJw2iopeaUb4UrKKKKKyl4pS8Up3Y/P/AAm0iMTZ0/oXwLwNRjyYmqKtCxkMwdpVBTEEqsIwsV0ZPWjMlE12hYZEZG0y5MGR1OMvN9d4o2UP2UblKUpSlKUpfSFZeaUvB1kJxeSlKUpfdvD4TQsjmPdFWg2Uzjg3cERLyM9CVaQtmPVHyRsy4ON4ESCuio94Ok8o02ZehIoLg/XSlKUvGgfso3KUpSlKUpS80peKX03+nb5U1jaz/n0IFYmcD0VMQsMB2OVMJoXaGvHCYmi4wUeRiRITbSaEaMkQ0aqEio72LhPilKUpSlMk51D9lCeSlKUpSlKUpS8UpS8UpfavN5pSlLxfSyO9xsUVmQUtTHk1gqMlR6BlaVCIKoZSXhmGRTsSTZ2LLELPESCoKINq5HwmuFKUvEJ6tQ/ZXFKUpSlKUvv3il5pS80vopfTSj2NjC6cQ1ttiO9qY+40dyMsPiLTHLFUCMQ0KUwdjTSMzA1NCbyPjA0GkxQ1PRwhPZceA/ZQ/RSlKUpSlJGFRUX0X2b72ecmTBJj3hRCW15PxoqgSTUYtMcxOsO2ngOFS8NMhrijzoh8CuYE0ZmIWMI1PspvQmdCfsT9sXk8jkP2UaFKUpS8ZM8tjbIxcKXil4vFKX+io2UpEnX+x3QfR8v9hiaN5YzVdDVgc22fQCWGy3ofYqa4LBl7GkjC2J6KhOsig0EjIzoxiIJ54jNEjtCpnjSdiX0JGlxGRjxsiwyWP2UbicT1whCE/qqUpfVsHnAjKnEvuJHtV/wRRLPksv0NrBUrDAunsT5XYdQkPq9GRgJlwPKG3KXlNlFDGrpg8GABJWBKWiiiiyhF/qG3E+F3iNmgCbwhhRrA/ZXNfRCE5v8AWwhPW1q7wMYzrxS/UXDXQhjEh8EG0KkMQdaS/T/6NsSbLWBJKw0Ib5QypXWZInGwxspfQwqhQyhymRaG02x7SHYUR2D6kYXEW8CRutncCTyLwCVpEhldJj9lcEITilKX3EVQT2w0bb7Hwf0NKXmcJUgRGZJPbbX4+SD6DGnf7FaOyFvYQvmNvpqC+5F/PkTtuViomCWRYJrsrwZW0N6qL9RG8xdImkv4+RWOvYTrgovkRN4EaYk6Emw8FiNsZ2xKdEgSuiI0dnhPiKaEYvsNFkGGE/1x+5Npsfso2FK/f1anSKNXG/B0kKzPMDG0PPBO3EfMhPcgTdhr1+HEGNh8/wABodGNWILSYxhMDFrc5WohqzD4RlWwaFqxdJWjMYLsasLCiE0CZM/Is04s/A1IxRc/2PZCYu4VvYl+TfBuwNmkQq39g9Kla8ilukJTQvkUaPmJRltIbhMlfAz7RfbC86djghpDnSL6KCIqxHYXysWdpD9lG4popR2Ccq8j4xIXcGvQfU0fQPkR8qHXL7H8zEkkThKCROiNPTPTSLfBCoaTz6G0sszB0b4SCV6RH1jxggkFYPCGkbmxeS/Ip6DsgqJs4bKrbyxkg91FXB08kHbDsOL4FkC2pTdjDN8Gm9MSg0xVskQpoyCwIvAhvHmNk9hfMS8T8jt1v8kVl9im2x+EWNIo2Q/ZQhKYlupBXEoysnoIXhIaxBKKLm8Xi8Uz7F9MfQkb1BHWRtYPvQ7IS8JIipti83B/CldCkaGU7f3EuE8G2VDJrIW2VlcCn5scFjOnu/B8mOyD+SqJRlleSTgoMuieAm8cC8hE+Ah0JPS/LIWU/wAD7q/1FHQkaGrDT7iKsac/sPqClkbXs+Yp7ZuH7K9eaPZEl63784adhqGoyVNwkPEbJ2x5QUKiOlxyN0JvZJGF3CGkJbRJIGQMqmkNCRuMNK2YDOzjBDpp2KHofkp7y0PIncQgJfWoj8FCSXZCPhwOigmE4il7IGPBXSK/IgEIlmF8eiENw/ZXo09WRX3IQnOAB9Cb/QywMm4+g2nlZE3eCn6F+0hNXDi7FRL0Io198b8UW0iv0X2x79SGdk/4l+glsnkeeKT++D5kkEHoaQ2MzOyhav0h+8B/wwvYms4/lqjYPWZSv0IaYigvCLsEnbEgSiLxxSl9a5nCEIx1sfsr2lPTPXCNoGvTowVVhG2Ge2YcsSOhK0L0HyDXyNC+kW0hOEzbE3bPmHPg7gadZJ6Fgc3EQkhONz1RVyDY0Mj3sWBjtIK7aTn0EWU/vBBkNq34ESuwkIlOL7M4nDwsjeINazGzqpfU6Yl53kcWc/oOONDlEc/n3GKRP2EvCTD9lH5XM9mcNO2NXZHSY26/ItqIj7/Az2P9eBL0ip4H5hqMt+uC4mieLsYuwSRI6IHxQ+hDb7ZbY8hHoT+b6WWPwgJ6YCB1Lv8AiEcmNBoRAGPQ8GBP2xL2z4xJ0FjoyyEIQhETiE4fwuUGvdKEMAQ5Em19v/g1ztv+aK6/n0GRr9jEyKKQZdbSIbTBtUiGkJmtiTYhMP2Uflc0pRp2z5iOkzxB/GVtintjyCTpEBq7J6TG/j8j+Ibe/wAHnbMsTOhNF2CTtiFK6IaRkTF8YEJD42aKUjHNu0JQXUEGRYYipkIogytYI/PCD6CMhODXF9MfBBOJxM6ExDbNKCdZAzMSX5/IoVn5dF5sUSizBIiZCBDoiWFxFhD0Niq0IwQ/ZQ0Rl9I+mXzMttkdkBp7GHwQ+lcL7hbts30LoQmCcJxKJfAlXQiuGSSInFGqIPANw2ZXCLyRFXgoy+xoTC4EhJPFmF2YHClKbMbm8LLGlmfga0hTYR4FloWojyCa8Cd6FezLIiJcKXsbSyyoqR8hNZiTNiIBtJo1DAndb8QvSl4X8phOlV+RLfQIwh+yh4jH4IrpFCd2Z7PpL8cVyxL2IkvgSiCCEuZ6G0hoNeiqVhsQiFxaQ+onyQTGiuETJ0YKkNeLopGWUKa8F3J/Aq5Sn3HsPQrrq35JsomIbuX6CWSCEoIkkkVcEhwq8E21TA3TAoz38CV1FhDwZwzI03keq5Gn0Kc9jBNNGtUnwv8Ao3QVb0N8JMTS/cDO34cG7WX7DIFFcD9lCVULiSk8UE9SGhKkIQxwmXhJEeR8wg14JM8JMjGhJcYKN8nwQoJuCCQgeAQliYba1ENn9im5FqcM3CyiPyJVU7DEVoIS6DWt151/0xmWF8/z8iWXTfY0ki/U0NuTQlPpdjBpJBo1ulkGoVZa6CTr/wDReJJaJWK0aWRuHEqJKvWOJHoLaRDHrI1LMj9lH5HtpERUhsSjTinyrGx8NcQnQ2QuBIRBH1O+ayNmXpSzEHaDZ3r+ZFtW8iEy6RSN8EIrpcWQnEYlsak0V/2ZSfX/AM8iE0m+ir/yfA3d7deEJEf+/Ua3sQ4Tx2PYeOhl5V/UdyX85Hamx89kHGpDEyZYeiKsGJE9iuTbLclj8ivFvyNMkSb0KWwWGkxbAzy58FPgOJJjtIuJ+yj8j0whCE4kajDdiNn1Egn8iRmivojYnGkhxbZTJrZTL0bZMCC4vEyIqkQgtWRCNr9BsNIX5Hqrb8/yCZV2+EhVUY30fUebk+MFiTZdaEhWz6hBIIpTA29DlUTkUaL8n87HT0/n2IqsF7sFRRHGNmoOHllh9GQu0x1jPUGVjz9BidaGSM2c6aZDWs/sJ3zoUQoiZRV9RElMSYGMTi4/u2KYksCajKcIQi/ZRq+pCcQVFGqGqJGzwjPR5hL2KSTRGYI2yMjFRldUsaFW9ES6EkRBspS8Uimn4KqxbqNfA4BY8T/uSqNfx5ExOqqmBvLZlNrC+BI1lCdqwVw3gUrLEHnJm9Cg+shkVVNXxf8AhCSYi4eP3JOq1/z9CSFgye4e7EfI6CaEckFJCTAjkIexd01+Boa2hxG6SFsWQ92d0Y/H9CjDA8ER5ptMdEcbGeCWB5TVKYQixYGehqRDdUa4KDwVKqMgiZj9lH5gwSkOZRZUKYnjexIsIwStF5yL6nZG4Ty+KSMURfJshgalsaBtKi7hjWxwjGoV/ggXJLxgSovuLLMfuVwQsFWx5DLDlRlU0h7WBK6MENJKMqNJipGJGm0KUtnheX9ekvl/Yfg1HtqtL48v9IhnVvRdV/TX7ltSP8vCE8iY3/8Af+GiawXx+yFlU2/yYRjXWkPHV2yqtPOhYlgSJwTx12Q60VmrgbgFPbEpKA4qy/LGJVG5BXYpaaG1UY3qIqtDOGKKJCRaQrpoajg4JEJjIuxFGs1i4P5H7KGjTG7Lwk3o8x5BGylovtjKRbIiZG30fqLJAk2JgsVhXSGhVDQm6/gcW2/rDFKNka+B1NEHJ+CzxhfkyCcgvLHkoKIg8/8AcSoJrRUNJZIuh+RpLSE8CRvwEcxjBMyhm2hBVsVleGlr6t+C3nOu24v/AH9BzFGtU/AXmufO318DnwfX82NXtNfb9hgyZ+BiqsbJsNuUhcXhlSiLn6CYiwZJ0Xk7DFT8hMeBrehPRXIm5Em6xGC2NngYsCeYj4GRBo7BLlizvRmokbJtIZbEnlByYsEoRSD9lCVcQnC82JMlaQ1iDpYJovgVbhXfBJFXgjvgaq5Io9BpeKxX0NU9FFcD51gWhIx5i1sSV9lG4hngSEB8xk9lVbEiP0LnwOMjziGlpsSI+Cm+hqYNVE7bHmYlBrqs06rGOitfgaifTGF9Fo3VvyufoppDWIxvy79WYxJMZWeysnoS1U6IyGfwNl5fHQtrgZtX9CHKEUHDXQrgSemKBeIqNjbYSuCYTvAg0WyGSKrIS2OqhnQYUTg37Yed+h+yjUZSUUNhlioUH0FExGRrf0htKmQklaWk2OKNDcQQllwTjJaDMZm/oJcI1/BbQUWhvWjpJluhlRoyFsJVyIXwMTCg0SJ0NVgfgNUJOhsXVhMbjd+w8mGQYSVqfKB7MXwVQslXTAIbPgFaUJKxDYvIpqEOi/gYt+yj4UVoYIEmKQs8sTBoh/EUZZsMaSy3ELdBNRVjRBqEkNg2jvqpSl9tGyIQeBLuCyIlWRer9bYmOr+ogN5+rE5EEPGDbcmsG8JMWlTMgYo1hlifL7HlttCWiaHGOhLVglgyV9CqUbS7E1bFSJqkQT+58IYTXYkyzShK97Nh7HMkWT2HGgMmUVdZDyw1aI0NbkIMohaO9FhBL5EkY6ZL2fUTySfFiQSomiMUaPBEWkh5wg+CCWzPuJHd+g16Q3pHaGwB53/VI0FR5OwxLKKaQhGv9AizVEJRZ48DQJsoen6DUsVmDgQMTQnQjRiw/wCFyyM8ADU0p0ZMzGL6jysaIDFQ+klKHcfpglKir5CChSTcE2P8x9iKnZS8F9DzYRLbp1zvYKdjfhG249SZnG6hdIaSFEPI13TWiPZUK7EdiS3BMstCUyybEdksse5uD2vsGrSYyMawbBjYP3KXmf0KFsTGNeyxIVwKGUhOcQiTWZKTYsDeFJKE0gN2pisr0J6GpeXf4LNSJkIjEb3JtSGtHi/nZVsCfKRlGEo3kLeqIo6xrtCKtUvJJwRgoIKeGVinbGs7Qp4CW0LXHZhnTYnTIbdFNVnwCcJuxJRJpEdCC6cENIa51mXAfQQytNk/YpSlKilKUvpXLXvoWyKSizQsqYh2/ckrWxSTZj9P5B04gstwhNuFWZUUiGE0cQsWr+o8L9nZj1knZNJdiTwdr9BKsjs9YLmJCC6G03ehYy1dsTU0PKxQxKksIWmbr2RSfgWEY7EJDqKYayMaGbjqU6hZOiTfY/AmeELQLsFjDHBhGzbO/QfhYwDWsG0Ybb366Upf6aDXurhplcjV24MbMebwf8gkezGxDS8DShMmJDGVYZi7/wA+pVcbNCf2GE0EUeSJK/gY1/aa4FWeG/Asp4I2bKYYpNkHRCRvJ8gkeiRq9IqSyTUF38UZcCZ7G8waacaHlkRaNVhEIdtjToToHLCGwbJ66Upf6y8Ia9xcdPB4OtiOf/oYTu/BI0YGpK8ITrDFbwIpkTcX2f7GP9hLeB5TAkqqQrUqURUTiGRtf+DaobmQVoea4kSq0msOsJUtCOhVKZh2NUyxdoxUwTTPgvkfYGjSZ0EGzQ39jbe/bo/7Fby17S48k7LG2hHW2uvJF3seTORm3sdtYY9aDQaTeRCEYtjafkG5qGkI8CnMN4hrXFtasbw2PUskMQpa+BK7pgu/IjWQaGMsavkO9UNgMo3t0pS/2mlH7K4WbdFLn9xfGtiUfdGDso1K0ZSw3+w1U2Q8BZUCMMk2DHQd5B0TvRhIU9sUWR3QGLP2BrdWQ0B52OWGjEaw9dKUv9/QjBODK23+H/ww9DDd7FPLJMMegXViQVlHF4BV2CfRDS6IKCahTPE9dKUv+DLh006QZDFMUcZMe4aUVqmQoWSFfrpSlL/hi4UuG2/A5G0yZS4GmX2PqBEL00pSlL/iS9pl/wAZXFKUpeL/AJHeFw/8k3/ka4f+SbX+RoQ1H/kdGqv8kr//AFz/AP/EAC0QAQACAQMDBAICAwEBAQEBAAEAESExQVFhcYEQkaGxwfAw0SDh8WBAUJCg/9oACAEBAAE/EP8A/IV14wqJd3HAX7l5cr9kMtcL0/sS3/Y7RYg0HRQZdOZXgUver/8AKgX2/wDtLusmwz2GbdXHyVVL6jtE+CXnjv6DMvzL+mXv69yZZWLgzL6yOyT2upZHyJb8zANfRqOvXdZZ2faCZFEVJmDog/8AixaLZY439hZdXK/fVy6/Tm4S3E+y+0vzufxkNsG5XfZLXK/ryl1iv9NCWWS/aWbaO0fk1Udb3iZZdXtBf7Toku3IDf2TmudH5gGxAGgEqVMcOCHoBfH/AMEAVAG6zY+4n5mpXz+oyzxnJ+amvjj+9YS6nd+pL/oVx8sswxx+CuWmDwIexNZOr7xmuk7CAVR2anzaJlv+IcEu4luT2lOU7k6Uq2e0qV/lUqVKlTW7TpIfx/8A2Vot0mwX+wsxvl30uAqYb/lVHk/SfVl5jP2AS8OB+6Wo09AfJawpF75QewSzH+gyzQuwM1x9Cn1PkyTLu3x6VuSHJ9iA5nQ+YFsgDYmZUqU8SmZeivQRXSVWsC5eaoW7Qy0lF5iFdJWPT4UNDgvh/wDo7F/7iz9pj3TTE9J91Am91/NS2DPX64XNZyl8pLYH0+ZbZa4B2v8ARNdLz+WjWO1vzcX/AA0+oj7yM0ZPELNvdhVfcoS+mSncehMGlu8omJoFAlmOZUqBCKJR6GpH0qVKLlZiCTpKzrDouV0hg1O++szhAIgKmhl60pIiruoK7MNLg/h/+Qq439xYFgP06oTYHID3ARJC02/ImWgLqnwPyhLqTrXuggbS9B92wB1HqHsCXFy/22OLtB+JhViVRT6jqmvlMvfKXqZ8TulOWG8LNyFdZeweCUMQx8Re6NusplfwAKlSpUqVElSpslGKMxKGCMjLJCrLXbcpKgYxKgVFJjiGWtyzpMMZmJw0+C+D/wC/bf4PtLTLNv7iAY7X6AlgWOQX5Q5O8t8fyRthOzvwEuaXT78U+ZYPwn2IfYzSk6D8RjK8z6nyAjMdql/Xr1nSlOCVXSVKxKlSpUqVKldPRbiVKnZEomqjPoVKlMr0VKidJWJqlZzKA0lG64lpUDBZgDaV7yo0S4W7So2bSliO0tC8vPnDQ9YKfBPj/wCZGmDb7BmiUOr80NbI2+oExtrovw34hus5+kflGNWcLfdJ8RdofA+RZeIX7NBLbySnukS/rDgh9PO4+o7CDuqzJOHIdrlt0n6VHrQNbpQdCaNCLc3j0ovpDDr6legG8pp/mBg6TnLppUJNponVAXdxDdEQN7zDNygWRS9IZaTeVKzmUq7xKzRLiQTMM2zXpNWkC79DvKlSm6hyhxIW2htPiD7e8HukrejUOAnNKtWEDGwYaXBX8iAqANVjiIGp9sxdH9A4MMsfmDC1vUOCn5Vz2D9wBCeUvvT8S6KTj5FTLirm4viqPr2m29zE8E8fjJkLvq/E1b1FvzBmwOtE2AIz0nxMNfYTorKdIBWiFdnpIx1Jr9NHHo5nBgl63C2VKmWU8S0FBMI09YbZhrmN3SVCBMhDckFWCGE6YzjHoxL8RAbjaVrMsjTFYiFnEQ1iou7h3GWSYcsOErEQ1SGmkRxLDAzEUM0dSlyfENC0SzQhZlIJ1GBbGaICJGvtK9S5RCEo0lzzFXvDQ1uv8OfCOKAaA1rmYhL1z5SWl/hQeS3zDmldaB7DU3sFdj5ZgB3APxFsJOBYqL7zMboHckcz5Fxmg7SZ9rEH3PUiut62/cuQBrQIng9ortfaAliyrFXdLFuJ+yorVI18pWGMamsTUl4DeNvXdU1MS4g6qmDXSpa8xInvK7Z7TXxLZiOzLVpBXpDbUOKVhjArEB0loTq9R74wizRu3AyYmupXSUqUqdkemWbJBN0yaRrVUdIbqMxTOiEqAMDxKNoqUxM5jTKwPMQ0nQe04CYdMzQpWoxilw8iwY7/AMOAfpec7avQg39pYUq+agpGwDwQsw+IGGzsnPeJ0DL2SUHExBVsZbr6ikKG+sVWUIDrd8zpVMiF30lHZlriWdWOGXMc/QvGJvKgSkq9pm9ZzmbMyaTsRO0t7zNHaILek1dIVdp2SiGVhDjHl6ldPRUqpolRJ8o4TKO/05+gV4g3aZeqItK9iJqA7wHL+IEq6J4CJDhKcxlTiV492J4TdyjGVqW8xV6RWOZU+UT0JKnUQPk/h6XknS4uNXpU2hZpAawTRZs8x3IplD8QLaYGwQeWIbDxFW+IDTDmZDQjjqMo4jfYJQYSK2wSyNJi2gpuKcXKzMnWEATSXM7SlhjeEI60C5wEQN41zMIvSayj0rTE7zBLNpZxDtCJzK4lEouUbS3EXx6Q7QTZWozrUu5SB5zDUV5lOirnMgce8W7zPWYaMcMsoNY2idVYEWxtLYpZaaq9FczREoicS7M2ly5xqfw/hNV8vwgWwLlt8zbEowhM59pawPEta1GuG2JS6rvNsw3FQOGLUKkbdG92NY07QbeOlJY8iatGW4VEPOsHVpCqop03jG9Epbcr1lNiXN4N0qK3FdSsptM9Kh7JzSreUrWacSq5Yg3lOZW4l/1HCFdCeCdb2hVZmFnMLHSCgmDzNXSVlIcFwHEC8Iap+JsS44FLUrYiGisEqyPxdRDKZc64icss2Ll0wMH6S4ZhrrMc+iLGa1KUypqJhK6SvQ+n3+g9SL4/wmg6nxjYU1xnrBqq4HILDWwelKMHfJEDFXGnVUXaGYaCBVODYlHS5tvKn+0ssWiDkhF0RTHiKQJmpTpmai+lvrbzMypUqVKlSpkqU6RQynXSUy3EFviajiHWgW00uIVMASjV7JWhUANVMXSovpAu8qwW2k6kALbZpxGg0iur8SzfWNaMNnq0SzoQqU3YhdTTvBmoI61joMysFuI8j6VWvqj9bFlt51ZlJSdkqV6A0Jd0j8f4cCOTCxbNNIFbBVA0gDiZ4R3YdSmZXwzSsweHxEFr5ZVcB1lzFhArKInv8RnYcEEqLXrNbHDSWzoQg1r2h8BRHXzNeuYxquDbo9Sn+ApKJRKlelSsypS8cQKZKZQ4i1RoSx0ZQaWabsqBreN+s6riLkwwyZl5SpfmB6wo4ILSIg8EmYUzcXZmUapMgOADlcEbciKQGdW9dPiFPCBYDDre7B1sI85u1NDGky04LK293V3lJVRWt29Y3h7o3YUhfa4LF0SvVlu0McymweldR/wxm23oWbQVzHcj8P4cFz+UExa1iKGucsV1F8EbOss6e4gMMVLOXScidWaJGf8AqBpHvNQYA0LeVlaWKM5hagQly2ZerqIKxfiPmkIRq7RBnTi8wHlHQgBEV/yBb/EOyX0g4++BW0alsye3MRc1KlelQWxOYZ0r7E3cd5WfWp/YpwCZNCFjA+Je/wAoFZPggSzyUJmFqcBEZGEUDs6yXSZAOW2Di8HMs/MIovUtjyUK6llWc8wWqOBQOhi8uYlC5w1oXm4dGJyqGHpOqAbSwJnYlLtLYhz9PbMpql3aPT/iPZDplg8h/DD2TIUhePzLzcJWYiaxb1hqaSlsdWFNb2JhShzBXo9pQVQ64mncdoBwetkWVa6FEfka5WElU4OJhk3vmHi4G5HTRjdmXOWWyxvJC5AN6lpbON7RDaKNSUypTAuV6V6Bs0IOSDS8d5qxjMNAq6ym6cQIzWmYHlfMdm5E01rtClS72mpQdIG6KIRsBLOa6zkW9CUYtiuMQ2TmbNR1xNs62MwKgnaog4zvmJ6w6YlK7UMVbUzrUVp3WLgzE5OUrVBgo1mRYVMWuOLxNAx5W+39kLaKWoTcZyzKY6vNTE0hdUpq9M6SjqrtdVi6ZbaCSA3vLf7lsBAjggVlTWUqVNYGMOlKxNaSvEp6Eu0pibcQX/CqwXU+JzBSglLyyhoRGnxE90hFaixVbIcG0IQB4mC0HxLVSjm0Ew92PUY2CALQeZqxe0drE34ETIveLJUNtF942nCmAhlF2PbBWsMuVacSiV6CmSuYOsL0iZuoJaDMN0qZWoNZoMppY9cSm1FMTMvvAbly+YUiNtNpuAGF6lweIp0BK39MFE1UHUmjfua47zF8GUWbznSPcR6RwFXAFlEqVU2m+C44ENHoHFQZ0naXqUvnRltfgVbRlTgo+4buG8GG6nJjMESrjrOR2AXpDieSWQCV818zZbA06MEDl88jrzoxgkId2fi/b0FvREgSUG0DEe8rMw0i36VElYlMqUypaF2GZifjzoP4RVeMsgdU0XAFkeZjCw5cQvHoWMu4SucRwRR0IYK/NwER5YiSgXwZmq8Sw6wuYgavekVtT0IrzddZ1zqqgRhPBmIrfgwL+JYFTBexDF3HaVrBfLHW6PMq2ErYZZSrZlsDrLNSgDVzmFgpTbEVkUPOJZz8NohoDtEV1uPEiqxLHaCcFNW+UryHqSraXwQDQAaEMYL2jWGHIqFcBiCsLWmplKbdzEqGOCCQatUwisXVng8yxzOO3WDOJjoSnSqhR1ywd5lXrujo9Jf/ADmiUwxxVd7gpg2AgWWArpj7mAjwciEX73L0UNVABrl/5CF9ooFFtjGtRWFQC5O2t3EJgWW2c7rAKXjbRwLrtqXFS9HiAoKGcays3AgUZJdzOJvM1KlX6B8S9wUy3gJW/XJOqdTMK7weQfwhQdSFMuamOsTvH9fFysQ10hua3WWGv4jjsp/ugvB4g67k2iIK++kVXh4gqjXlyx20qOd7yALtu9yBOt7ypoGzaBrCTU1vBDAJIsy7EAcRdVUQ3fKK7HXeZrFZyTvEqiHYnfJuBXaGJWYZrgzV/E5hY9Hyx6LX1BDPtlMIXUpp6QMhFOWDILrUHcg4ME1t+GNi2xugwZNkw9YgNY5YAYZLNZCuk66ZcnDaHCZQG6l2oUipzMURaue8osdXHDlEyrr8QZDbDisJqtY965i6vi6kaLi2UqCBFNNL94dE1rrWnW4N/wDJltla73BauV2mr2I8SsDOtWK1LxBbCtJO4HDrKvzWKU0OvmK8GgFIxt6KSl+mvEJ16T5TL0CT06oOsQ6IO60mjSA0xDT7vn/CKwapIj0k5dXWHC8xfqCC6qTuaDvKbJekrAJ3jVVvYxKjih7RfTuxAth54NKPsl3UMwfQg83NNoXdlAglzHVEFrsNWL6w2wyNIi3Fo7gx2jPEwb3DaF/EsbrJGWw+IgM/MXikzZ2gmad2fmFNTeqpiyek1R8RXNTFrk9PJp2mZnSUNsx6NZTpMQxNOkwNJbiCmLUx1mGaqZ+nojuNVqt8f6hIIFY13xzXSV3FdWffU7RWgXyDWshWmmYqzwoF0jSyJcmms04rmMnRgFubgKkNr06TXDwKtjaKziyobvXQLysVmX0McWzC6AHyqYHrNX4xCzXLdXVQFyAFYOHll/NYhXk6ejtmePTs6ei3opWk7JadcCRiz3mfaCU7wWH6X/CPmWVFuqPzANjtFtFAtCO1wq1LsaTAKrmioA5dJ4gpmZaaToCW0LvoQVzvVgGwcEHYxF2oiBPhFarG9YIGIrmo1rrFDBRETliOKagwYiF1UYF3Wo/YHaFX5jL+A9ianLrMQJMoh2l9eerFXbmaNGdkpUpUDxOgikqoRaWhJhfprMLjYqEVikl6xLb4mPUibI4rag4NEm4MBUcwPNUBXA7aS/qjWQ74Y4SqNWQ643jRRRfB7HdlhhFODbWzdLiIrBBwa8yoJDGXHTHWNhhfTbWk7QsD0clj8wBXbf8AINdJXWVUqY0t7/6hhSK7hCnvGTRAWfFvlhqADs2K7GKgAArImbmV7em3adcrNM1zJGFJbiXg/SRZ2Uhw+8NHqfwi6eqRCga0QXcmkxC1V5hKr8R9XUVsm+8vwPtEOg31YtqQ4CBUqxXh7zhWAaCuIzaiaizgPMVVsmZWNPaVjRlihPibeusSHzUNuzsQBxcsJo18JbVCWFniawr6ddy/oPUcpQmjSfGM/aZFw6Z2TEuoGpr9E4nq1urL4ltpfWXuYZrNtnvChFCjaL4uVpYsdA25Y2G6ROV01h28dnG9ZhkSTCqdvuB0kGQFig+b7yqorXQDWyYMyMHFame0WAUEGvEIXwTahhz4mmqyFrdW8GGt6gVFc9KGrz5E1wzFmfRYo+BHYxuU1XpLqgagcWW48EshwdcdisZgKGqx6FFSztB+kkkvpcEmkvV1DakBiANKlIjsDmBsWqt/wis8yMzrNPuL2ahKuibLcA6ldpYZUOkctL7wLsQzW64iym7sxWJ4juO5HuHvE6rtAo8ppkfE0mWrjuYXZOhA9ffgh8OCbwXrNAomoKI6l+isNV+inErK8Q6J2TbNekJMLhnM9oj05QzzKcSl6QPeMEWuAlLGoay5aKSpZ6y4jVigjY33m1xB6OYJB+5xpjrN0KvZbl8TFqIuq5y9BiRugNum1r22iJiCozdOjxKS7LYp3zf7xGZX7DIY022iEk6Aa6+YwAmbeU/mvqIXg0eLOPb8QBWIdbJW/tKmiWpqpfhmaeIqZwzekHgKGOKTJVKB0ZqxnqhZHLaDxcENb0DYLFbqEqpwjmJzKA4Vdb/ERIdQtLAHfMqVKlS0EwG8KSglOGCdpbuyg6wDnWL2mGj1f4U11h9JcUs/3nPA6SoMAyUeWBwuPZZl0nI3LTSOZMb6NZbUe02FO7PwEQ1R96g7g65mJ7JNi47KeWJmpqVwTC8NvoAyztMNpXjWYw31C0+MzcTz9Ygz0mvE0xuTt9W4S8vxLev0y4CK1FQVxylo2LPDWnWOhIQadUAav1mZSQlMbql6rF7VAm+9FdestYjQLcUPOfdYSKmK2QprhglVKKBtkshmKrSu1jPQiOXgBZ4z8sEjqQXoFa9x9yOvCuwZcZIlUCoBeDSNrvAikyNTKgpRdnU8TLhS0vUbv3MwihWGw6mGFKAWdVae0dGaC1BoV98xzU4rTRqzTVXxGzswGmnSJ3k2sRExT4jpLSLoNO0DlmKw+ZYqZnbKDWA2lp3YoR2BLXMBTU+YLWE3DMnqi+o1TVRXf/hHmE0ZvfjvFHR5lKV1iCAYvwEWMA7xv2DtEtWr4ljJfdlxx4EAwLnCCKq1SiX0issuvpJrNOkJDD0Ssc/SGvTaX49NfM4wJCSc4cWVSYwJO30VlB3lEoaSjWBYAy7RJyFvoveLd0WpSnZem0w/QkbN007MRbNOu2aTWut30Is8Mzaejc+4yI0YMYDiK5aF11bvXB3gaBgOLiX+birOxsGgkrizPmWEAGinN8xC1bQ+T2zBRzB9UxiUBVYajONYAURIPLdWvGZegVewOYiVkUUFJAbEPrxhRK1r5g4C9nhRrGErcHWKFUEcepCoWVgO0UNE0pzCyGqphesq0RNVlpF2LF3IVNpU7ZQ4iDePCU5JLdUJuFYA0IdEQbR1Q6vqG34P4Sad7n7TE/3n0ToCsdxII1y+ZyITVGC0RDGCJZUVLem9zrhOfqlYGcNPSbY8/RpnON50f4hkzKG+p2zHp6cfSeuTOYmYGnocoQVwkDUrWNeDZ6QQUlALsBWeb+YIi2Yuh5M7wgVJV1BlrvctEQl8dC1utLektpmVUFug/wBS+Q3tNMuOdILwp+LEAv3JtYOIONDtG4NpbatWHx2I8bbVirU8bQKOuFGhArvcoXmEisOCKROPcGC/Q8wVGBFJTTn4+oz9hND8V2fUDBc4aqNX9QVXrJSFK561pLo1oAy40uXcOBl067uKzHPULUGbVs9ZSrUaa1esW4VkFbQqD+6wQ2jQBcoGjFxaRe6GssNASjYlFUHghqWbHUE1YBtfeNhgG+ILXhv4bHqQEIu/yR2bZ0xkW1Ee0VvFO8z9Oj08ahuhFo+mZ/4fsgrnZLbsJ7Izr00nbNuI5aekW/qjTf0adJ5SvEa+jLaBJXiV4m+IWVlOJmqCTVayvuOqa4AX3XE4pdcqcLeLW/aJAhFGyjVVkOa18TcI2B+ITFQcHa8+CUVT6S0oGuuIuDEANjpAA4AVg+Gm3vKmqUB4YMhuwFl6dmo7U1B2aMSxtRGqoHYAPmO/ENheouEEAKzZ6Nebl0yaNtGMvxMHuM3S6xklLAmja6UHy+Y58MjVIAPWlb6ygnNpZ5uMi8lmSy2lWgK3BdNtIYYOAunVgxqy3Y2XX6VFBtBraPNEEvsS3QgSH1UvaMICwhNAlD0VB+vswX0n+f8ADj1Pxk3mP2SiEdME90v6ScZ2zP06vXx9NfTX/Dknrb+jV09ZJK3KcSmkolFXUq8VPE5nmVKKle87Epltp8IZmsRqghAVSqZwV5hvmi82q/MEjMyVRXl2lwdj3uG5RRGuXQlFd2U92MEyaDJqurDIBXqb1xW0TZ3aOgB5poH4huoQXTeM6dBgU9BZpB2db1gbXvm0dVK00uFHpVF3jYjtFFBsrjPaLp3HfWXEqiYW82K4zvFfL3uvWtuIhBLBY1jZ/CIWtAN8XMH2oCg652+5nqdIFihq632jfG2RRAuHAlYhYKctjom7A+tpCNpjHizzKUz11mcBDigG08RNksO+h2ib3KqVOxM8RP29GG04X+Ea6xixS7/xKX0j4h/j89DRp/hie2Xl6hOv09v+KVjSMplnWZEtfEvUvc1ay2wx6ktjmX9B0T2y3HoeiK4mV2Ri+SWd4h2BquAsW5X0igvTAEvHOXWPfSctY1/CCnNEz8QbwQcBqxUseAYXTFQArEdOunvURwqU82LWuMlRDQwWYCjTrrK8tnNDQv8Ad4oBQIdM7SrHKgOoveMBCOmqDdtspm9JhjTFxdf8je4v6Stj8SpQqNiNT/cHU0o8BuJnSJyJdZNxoC1tIdGLOlAOyBsBqqP9Sh4UZt0uVfqIbV18Rxro0cOqEHBRWkL1JSXCxoUBaBK7Hoz2QTq3CsqMM1P5EF9Bfg/huLyfuc+7+z0BBf4nr9PYfxGanErpBO0RMka6+gU1Sm9sCaeUBwh2EwaBG51MpKJUK4lECKipWZUojupEm8UZiBBEg57dY2AS2M/1K2ARYF8niYhS1HLiMmF/ObgU7ggVwReNMJVb5jchpK1LGjz8EyG8F4arvrCZWha96EectW8gXBvz0mdg2206fcdIwpc6e0DKKQ1QOSr0PqFQLNt/iCdsvBVw5zsVF1qQpYRYV/TapmcjBKeoiKVHjIHeDZOisxVQuCwfEc8JioWq29HoylTYN8A7dpSQFo3z1rYqqhMBWCUGIu9BBdqhvMtBynnDilTaVGidCUO2T5Q2Xj+GGlNzPRtPzH+QOz0V/mBaXlvQTSU4hRtCpRxO2PX6SRiXxc8TR0mu2IiynYluJbiVUpmZTx6Nx6kU5lneatYE2lCU4mk9SzR0DeW4nxhSGtG8blUwocndd645iBy7q6VtB0jnReQ5O78yyacArxyxSAFStXm94WyZNhpp+RhmY7JS8OW8u1DCi/3HNCGwOsK4Lv2lmQsqDWWMeRMu+CIKqso8VN6MuhAUJK13bRSC2+kpA+OqxVmlDj9IRAY712MyuoDsaOix3dyMA65g0AGRLU6RYlrq4dYFocQ7hI0h0Y5crEqKD1xR1lrWhUTFPO8LsIBTZk5gnSGarDYQOkOiV4lTxFJczAxb1e0TQ/6oL6f8Iik5BE31PsPRogPUP8gKcepUr0UEqVc8oSGAE2jUUjBE8Ih9IZXiZzPaF9pXiUxiJ8R2CPTKRPr11qUjFZlLOCBS73CmOzOA1ayIhjExAEsw8mvWUmJj49ZRQ9yNgAY0VhfxiOFg0GrPPMZTwZxQOBq2HmA6ICaqDZrVQwRlag1x8/M0UZG4yoXfv4hfzWi63vHW5QJV3tuQLrLYDTZcYv4jfvBgq1WNLIfTpBVyCD27R+JRC2tlnisSr0wSUW0/9m1Iz4uqwBqgLEqjxkSvEVNQRdcQUbqAqFYvF3DeRQWitbN26lyCXqnO4zjcBdYVo2YHH57SXfUtwkK2lSv8ElIhF4Yt7wErjz/ehvofwmKrcYXXj/oTH1T0qQipUqV6hHb6aSnEoJUomPWnrLdfQw+gMgJCYCCQsl1LiL6KielSpWJ4lYiZme+bntkEmx3BMAXUprxHw/jnHLRXMvsot0Vg7ezKrJq4IOzN3jSkgRi3rr8+KjoUS3vFFpytCcXVYe8SNBxgdrQQwfk4h/xdmKawYZ1vxEeEEGtzNMMbroLZnI+brrF0bg8nSJWL3GbhmBei3v3iIUhojXYdPEv1i3dN9Y1MhsXgftSzN3W9E619QyOAsay2jri7xgj9dEgzwWgHU0yYii9VUgJhL5qFhpWZbbWmmNXTHePcwIMJe9GZYfF05ob/ABiFxW80QljY49Lly5ZEt51JwRWxNgSzVYU2g5Y5yfcgtOP4UFdti6q0Z1Kjh9Vegg9M9LCVKZTLS3oP8Av/AI7q0leJ2S3HpRWY10YcvS5cYVFtz/jXoTz87ga+auCJtQowbNYNY6CuOgcLNstX2lrUNN8awVLUHaZd/wB0mahumxprXxM1Ehd6dyGNzFW5eGU3anUt6DRsz10l5ggraOVNnp0jYbj9YDS/9gAsbRqhORlzEUNNo075irCMZNj1gNqMFs1iCrK2hq66kaeJd5GVWA4veMZgT4XS4pcwsvU26aYiqKp1BRspdPExoDDW7u+IELAzReWjxd/ME0PW2RRRvqfuJTdsA4WuD3+JT/DLRbbdRUMGVHoEUDwZjsRTeXluYrzAWDYbzAGhcztFnVgBLn6rlBl6H8IKfrIW/e09Kh6qpXqD6LS8JrKSvRUr0qV/kCkpxKRCIHpTeI5iIwty5cuXL9CVKiEWUGrpVH3BQMyZ7229rxLdWko4L16vENbiarkQDLEANhhTdrMxkQFplwXTm/xeYG+UV0Gb0mBjANrP98RycAsZRj4RQzrefzKeCXRWr32zHNANnJrKvLGK1O3E1sbbA5I5aKTVGpNB0gog2Lqatv8Ak3BNTAIR7jXTOnaXoC25QAQBnST6jEstHYc1iBtCEopc4G93BahgBKLbZ0qEETtTSnQgvVhsUWtZhZLdaVV9iV6CdCHK4A098pdglHPtKEvgngSmsvpZEkNTJyavEOXhH8Pi/wC1pkP61Ly/EtLcS3+HICHaECBzCvSpR6MvUqASv8LlxpvFTPWWYqdspKcSk85l/gLS0FANomCnWsJqjvLKKyqnoV76QKpzYttq4cOMQ1FAsILUdesC3IiJri7rvm4cWqyq7FBV4QdNIRGsDVoNbVrTFd000rQwvioF3R1ilbME2nVr07Q0AyAvCcDXiDkUzduh5i9qitxLVoy3Gm4rqHDoMr5gC1NKsQFaS9SzfeIATeKviNQvqd03xZgFeqo7x1WKXrMGoCGXiNCqnDLzMnQ5pX6IUsDFRqWKrapQO8eUm1rcoe0Ob7Q0hHG8oSwwSzVqVIjVQGqwqxOofmDt9Nmr4iVB9kofeIMi8f8AGOygbKsXFzRd5gzcA+P8Jy9CMX4+1/gLlsBZaCgMpgMBgPHp4gvEtxL9FJT0XLl16Ll+lSiUTEqJD0T/AADGU6THSNOiTHMuWgmKsUyJr6Ikk9aU5rFBp4iDBaz2ckZwopHa2UrOTYgaUDnu2leJamAsF7jOebiLm/FjQpw/FPMqKVpBau2t77xadRAcpdopQCr8x5u4eR3OJa5WR4psXyZmDrqmGvfaVMIr0/qXoflmHwpDA1DKFC4yqJoUQoDPlAEtqVqbjsqXCpNs8xDGQFbp771KBVsbvEM8XOWd3uxytkyrLxGJGWO9a0dYPtI6iaG3LXp4lLCrP6BA2tdX8YgjqmUH9xBatwv5lhQGHB+Yngfd+2NiLzvuFxkcoZfzG9DPdiXeDSo6KLWsF1XaW3AwZLiK4y1hzfwg5P3kgv8ARylpb0UICVC0KeivRUqUTEr/AAFS3qVKlPEp4lpaE1lHpje5ZLmjHoWlpbNdX/CmDdpjDAmQsDXg9vmEJlQp2UdWUIgq0TgU6VUeq2tGijPmBWAqrCi7uAK5L0Xuc7RLXhww22m80xzDa7wgbqap3iAGgYoaN6HmDoqsC/uCde3OWfZMpcI3wevEDcLMqtIFKov2IaGMtPNzNPYDr3ioidA6jxGyQdpuEMkC8oal+QiaVF6cwSMfVvVLSA3YZB5hqkhWlPEQrqcmtp8xRaNGTc3UetbwUPiNLYaqstvpLC7mRrKtoa7WIefeWX5asEBxPugqWb0lU/rixK4C2dIUqwehl5YNRMawZeh8v4Rk6/aGY3h61M7IQQEx/hjn0qVKlEqVKZUtM/TQSjpEJRwzxPHpVypUo4ldJaWuX6wXEtO6JJQgEsJfhiqN4CAyKs05LPeHWhFFK9kxZDPLSwAeIitAPM1pVQZIidQu+OIx1KLdWkeOMmplgy6a4l6lZnQtDphWNoABXZd7bRB6JWo3dFbQCIoCFF6DzTrGkmina93eJohGM5TMWKG7gOcC1l1e0bCjbnsXcGgYaXB0hNlNYd7PjAQJjJ5VU7S3OdmDWoIAGGqrtOgkqU5FpwxE0XSr2FzCoC9Z2/Ea6T4TrRql+yaQA3Mg9wxrNYWcMq6JQDbGIzWmSqAv9onoDoI+WCTRAbYPeVtf1u/0Sio9Lfti1u+D8RVaD9KuJhqBLt4ahy/rf8IZun8yEs0ZsIQRXrcsPRdymA3AlXC3ooN/QqSA1XARpWdaI9wSfbs/aon7+vzPgSMoljZ0gLChLTqZRKvaXdpeXneSnMqShtFrSosbJaW+lSxLJW/uURBa7EdMcERWnVutOkEX90BmVQzWYzMea1vAHbSO2jD6jdpHjr7Cw2bNNnmBzqhBALFp1ty8RCB9aqyIBnxwxtVEYGyuTG8UiGACq0vqAe8LtJgxRuxQkWYXxxDQXgVoepLahS5OjA4F6Y3lkAl0182QKLTn9xp4CFlkKmDDpgqai/ll4uUF19zETaGe6KolDtAWWd5ddgbG6NNICjMKujTTVqH/ACUBCUEXppsdLh6mtLHCNe0Jp1ya96mM1D9FQvjxvO/UxrFbM/bKd7QB+IB+z8xRcTk/CVKGcCQPPdQfhlv55/1CtG9X7uI99pH0qe2hdgixd1/LDMF0yvMGb9b/AIZ/c6xgXWYOkO3pXoF+qggcQgCYl1tLS2ELLpSXC7HgaN0NX6hpq4B+MnFsHNRARtvjRd52qK8xN9bAKlbctO8IchB+4cQMZbOrXRN/EdYPam9mLuh5EfIidBPP95mpFAUF8yzYPUf1GuFLyAHXESqubXXriiY4wMrq/NyjC7Wylx4iVE0nyErSBhC0Fs6QJRWtVqeI2svwfU1ADyvxBBqvZJ+pk3ZIsniXM8QDxYr2uapl0YsddrN9CLugUHyIdrANyxg4LrrHQAqBSyGh01ZfBqBlojSxDZWwL40FzYVmJpi5tqze6upaCHgmQBwOpSKru2LohKJqdspZIuO0H6FTS6MVdeYHaprBvGtf7l1WB/3TMsxxCNedWWXjsqoONCKWQClVg/ME8U1UU98hFdI7KvvUxBesuX3/ALiikTAMvev7jdHfChXY3hUUChB3G942gCKFoGV651vWavg0xAC3wGvtObTZcwFi3TBesLYkrlv2iCzFxRrj2ITtF6HwzvC0N2Ur8sS7tRMKm6h/Uv33gH3Ptcl8S1qT9sypletD4hXyVl8se7Np+iDwC6XUG+rAv+4gpOll7EKXH6R8pAigu3AuDNwD+Ebc7nmW3ZMz5SniWohqpuvTa9peQHKHiiA0+lCfEbyB3kVou5fBNMAMjLfiVwzOb/yRzQ3Vl/tKeR8P7lrjuJ/uZQMHD+0fgw0g7bZZc5lagd2lRAxsvb5iJg3dxkCUC+f25YkazWfKF0sK4hl6wFAcclSyY5CpZoortAzAxM1rfeZYALNeJkcF5DeV5lOTPSUmjNzTULHPlLDllXay8y6XZUBDnCNntEwk3mx7NYnBNAWO5mKNq+qXDFL5gFAc7kDBjsBGCUMhWu2NIZAXXlA0CWP4o3q0awzV4DGc9uJUhrRbRiL8ZQRBHI7f6hwUagb5uumWCWJRveOOxLMvtnRuviZqmlDeg/MSGAcYfdGSaAKo+IaDdBVgcB8zTqBbdyZEzBMdIrsNtggAbYKlHa5bEtK6DszU2kBp8MHFdYADzXmWfNrQfuKqzqAq9tpZ9QQAjFs1vN6Rja1iaUwNDYqxMQXTsZ6RuRec7a7QJScn8IirdN0pejFI5aHJn2yjf8NXwSh5f0uHUkp/wiAhU11XtmXmWWmf3cxviqFUMLhPJPvUIUTzn9xbaLUqU+JX1ib33gy9f4c5ePvhy/8AUUjpidMq3PqMXnVc8uYiWAVmdGKuW626pV2on9QAd446ts3fdr6mTEBeEjpesHQoIIAAVzTLmLTINgLD3gFC9qgvsR6ICbM6wBwMU2VtC8GqhwQyykAOSA0E5EJSUFymwXFvWvaeCJOEOcq7wqkMTNYldMzPiAzoqUVWYpytEuCnsXDtWecRaFyH+4Wq094ttZ6srZgveLpyOWoU6Z7EHWqatSlBNF0A1K7yDf1AJKGrOd+sQlaF+La32jWYTQUc1Gx/UAgradT1iOvsgBSqvOsr4moll0NLPeXrSxF1UQ0MP3Gzki1WmzKxsGYOUeZXHXOAGtvzFZNAbW7lxpL5zwo0rG2K+5l80r6KujuwQCptBVw+IDERu0uHssRptUALyFuk1g1FIko2YWhJw1jESZK2FMwiXd2Mw/cSIZi6hEAWO1qFXLfZxyvaWRuO5fzLnsred8URvFFKNrm1iHSDg+OCCwhyqe7XxBwpO4H6lmKTZB+JoFm7r8yh0XNK4q/MOEAYniliWPAnKvdinCvvAwaw5en8fwhl4+6Ev77yniUNKE2lJmFZJTA/EyKBvPKdYSHRnIbby0HgW5YrRArwL99WIXOJ74goj19KWAdwZJkYWWVjklcmvQqJMAEW1yvPoy6g8wqHvLgkEOIs3Km6CDnLjeUFncufiE1sPSW7zWjvENETRZtBC91AioK5q6oZTzFN6j3g6GgLYrHnSA0IrvvcwAUfH0giWSDZX90tEC85R8BKquNTt2zFexww3VC/mDQgOV25vocxzXWSUcLx8QRwwYyZ0MYuFsFZof3CswXhsL6VEQMC0UqouQEUWHdzvNkJjbsPPHMXL0tol1qRfb1G26yXtnT2gYxFSDLCvPeYrLiOGrR69o4WtvDBvl0gjmInIB17QBgwRV+ZsIEi6byiYYAh8HCbMum6DGc2tASnR8sdcC4TMpYduAi4sncsjDXG3RFqhdalDBO8FroYJQQBu9oExnMDAd51jwSqwOxNZ9BXKZ08tlRGzrglvXS4978xe/LNt+8BV9/EFt5gz9L4/hewnxy4z9yxsS1veIDFbusphHPMoVX51bmWWpNtMQTrMdckMM1jaZGFXHhAYNaRtbZU7yyUly6l3A95SxSvQzcoosF1XmWAp5xVRQijeggB09L+o3Vg4saPbtBQd0JvKXKte0A5G7MyY1QcOViV9If8VKaApm6L7QPZ61p+tREiND8GyKrR5PyYK+SQ+Llt0ayNM/I/KWIY4qfUvlY62vxEdO27srze8HtCg6mM3MEnAFd10V0942L2WwL23YLdGLtZiOiAuXlesTvOHDtLsCnAYqb0et6HmMfmVrRjDzi4cXJrLc1jFlntKPAK0gaxl555YuxlBSh9SoCFDB6unMrHYdAe0eQARTRvNXHt36ghnbiDMvqWXCyEc0RjPgDWCFHxK9xfQgi8vEDEBAXBG1RXbbEVyxi35qWtU4tl4LYGXzbDUzhhy8zGp2uY2q+0pDBoVNXWqiYPbTWaEpx9TWm6WOm1MTENKzDm5+5/CM/EFPc+4BvcOgsuAd8ML7lRp6PSV1uLbSOWFaXNJQu0QOsrhijXPo3nmV19FnQY01Duk18nZv6luuLp1DpNqfYy/qO99Ec018ZH7mYV9DPxBNQ5SaiZuH7TBB8CW15sX+oOvSBPzhB/B/AXNpf0MVLwqvCV7y6wj0H0SqUD+osK6K+DMBL7dDUK81R2B839TJF10f6iSm90Lmza639oQgLKagc3KcIaWOqYdqlttM0dbJuTLA1A/u03XDAdEZgS41VtlgBBfTCMZoGbakXMTOBiLlxgyelrN1cw+IM6lzdfEYCoySNOzLpUqsXHwvN1hBYVzdvKXiimx/MVWU1ayw4FeIrmW3V/Mvibyz8axQzzrF4FqXXvKd64nOTvA14OIhSU/wBRGdbT9YJQC4UVlgpStLKmDEwrGvBmGNyNQJyF37wowmGUOV8xGNbYoXDFcwDg84vbx9QOiWWAV5rj5jjSIAK9SowAt4lLqL3ag2q4wZawUn8OOXq+iMobS6lzqQTeUbQa0Ze/QW6YlHRZi6qJceqIUjywTRHtn6nxAr8y9eIPzBnPnT9EbfQrke8KR26gwMPcn4nz8bPzFtKjqIJm9L/QmsEcfksubjZEf3F/K/gE91E37ZgWl2IfBF12u6PzOHeAitL9OJVxL2gWb7K/EJwyc23NDOhZEN42+LgqCXWtmaIk2AIVoHDOQP7sAy24BAm4S2q6lcRVGBe19YoyiqIecxMKlQKWutfniIpLLY09LdZk7JdTGdTtACKALZZfxmJDSDgRmNAFttlC4FeDMPz5pVEEIo5Ucs7zWFURfEt1YrosxfOZkqvhM+e8rrMdY11auPANJvW9XfMpvXUjSQARRyG6OSkmluZQjaE4rSZUAy7xshiuvlgLSsuNZTRRpggByHWqDzAEkizq3TnpMndwZdbW5Zfc9irR7tfmDY6rVsM6AC3DoGQuN2VjzAI7qdKPz5iBTWsGq4/e0K83ruzNiN3wCUFGwKF+7KTPau5aJIeEpC0XTTJDl5P1/hOf94mVu+IJCVEDVmK0lBao5tCYQr1n6m1vlr9wpUOon1cC9uV+CK1/Z5YZ8IkfBBGQOXfzNNpc/Ywaujl+JqPkIwC3gfLLQL6Z8BPHQw3odmNSo8fij93uWXzNe/EaMR3qIflrnWXSC/bdRzDVzmB7XfCveAzamcGASM4J4X/UxGOOBzMor1o1h3RusBxhZu2XYC4FgJ0KiGdekD2gNoV2hC1mtJL0SUslOGvEADgLa9dYT+1s8YWlAWl1mSa12q2zvseD7xTWkRWwRuIBsusOqd2aGhW8vzmtiXzhqdZ7soJ9CC62/U7mMw2X7RFUXRiOO1QwwFPX5iWvXmF6q2XeelSnCbTOt3yuCYqekCo7niFFFa29algCZBQ6csqIwBnHdAaYx1ixPLdKvsfvWUMLtoFPx3hiFytc9Tjr7zfWrbdvvLlgMGVIRoBlxpMArjTEhq+a3gzF4bogAUC7Zlcm9QXzUZXb0Nfi4MAB5TyLsd3xCogO3n2FAcTmFtb3sxtvMJFow3QC5fqDP/Djk4P1GlKoBu3K+wvBZ7T4yxWGPYk/uYWg7foIYxJqv8FmqENgpgCW43+iWHRcFpYp367Ezffh+yT6bj/cVQ36bVHVtN1x3M8ozbT98zR6eamrr3iHN+IybBreInb5IHtq8Fv4hVAXdqGks7ErRSxusvwSxoey4FgR2xFXU+ZjttjGhR8zBN4bKvEvXjYkN1dIqNFuRFmm2T9JaeUVPmDcp2IY5Sqc05/EwFj0z7luMHVKKq6t5bdpeiJYaFTqhBGxqGsQFSovU2geO6gWAzSxWAiDLKVp4lzgVrEDYY2+Eq+V+IlLtjGXeONTjWLRQ08dY8nHeaHVO28bybD2gUIQYBnSI5fodOlf6lw4C0U2Xo4Ma+IJZ3ysRoLCDB9TAAo1gnjvAkOdESRuya1m/wCpWxZ5WUWAxoF/cUVSBxj6jeizWaII0KYamilLbO3vFk4wcJaW9Im66RUooWZ2hzOiAHhMWBDvPaNobg4q+xxM2zJoOjt5lrY1A5L0MqxzEmv4KhNaWrKiCVM3c5BjvFBGYt2zwo0qzM1l0IFbCrFlMAGhTV1LqoR7culOAr5h1k0A2By6CGurmWJZwKjqq4hwTZqWl5raDNz/AAye2H2iTrYNUJnFnD+IJZd5sp8zUTomfFq/4h6gRF+YM0K7VMlVPJE6A7Whp100guTPM0TvvNUb8LA1CdaCDwXOGBJTrRbfuXNB7CWJmdople7KGnonomZXSGkTHvyiTS+hHM1d2IUnqOIksjW2poI6shpr9nvLAByamSVhZFKeSVy0aMuYQutzltftmBgVth/MSiDa9IBSIps/1BRcxRTUKdLHU03jNqWZtaQ7RsS3QWbrzEGOJ2JgBLcIYJSF1dt1V4iCIaBCgAKINcxqC2sDHxF4oTZilyLutiuMdZa1R1zABq66EM6l2bYAoHKLxFjQdrTg94ANjveHsl4w5qmemH6mIQGoVvgujTeIM4LRrhXL1xM0Gosu+bineFrq/wCppQxsQHEcXVRBTemeIdxpwoMzXVl8zNQdGrqLW2huusUclmivneLWgTfA5d/zLqo02a4KN4gAWW0ndbz4moWE4eVWgZ9mEyqSCneG13xR/aYOSZduC3h2qGPqwbs5zt+JmsFWGmwVTdZxDujwHQ01A9+8ynMmxMUCgwGukOAyJcNDtcynXTinecC77zBkZOpWG99Ji6VMUGzNc9IeJbRac27ECjNA8WJl/SqNeOmP+wcwgsHDW9R8YyDY7Q5P4cObiR2hIWKK6kLQt2wQAzC2PhAWAVVg6TsB2IXyxPQlepuYE2l5jY5ilNOZeuTFK/qFAcd8QVazlhkrsVytYGKUBnTXswVhfIVLLMRQWgMcXWdIqprFhHDjjTtHOBlSN5G93iFJaFADky/98TENATLV50OP9wRBWsXbtGRtMKAGOscNa0cczEdFrk7zD1AKoUl1oRFwgQsab6HG8MGkvVgrNLVQFkAB3NL+n6y4aXAlPaVMK5uFJ1FFRTIe5NeXtAcjcl6sKKAodeIVs/GJcMHYXHW9G6SoZKpFStUtVm8B5gvMBdpkIdodqoPBGEt0raLpnpDGoBYBk7MYmjgSwPMD4FrLWfeHKItGRiloWRWqKmq90URIuwy8AUNKxeMxzRod+kp4Ja53ANpoDFLJTUL1e2IbLWQgVlJv5uBQJhdPLPvmu01KLpGLrD76SqTeISXJjH58yoYLdnTePvmOABSTTqqrG3Ev1vJBeCJu+YKEAiBVy8wK/Q17COXUv+gZhB0NvlejpNP8EBDTlXpqRLYVHJevX9aS0xrQ3h4ddKjSlcxZ30Q5VnSDdC9I5cg16uDQ1+ItozhMnUNCEA4asA7RWEEBV9a4jGmhTNJ2/iqnLxH/AHnPoZYGJUCfJNVQeoUaqC7vM2j8zE1ioyT0grap2Fw9WwGsoQ4Ka1TMIQWrgHiWNMwBrf5l013YItNotQLaOqo3+4SQGkqrXeuY7RAaXUjdZ0fxjeMmWxanJemkXIFw1Li0EU0CjfpKkzQus6vSZzp5umJllrYmr3hSyCTU4C89YUARd8nYuCoBoCC+dX6gGtuVhfbZiuQBoBaHaK2sOlboKAdbCBuBy5Q/rEWxSznLGytDah2haatK0togGIr9afiNIy17TNxsc0He4OHWMUjiESRaps9TfxzAJruB6fu0bAtjRBXMQthblqxRpbvWWYShx95ZW1OLuILBiyhHY1mLqDm5dbanTEHU2oiLuPLDBYNAXrASWhB+J1YGGgBxx9jtsQp6Cwcr+JgvqyW1osURBRvH8W73gjUWVb6ufeC+Vmi4rQqNA0gLC/3vBOUCAtl7Y01zHyqMM/PFQM8jOM+C9ccZhMPqep1TdeeIDuvh0vrWWVlk0sexcYo5aRA8PHvAaYmoS+y17RQ1N3HsAvHmHDjFuV0txoXC1KapXTvWveayXpbvpbKAaAl4YHYXWnELE23YjtKNdYohAbkVqq3xxKRKARRrqZe2JfDotFXm73hkNwLXzRrfEaEGVFV1gCRV4EDMRes033/i66uV+85gYgZlYg6GDXAwq3NYY3Ay/HMTxvNIL7RRrBreNeAOaSjV7rUsWihbRcwVC4AHvzFFoVlFMa8VzmCpC5oGlNd5j4rrwPasSiIXWlYl6DrMUMY1wO0OohTw7xdcwNrxd55gCsXBK7EagosLVS71iCmWMB5c893EBK+qgp0ab7QNC+UiwrcDXzApsdihWdS9KlgOWgxTWnaW1UIpXIrBMQfSkH5t8SwQ1qOHbfxEJIOVKDoR3gGDK6I5tqb0oa0xHlvSnOU/qIvATAG8bVkoebuUYGLQxCkEUrFfxGksdOTpKVltYquU5PtcXz7/AIhoqqyiVxK9w1f2u2IDaRgAt1ooI9I5GSebT4iq1Ch6fvaGgCajd51mTZzqK5alyAW5WFlWRstQhq05vSABWywa4e4ANYXQVDjdHLg7xR16ii3Yb92iETRrzqaa7u0ctmtXt2IoJPeErfS/eJrCYVk2rvCwUogaB0iwl6WB5uYHCcIL9ytF7xxKFmhrSniM2cMNDmm3WEEJkkdPxAm16kZW4L+6S+CAqoStEvPcvSXTahTtfwmTPVq2LxrXSWYjNAVl8+Y4Ng0R/uWCi4LLc5o501hga7Ua/tgYP0ANaC9I6IsynMeGlZa9h+YfnVSwOhvLottgAro3Gq+FZhysfUFaOtWE6VzKi1iNSzz0zAOJgbeIxLqaDJysyVmZLbWtY0g8ieXLTtpCFlbLVHb+Nrz92wYcysAuUuDTi5jUPgj1LptFJHzd81BuY9oO6DPeaZALYEBzVtoCtVfP79RCAJU2srOqftS0NKrYpy3rfmATLEBaZTOf9xK3EC9Lage4f7lHJCjunRaijVR1dK8h/cDbaOiHr0lKhgsA4c0GS+YtqtsIDTOhR0zBCoYUqv6xtFwVhgANXF5Y3i2qaO2gC11j5hn+hjvLqGmwBPbaJYMAIUdP6gJL0X44iUaa0qtlqV2ORVd4twNmoj4mksACz0CDnINW2m9TgRNAuFbWUQXu3Uu+sDBac0Y6ESAz1tP6IoBu0KiuplqNFaftfcdK5Qoq9PvaMqLYyqPP+5Y+CL6DW6KzVwoTdCwBv3YB6aGl0ba/7lkQf1m4FVJRUILZXYQLDEXwNIBExfdls3bdM1An4tWEzExV3v218QXb1qqO+i+Zl2nWQK0TeDwzJOfbb57zDtda6jJ1elswh20RQe+PNdoMlNcg89WualMNMmqNgr6JnftMYovejPecgVdIOVjMKUv0elnO80EQOtqwVoHbWFUV0ND++YQdFzU3ZzECi1QU6wgQ7LsDlUXrvMqkCo63lN4TU9L3BrqSiEurxs2DOnaDlQxY07hbWFo0ylbcWZ9o1O4FWamUVikr3RpIQoVb16x9mRWphikDF668Ri2Lih+JfpY1qFv8QUBXmlFzCbG1W8vd9Sjk5aE0y3VHb2ilVXJ8kxkGdTWJCGQtorrGsT1Rcw2BrRcKcQ7l/wAbw2hOtEUZICKfBCN5VvEgABC5tfEpu3OsN0AOIsDUtBWXJILoFd+krWE0rL0EMnt7QaiVC4PY9nETEnBUvKVV769Yi7O10T5b/wBbynbKjUO4K7QOoamdTqYghfsvAnzf6gG5cr0729+zDI0CgXYG7zGtGDTnGNPeNFbzTpjTFzFo4zYVLYbgln/I66htcD3jdipZYP7rFxxrX7e0QLCLVdX1IzN8gDbwyZhPLYNnBzS/HWXIgQnqgrTpMYboIS62aF5zMRsXt7ZXVdJRXKlUrrlr9dJWKoUKXe/zxHFDL0snU2pfzHTWAoswpBXMW46KL4aPAS0I6tFsvJgYDB/1LpZBXGb5mz+A2Ghv7YNM6tiyHPdlpbcrhKAasNDllMYHsHwQ5Qb7XQ5ekKMKLTQ69emsxAFshyqdCWATsLjw/bR1lH1Mgp1vL2LjVbuAvsflhARk0uP03lpzMne7Z/bKORR0BnLsvomWmpeEppvLG14NridhM6zTaF3yt+JfsvGGsVio16xk7l6xh2FSrQ6GhA4pt05f6nWNW8qJeOGlm1+/mBazLRR3ty30IGgBwUODGnTEYHgIBa5twHiWQ9TNfVdYWPXE/upoXLcQUFt1iJrRWyh2uol7Wi42FFbmoCWibfMOZpsme0U1vU4jaioRw7A5fu8LVHBQlwWitlNBErgstNzWN6Nle0ywa1shLlCrpMlWtcsUXq2wfUxFSzgyy41U0oLX9QtoA2lhcNeq1zdeYwUUygoeYlForOIf3BcZCl9/4imu4kjYiHzMQGNYoehABUGEDOVoxrFxGoDZK6Aiqz2Bsj0BEWIPGRVeZq8gBR6MAVfDLu+2Dd7W9PEBzC0/WqBPFsZUhE6cWiqmVi+qBTfLr5hcJczWuKMQJQCtXkrvLqUZ2OpEOOVhzjHiUXUlsaEKxzExWbPGnmOBQLcM6YuoBAI1GTzWg6sQ4VUCnz2CNFJkzfW7Yd+kDuqmrb5YnOLyX9y8axba8ut486bQop7dngWbqCSpgAFND/cvzAQB2HXz8xejtWivbIQ0WrKNZ5Me01g0cBnOeZgLHLWU0/e8KqXZQrpCgtuxL9iHZrs2ZfELrxRsMeZrABqpmEIb0A6uhLMBS5y6nTrMgV4gE6/gQvcIIVZwfI1LEPZoVoH0Yhs44EpHMb79CARUX0PH5t2xiPCu5WnJGBXWZrqbzltjPZM0rwUtwGne7gDLzaSVXW3aLLw7sPN0r7qYHGqxo3o3uWMQJoCtcY7S5cAERqrWBsHeVw89Zg0B0PaHNHvJXVouNGdY1yBV06++ccRocWybdr1faDjMbHg99oO4NXS0XfEqSVGydsZYIyE3lvuug+JSBa60vQxNng/cK38wOL13ctGv3eANJYWnW702jG4qkxrzGt+wP6t/MDYDwf8AkvSoGjNx3XaNCvdqMd39RVkDioU44jTlxYpbXVYdIh1HGm20yAd26LRFmDGXxBSDoGgtY4E8CWhN43MLx2hgKHUH9E3l6bD3OJtoByZPlgaEaiau7AaVZYpR7uswVW/+ksKYDZ9S5AbhxDDYGN6qGqOK1s+ICmgdEfMLGobXT+JgPFEKAqTYEzKmGVO02z1iZpKLUNiJq9Md5RYIlvwZzDBfSqAOkHqhsY+TO82fXDp0doWZTTA14iQleqwEEL4GlQytFL1bf9S0wC3Z/qUiJNXR/wCRtzCxL+UtjwyPav8AkAz1UgFxWfyvSF7VXYHurQgFHYOE4My+WwJpbvX4OILVWpCHRiChdbc1UZDTdpKjBoLR3MH5YPNTwE00o0CLg9gXEx894sfbrDfdgAaMGrjbPSYtKBa8XsaawVbNLLl3gfZqWxDtekpQYKMxfbaLFTZY1djHXGkfNcowl21Zu6r2g9KDaAww463pz8wkCjQgdF27NRUWU9ozUPB3iedFo5WC/eVy4HB0G72KIXVqEo6Gn3lIl8uA6qOXW3L3EGlvtMk8MUvpV693xA9+UKUObr6DvFN0DBR5pweVPETFCog1tYX4J3lGBWxWC1UPkQhpT7TQ8hw6axHLUmQ5ug6ARW0tw0cF6EyXcZtHo85iWZmwBBkHZ1Y5E0NVRnf5jZTmY+TNzaYwVq6srlKGi372lmkmUUHPWZ81vVR7asB2BeVKogAhu2wnTpE21wle/WO8nVqq94jGwwq/ekKLAlUs0ztF5gdka6v9QWXebuzLyr6MUwvaNDNrTa4mSdrW/wBQrCC6ZjuhVEwyqVIuPLg8EVoL6osPxFkC3fXf4gEGakcp1YvAvsnl1YJAGDJwed4AkdBo+IKtM2DUmphvlGE4hFYKs4qK8kSliSGutFxBXJrCVaV1b9KmP4pBs9Poh0xqCxlYdDb+YZwLuqJ0grR0qPwFDrRUExRjGkENvKHWEW2mJW0WLFV5uWa1lDR5qC6UNPLoK+WCzULTgDd/qXWd1KyTZ/5EIClWCtLc+ZR8Bc/LSApNbCMluV2mS1cszTS174iOEXaad9PqZIgZQEHQb3lI0XZGunLRnWWjoaDs1TDKkFonVrV7bRdOLC2aFjfHiHDkB1+4Z38LS/Xr1iDIM03eG8x7TzZYx5lVet4VnLDxgaEUcdYwJK1pRFbY1rZwcwNCMCZPglKZW2gHVYESy01Xv+mUsXEb4WljyzcvaKNjvvYJSNurTPAFX5YFWbvP7dviYKk1bPmrq/M2bKkIchu8s1MHnQd1rHa5W7INg910OkGSuUCCNh38aRy5XaAvmjHzFkfhtT529pd0Rsq6e0DhjSFNb663GZwMBnWJbdVrODr+IOrrYP8AXWLGB6CmWOMWNCgtRY2w8GsHpRaT/cLMrAn6QLI5SgX7WzKCjctxqKrdl09+ZRowcINa1rdzAUA5uoEXcNr1YtrkelrfPErxF6AXLVFTsDKxw/lgvX95gwUeF5/oSkeFRv3QJXYag0vdhXTo41ZvjiqrPEFbQW0DKWWwDQaLEUAmU+jeVgI7vghxVEG6pYpa1JSDBqlsXXMvXE1Jd2a+tDcuAiI6JnvVRJXfhXi7+JQondHih8w861FBCkf8dB8SsQ2jA8hYdKNAUH8Ivofmi11u+peUDQveUrV64dIlyxOpIF8gOKsgYKUUCPtLSPshVd+JxyFhR3tyXtFHNXOlu67taawENTiMG7tn4lvNxnAJjLp02lcUDbUMVasqzoApb3SrLe9wETKHVcKlFVClU2rSIROqKg/2kWX52kC/O02BkFXheaCNY/c2oaSjXzGYbIqbDFHXEReBDFm66W9Zcqlw7KdA18QnRmEW+AceXxNxjSwjrtcS8Dmqv+iMudVctxx8wAR8g1nB3+CDA6GxZOINLyQ0By7A+IApOLZPQ3PeW3T17pnA6E3/AIgDwC13wdIymsJoHUN5fDXBxvHMRgBEUN8KV3WNKMGaW5Va10GVlVWqeAOPMSKRbuX2KPBBYB8gLJcM1CbIEVlOMby/zBdkBd3BLERcMHVZ9mIIDqGRLCQlhA9phNCrNWOJba3SvBNIJA3Ev7Ow8R6cXmr8S9asvNmYslHu+uIZRKN9bjZAC6/eY2YB+teIAWU2/wCQQuheUuG8jd2Om8rtENAXL4lJxm2peICwq6C/1EZkBp/RpAIVLYz7tCMVLWyyd2CFyYo48sA0QNUKCJrI1fA/EXw/l2XK24RSHgiNumyjR36zUpDYGCah2rZbPCGCEA8NBY26t9/R9G5oo7s5B2GGrnfEWqMFULaOrp5NN+QW3gJHRLJXaEAAfuh/8AvpfkivsPqamIxZ7SX4W0lPHMuRGAt70xZLDIbcAum0QO7Ld2ZnQDijrUN6RjaoYA2eXSHSObTXkDxjrE0C0TQt1yjU8wu3HkZhdFDk703Sl7RKAVGtR0cbGkYrVjzDQOPaptxVLyOGmmq8xgALC1bNOf8AcTNSbadXL4JjksAA5LvDrXmUTdyo7vXzFZDUGTnouIdMVOPYXUV3bVEg73WL3ipCMnlVq8KjzjgkVXYv2QptYV7FlwrLFE2/RQ4S5XqwXKgsoVUq1f3eWniReLNRHTLHFwSYGBFVd4qjztMjmVC06iZuDKFYMtmbF89InQd4QNjh2LgVJb0StldX3YBC7ALXW5RUilvY8viFooOUdepzFoKoKLxuONY6C9Tg8EqtG9tq/nEGJGbFL7Zi4Rivt+Z0gQAHSzMGYXDngjDezpHhkaFp9+8EyM8IosAK00+IFNWiwSBNqONTNRGSN0FVAVgmItlsaZaYANZaH7rFNA9piAacnQ1+CFt4jC03FqzoLYqHR6GukMgg6Jz4JSA8cAXSXChYq6vvKxJ6WUvdjk6Od+WCYI4aPeUWA2Bo8wIiFaFYiWYaodzfpd+iDVCX1iqCnLiYXNwLjfXe6OnLoXEmS7FTq0sHsXM2YGFPnZ6UdyAD60z0aJ8e01pQlqcjonUxBqStmGbY2hoN17u3kZj2V1zw7nU/1/8AAL/QzBrVFV0qiKGewrs8QUXOpOPMM1rR+NohoWo08Vy1k7Rd2hdCqzVGkdMhYs0deN/aUJVwLo8u0em6Cq16VtzKEqgwim15/qFLUQLsdsVfaVfLLA36bQF5jFpH7iWShGduq9s6QOL8qkcA5dMJmpgoeAopinewzxpKbzz1w3G6ej7ymJ1JK1XTKfEWkV62E7NN+NIyHw5TPVhLbNHb4jDhthAOx4+YHAbhyjrllAaKxDhWq6BcbXIqihvti+2OuYWqNFLheMa4rpLHycu6tMPsYjYHtKLpxeSH0wAkoOn9xB3dh2y5lH260/7Gu8KAyUZZ5rWtIqqk20zprisEqAaCyWX0JaUyaHcZp6xOmhdDbxsmQNSbOrmvMxoBGRo9i+8GBsBKW4DfvB1CDqZiC0dmkRt4Vb7q3gKqitXPjjpFAF2bXfxEhmOTV8xx7uFuDEdAWwbSu2BWndgkX+llgJi3qaHned0IYESKcj0O0YI3nNEmoHXAMc276DiPEpLt3H4xLETeC33YHhystSwM7VlPMPBQaC3U1mIsfYhtp0UvxHgGdPcqhM0NJUryx8wsVq6aiF+F+YsAjf49a+Jqccse4S9vM92LQLvXiWR39oh+JTe+X0Z5pbfmKoxqWHgL+YWXBp8mvDBnoFB6sWrYpeQyPaVDTKuPsY8c9IlJFSYIwUYMAHrUIctexuaPU9jWH/8ApwORNf5hfRmFosBK3bCNjeCYHdbWJkiYasd76QUDQUTLw8wEACN8Dvu6YuEBCauCtdRK/EaKDWWBhpXZ2mWDtLhkq3FbRApL9tzMIOjmLZYM2gary31md2IwMdy6L+PMTSQHlZrLMFUP51jghYKZXTxtpeYttUugUOMBvHit5rylXQcWzPjjldXONKxmVeSZYqrOJgkKyE4dHHnvE90dQhqxOxu3ZNYQjO9i0uqXfNQKgosleXN1Me/arF58fcRIGhiFahof3D5QMkVdXjTwRDderUijS1dpoKauhfDzF/rUSldLl4VKh69IC6A1DRjVXVljLK0q9GMVpiUO03ppZ+3Mnl1DHxLrdFLDE81LkO9SDEqPSxcs61CsJLqQt0lroDrjK02o2jywwdHZe7FSJAWhLR3mSijXdlymXGVjF0Oxt/1LRLaZvljARb1w+7EqlnsHlla6R4Q7sr4nGYsu8NDpHrgDYcQAwWgIsJUcXCAGKCNHT0slxQ3nv1/QkEEF3+EQxQd7FV4CvmFRG3F8lfqUNr1T6wYWK0bnvaHSvYj4/wDiO25ggXZoO+epKSI4C/mXfHeLLJoIQXcWB1Xs/uZa6pn0u/c6n8pvp/SlSVeT4QuanGrG9ad60ibxaVEa55Ny+oPfJwXs9SBYLmjvTVtHpNPLoBjBboRWBYMB7l1jEJVhIXgd+Sw2lpcgrf7cKuMhe2HPGkMqRYIiLwGa64ghQUs32q+sXNDDYUctm4ako223ivuh2fmDPNwi+jrW8oaqFFXgY394Q7jMsK6cdLlROjKRa0i67e8LOuES8Ng1srMcT1g2Vqz2TPNQxFbsBd3DFyk0mrV8xhQjSi7al8TN6IVcH7xEjam0qq87xqwnZp/Uvj4KgBABsqI01FJliPMeGNVX/cWS200ae0CdTVIu5JTmYinb+iDMncNfaZ8VwcywazfN+0Q6ADX4iyALWkkTLLsLb4qIVAWdzuypgvBk+39whwIdS6+v7gES1cSgHuuK6j0XiMQn0zAEtzoj9xDK1WOmA0ixZ5mYiQpY2X0t0NHXiVSNz/eQ06gfKLBYmtbg+KX5i5hN7fxdfEorM3U96hgo/wDpMsKgWJwy2Ts45exnxx0iTcQL6omHxLrELVQ995X8poP2OzB17dsJ0f4x4/rzIefoS26kmJ7c6xRqRZimyrWW5isKnBgNslXxu23EBPWJwrSsOeOekGXKA3jV4eNq2ixSKKuLSq21PMFzGMvldA1RUUjBXbMDoS+uAI4ur4mDQFoCkwXdu8CxmaDgGltK364hlWgOrU3Wi8vWKDsuGaf+F3EBQu7gg1RO3SLCrC95VTyHf8xIsCUTRuuKK1j/AKFoUHW0xQdOdYilDeAHD7RoEwALZhQ4t1eYfC0tlbOx3iWOQhexBjE4aOaihSFoarHmMY3Sky9ZoBeooh1BdDB8xzIvR0S8NJ5LYP7l48ho1RDUnCNzKre+T2lXXSY/pNJcp4lpPEywDijPtDOpWkL7EzIC2Q5RwAHVvL5lrBRerWXzFLFckbOcvp4mb/3LgGgd2oIGqdYrNWoluOmyeiLdF9VYrsQXgldAsx8pNAnwV8xwRbZ/gV+JbhntQAC0L3dN/wD8HX87c8nD1JblqL4/B2Oe8TerAE6IwOpG8k7tmV2tbFunP8XtPqTT1/UhEkt1lG3sIDmPkbWYVin22le4nfmx/wBQIQy3eLQrP6wgt1KvdgaeufioKt80Ht0jAV0MDVu3Lfad5U8c7x5ZAVTxHbEaqrdyZigKAZB0hIcrqa0RpwVVsX9RkLg2rTdG5eNoa9MmwdaeMuudNJqoqQVZ4SKlZaLdnpzB9BGMIGxu14lFwhrYfePV1qKE8Ubf3NB8NoabJB2zNV1zKNQavsi3GqsXZnq7S4uCmDNOZRIHId41YQ2Adm41qYhMB5gq2Bmt12JeNL7waoBG7NTQrWsDJxEGwL5i9ZTmeJco6t3I96mbAQghyhaHVKg41V4rNwe6ErNJyriFI8N9BgAIPF8GSjAbiB7h8yhHDv8AnPwjYrbhj4n5lZi+L9rOkHhfg/8AxqEUV7c/g2dIhUmU0e9F4o2GHui+SMKYxGDcHU53/hFyA6v0pEFH7Aat6dKiwjRTHyrHiAy5XUNjLHo4OUqr0qqVCU3FTYfun3FwyaMAaOudukDoWhZuV7233JSOxi7EQzjx7SisgaToVecxFCbBd2/7jkdXMBUpd3ZqCthdLOg6fukrxgpsU0OK+IHgOkV2GKdDeWNJ3tWcMGleJkhZ0GldDeZWgZjy9dopt9gTVtbvEYxegdGekDOzxku3YiF8ZbrvvVS6slBdQpq3tGoacXQhwMZgloFW+auG0A1hLuEA6ZiADAEsqXwRzpOl40XxKPGdFB70lR70/WKJ5NPyU+pUO6B+IL+ZXXZvYeEkr8J+iHqhSy0C7FIvWr6yjUn/AEoQ+I+ITZ/dVwAAABoH/wCx7GQtnH8KULfSW0z12hGoqjIHZdA7MaXU0OyYnd1KtpXxFvm8+vHECBrlhrGMYaxLlitBjsaXKLxoDYa4RaAb2s2biQBbAzkB8Fy4DFmoPbc5NFGXoL+IYJrkc63B2IBQxeGAZ09YMA7lV7xaqyKlk3uIX1Yxux2qvKGB48lhqyx5YdIoYuUTc7/QEo0U3pfC38RIXWyU+A+ZQdaB+7FBYnKfhKGomgF7tsEnWgUf+FJWfr2S+jcUvRveVhWc2ltrpv0uIgBlnD4OZdGRvDih/NxNwUqiLqLWsRiytRHta2r0jhA9iOcX1YpM6I5hWWia0jzdzPR7cldmVkO9Be8DHWMzLULmtwqtAI11iN6TvL0BullJqdFz70JUeDWFI8gJ81PqUK7uCXgL+ZQoTe18LXxKrHfsB/4v58+jL/jESUuxctj8yzABsbDXFmGBgi1qDsY/dITE1NG1VxjWVPDsFB2IlBVbt1gCqDsQQ3lrL4G5dM4jhlf2QlCgXel8LfxKVTah9FXzA09PD5q/UCPP5CmyTRFnmzOl7EHx/wCSPTiO92i7teJY63LHYit6EtULzwT5CEJf53k+JcFdn7lFXQpg1Zra8OrxKZOSuvC18SiuTdD3D/zFQu44ukZegwxtA1LOrhlW9u38pVPLH3tSuv8Aeg/TKGzN2X7JFlooNm5a7tPO0C9trrmL1UUUZbG/DXa4431Jc1gN2fMKQwoIdELH2/8APpZTpNspGq8pTyDAAAAoDaA3QTMWfAtnQcSo+7v7n5l5WrHNh9jZ4P8A0VIl1jg+AvyvaGitosIar6lIqi/Gnl8D4giWZP8A0Wo4sDAaPD3dEsIIEXdaPfMc+4XVdTzT5/8ARKwW16r3MPRYBc+rCBpPmUgBWOKZfnJ/6McgIAYI+AV3HmMGD2s1d4ej9xSMhThwPf8A9EBjntR6g6jTMdPMzNulNdWNzMM9ym96tDxnx/6MAEUeDqMtzFrNtcj7K/8A65//2Q==\" width=\"313\" height=\"313\" /><img src=\"data:image/jpeg;base64,/9j/4AAQSkZJRgABAQEASABIAAD/2wBDAAgGBgcGBQgHBwcJCQgKDBQNDAsLDBkSEw8UHRofHh0aHBwgJC4nICIsIxwcKDcpLDAxNDQ0Hyc5PTgyPC4zNDL/2wBDAQkJCQwLDBgNDRgyIRwhMjIyMjIyMjIyMjIyMjIyMjIyMjIyMjIyMjIyMjIyMjIyMjIyMjIyMjIyMjIyMjIyMjL/wgARCAMgAyADAREAAhEBAxEB/8QAGwABAQEAAwEBAAAAAAAAAAAAAAEGAgQHBQP/xAAWAQEBAQAAAAAAAAAAAAAAAAAAAQL/2gAMAwEAAhADEAAAAd+AAAAAAAAAAAAAAAAAAAAAAAAAAAAAAAAAAAAAAAAAAAAAAAAAAAAAAAAAAAAAAAAAAAAAAAAAAAAAAAAAAAAAAAAAAAAAAAAAAAAAAAAAAAAAAAAAAAAAAAAAAAAAAAAAAAAAAAAAAAAAAAAAAAAAAAAAAAAAAAAAAAAAAAAAAAAAAAAAAAAAAAAAAAAAAAAAAAAAAAAAAAAAAAAAAAAAAAAAAAAAAAAAAAAAAAAAAAAAAAAAAAAAAAAAAAAAAAAAAAAAAAAAAAAAAAAAAAAAAAAAAAAAAAAAAAAAAAAAAAAAAAAAAAAAAAAAAAAAAAAAAAAAAAAAAAAAAAAAAAAAAAAAAAAAAAAAAAAAAAAAAAAAAAAAAAAAAAAAAAAAAAAAAAAAAAAAAAAAAAAAAAAAAAAAAAAAAAAAAAAAAAAAAAAAAAAAAAAAAAAAAAAAAAAAAAAAAAAAAAAAAAAAAAAAAAAAAAAAAAAAAAAAAAAAAAAAAAAAAAAAAAAAAAAAAAAAAAAAAAAAAAAAAAAAAAAAAAAAAAAAAAAAAAAAAAAAAAAAAAAAAAAAAAAAAAAAAAAAAAAAAAAAAAAAAAAAAAAAAAAAAAAAAAAAAAAAAAAAAAAAAAAAAAAAAAAAAAAAAAAAAAAAAAAAAAAAAAAAAAAAAAAAAAAAAAAAAAAAAAAAAAAAAAAAAAAAAAAAAAAAAAAAAAAAAAAAAAAAAAAAAAAAAAAAAAAAAAAAAAAAAAAAAAAAAAAAAAAAAAAAAAAAAAAAAAAAAAAAAAAAAAAAAAAAAAAAAAAAAAAAAAAAAAAAAAAAAAAAAAAAAAAAAAAAAAAAAAAAAAAAAAAAAAAAAAAAAAAAAAAAAAAAAAAAAAAAAAAAAAAAAAAAAAAAAAAAAAAAAAAAAAAAAAAAAAAAAAAAAAAAAAAAAAAAAAAAAAAAAAAAAAAAAAAAAAAAAAAAAAAAAAAAAAAAAAAAAAAAAAAAAAAAAAAAAAAAAAAAAACAAAAAAAAAAAAAAAAAAAAAAAAAAAAAAAAAAAAAAAAAAAAAAAAAA4gAAAAAAAAAAAAAAAAAAAAAAAAAAAAAAAAAAAAAAAAAAAAAAAAAAAAAAAAAAAAAAAAAAAAAAAAAAAAAAAAAAAAAAAAAAAAAAAAAAAAAAAAAAAAAAAAAAAAAAAAAAAAAAAAAAAAAAAAAAAAAAAAAAAAAAAAAAAAAAAAAAAAAAAAAAAAAAAAAAAAAAAAAAAAAAAAAAAAAAAAAAAAAAAAAAAAAAAAAAAAAAAAAAAAAAAAAAAAAAAAAAAAAAAAAAAAA4nTQAQoAAAAKAAAAUhQCgAAFAAAKAAAUAgAKACFBAACAAAEBCAHM7SgAAAAAAD8UwtfMBxIBCgIAUFBAAAACgpQAIUKUFBSlKACgpSgFBSlAIAUAEABRHGuJxOBxIQ1ppJQAAAAAAB+CebVk5QAAAAAAAAAAAAAAAAAAAAAAAAAAAAAAAAAAAAAABT1WzTSgAAAAAAD8E82rJygAAAAAAAAAAAAAAAAAAAAAAAAAAAAAAAAAAAAAACnqtmmlAAAAAAAHXTzesnKAAAAAAAAAAAAAAAAAAAAAAAAAAAAAAAAAAAAAAAKeqWaeUAAAAAAAddPOKyUoAAAAAAAAAAAAAAAAAAAAAAAAAAAAAAAAAAAAAAAp6pZqJYAAAAAAAddPOqyEoAAAAAAAAAAAAAAAAAAAAAAAAAAAAAAAAAAAAAAAp6nZqZYAAAAAAAdZPO6yEoAAAAAAAAAAAAAAAAAAAAAAAAAAAAAAAAAAAAAAAp6lZqpYAAAAAAAddPO6x8oAAAAAAAAAAAAAAAAAAAAAAAAAAAAAAAAAAAAAAAp6lZqpYAAAAAAAddPPKx0oAAAAAAAAAAAAAAAAAAAAAAAAAAAAAAAAAAAAAAAp6jZq5YAAAAAAAddPPaxsoAAAAAAAAAAAAAAAAAAAAAAAAAAAAAAAAAAAAAAAp6jZq5YAAAAAAAddPPqxkoAAAAAAAAAAAAAAAAAAAAAAAAAAAAAAAAAAAAAAAp6jc6uagAAAAAAB1k8/rGSgAAAAAAAAAAAAAAAAAAAAAAAAAAAAAAAAAAAAAACnqFmslgAAAAAAB1kwFYuUAAAAAAAAAAAAAAAAAAAAAAAAAAAAAAAAAAAAAAAU9QudZNQAAAAAAA6yef1jJQAAAAAAAAAAAAAAAAAAAAAAAAAAAAAAAAAAAAAABT0+zWywAAAAAAA6yef1jJQAAAAAAAAAAAAAAAAAAAAAAAAAAAAAAAAAAAAAABT0+51s1AAAAAAADrJ5/WMlAAAAAAAAAAAAAAAAAAAAAAAAAAAAAAAAAAAAAAAFPT7nWzUAAAAAAAOsnn9YyUAAAAAAAAAAAAAAAAAAAAAAAAAAAAAAAAAAAAAAAU9QudZNQAAAAAAA6yYCsXKAAAAAAAAAAAAAAAAAAAAAAAAAAAAAAAAAAAAAAAKeoXOsmoAAAAAAAdZMBWLlAAAAAAAAAAAAAAAAAAAAAAAAAAAAAAAAAAAAAAAFPULnWTUAAAAAAAOsmArFygAAAAAAAAAAAAAAAAAAAAAAAAAAAAAAAAAAAAAACnp9zrZqAAAAAAAHWTAVi5QAAAAAAAAAAAAAAAAAAAAAAAAAAAAAAAAAAAAAAAPT7nXTUAAAAAAAOsmBrFSgAAAAAAAAAAAAAAAAAAAAAAAAAAAAAAAAAAAAAACnp1zrpqAAAAAAAHWTBViZQAAAAAAAAAAAAAAAAAAAAAAAAAAAAAAAAAAAAAABT065101AAAAAAADrJg6xEoAAAAAAAAAAAAAAAAAAAAAAAAAAAAAAAAAAAAAAAp6fc62agAAAAAAB1kwdYiUAAAAAAAAAAAAAAAAAAAAAAAAAAAAAAAAAAAAAAAU9OuddNQAAAAAAA6yYSsPKAAAAAAAAAAAAAAAAAAAAAAAAAAAAAAAAAAAAAAAKenXOumoAAAAAAAdZMJWHlAAAAAAAAAAAAAAAAAAAAAAAAAAAAAAAAAAAAAAAFPTrnXTUAAAAAAAOsmErDygAAAAAAAAAAAAAAAAAAAAAAAAAAAAAAAAAAAAAACnp1zrpqAAAAAAAHWTB1iJQAAAAAAAAAAAAAAAAAAAAAAAAAAAAAAAAAAAAAABT025181AAAAAAADrJgqxMoAAAAAAAAAAAAAAAAAAAAAAAAAAAAAAAAAAAAAAAp6bc6+agAAAAAAB1kwVYmUAAAAAAAAAAAAAAAAAAAAAAAAAAAAAAAAAAAAAAAD06zXywAAAAAAA6yYKsTKAAAAAAAAAAAAAAAAAAAAAAAAAAAAAAAAAAAAAAAKem3OvmoAAAAAAAdZMHWIlAAAAAAAAAAAAAAAAAAAAAAAAAAAAAAAAAAAAAAAFPTbnXzUAAAAAAAOsmDrESgAAAAAAAAAAAAAAAAAAAAAAAAAAAAAAAAAAAAAACnptzr5qAAAAAAAHWTB1iJQAAAAAAAAAAAAAAAAAAAAAAAAAAAAAAAAAAAAAABT0y52E1AAAAAAADrJg6xEoAAAAAAAAAAAAAAAAAAAAAAAAAAAAAAAAAAAAAAAp6Xc7GagAAAAAAB1kwlYeUAAAAAAAAAAAAAAAAAAAAAAAAAAAAAAAAAAAAAAAU9MudhNQAAAAAAA6yYQw6gAAAAAAAAAAAAAAAAAAAAAAAAAAAAAAAAAAAAAACnplzsJqAAAAAAAHWTCVh5QAAAAAAAAAAAAAAAAAAAAAAAAAAAAAAAAAAAAAABT0y52E1AAAAAAADrJhDDqAAAAAAAAAAAAAAAAAAAAAAAAAAAAAAAAAAAAAAAKemXOwmoAAAAAAAdZMJWHlAAAAAAAAAAAAAAAAAAAAAAAAAAAAAAAAAAAAAAAA9Ns2EsAAAAAAAOsmErDygAAAAAAAAAAAAAAAAAAAAAAAAAAAAAAAAAAAAAACnplmwlgAAAAAAB1kwlYeUAAAAAAAAAAAAAAAAAAAAAAAAAAAAAAAAAAAAAAAD0y52M1AAAAAAADrJg6xEoAAAAAAAAAAAAAAAAAAAAAAAAAAAAAAAAAAAAAAAHpdmylgAAAAAAB1kwVYmUAAAAAAAAAAAAAAAAAAAAAAAAAAAAAAAAAAAAAAAD0u52U1AAAAAAADqpg6xMoAAAAAAAAAAAAAAAAAAAAAAAAAAAAAAAAAAAAAAAHpdzspqAAAAAAAHVT5FfgcTgfmcU4rDikIsQQAAEIQEKCKSAFABCAA/Q7a9FIQoKUAhAClBAAUpQQAoWlQAcgcilB311EsAAAAAAAOuny6HE/M/M6yfFIv3QQgIUICwJF4ggAIELQhQBCIX8E+bX7H4x9gLQUoAOIABQAUoKUgAQtBTpnzE7J9sq8gD9jRywAAAAAAAAAH5GMufj18HN9tWgAAAAAAAAAAAAAA4HXQU7SgAAAAAAAAAAAAAAZQ8/TRamul+3KAAAAAAAAAAAB+JktZ+MZ2XfS7AAAAAAAgKCApCgAEAAAAAAABSAAFBCkBQAAAAAfmeSIr79mml+3LAAAAAAAAAAAfkmQ1M9Hz5fqL6YUAAAAAAAAAAAAAAAAAAAAAAAAAAAAAAAAA+UeVnfs+1ZqpftSgAAAAAAAAAfmZO5yxppfrqP1OZSlKAAUAAAAAAAAAAAAAAAAAAAAAAgAAAICEOB+ZxOJj7P1s2kv1JaAAAAAAAAAfOOmneXsHIoAAAAAAAAAAAAAAAAAAAAAAAAAAAAAAAAAAIQ4Hzz8k+2vMAAAAAAAAAEAAAAAAAAAAAAAAAAAAAAAAAAAAAAAAAAAAAAAABQAAAAAAAAAAAAAAAAAAAAAAAAADkAAAAQgAAAAAAAAAAAAAAAAAAAAAAAAAAAAAAAAAAAAAAAAAAAByKAAAAAAQ4gAAAAAAAAAAAAAAAAAAAAAAAAAAAAAAAAAAAAAAAAAHIoAAAAAAOJAAAAAAAAAAAAAAAAAAAAAAAAAAAAAAAAAAAAAAAAADkUAAAAAAgOIAAAAAAAAAAAAAAAAAAAAAAAAAAAAAAAAAAAAAAAAAKUAAAAAAhAAAAAAAAAAAAAAAAAAAAAAAAAAAAAAAAAAAAAAAAAAAAAAAAAAAAAAAAAAAAAAAAAAAAAAAADkAAAAAAAAAAAAAAAAAAAAAAAAAAAAAAAAAAAAAAAAAAAAAAAAACgAAAAAAAAAAAAAAAAAAAAAAAAAAAAAAAAAAAAAAAAAAAAAAAAAAAAAAAAAAAAAAAAAAAAAAAAAAAAAAAAAAAAAAAAAAAAAAAAAAAAAAAAAAAAAAAAAAAAAAAAAAAAAAAAAAAAAAAAAAAAAAAAAAAAAAAAAAAAAAAAAAAAAAAAAAAAAAAAAAAAAAAAAAAAAAAAAAAAAAAAAAAAAAAAAAAAAAAAAAAAAAAAAAAAAAAAAAAAAAAAAAAAAAAAAAAAAAAAAAAAAAAAAAAAAAAAAAAAAAAAAAAAAAAAAAAAAAAAAAAAAAAAAAAAAAAAAAAAAAAAAAAAAAAAAAAAAAAAAAAAAAAAAAAAAAAAAAAAAAAAAAAAAAAAAAAAAAAAAAAAAAAAAAAAAAAAAAAAAAAAAAAAAAAAAAAAAAAAAAAAAAAAAAAAAAAAAAAAAAAAAAAAAAAAAAAAAAAAAAAAAAAAAAAAAAAAAAAAAAAAAAAAAAAAAAAAAAAAAAAAAAAAAAAAAAAAAAAAAAAAAAAAAAAAAAAAAAAAAAAAAAAAAAAAAAAAAAAAAAAAAAAAAAAAAAAAAAAAAAAAAAAAAAAAAAAAAAAAAAA/8QALBAAAQIDCQEAAgAHAAAAAAAAAAIDBBEUAQUSExUiM0BgMhAhBiMxQXCgsP/aAAgBAQABBQL/AJGFtuGyrZKtkq2SsZKxkrGSsZKxkq2SrZKxkrGSrZKtkq2SrZKtkq2SrZKtkq2SqZKpkqmSqZKpkqmiqaKpoqWipaKloqWipaKloqWipaKhsqGyobKhsqGyobM9sz2zPbM9BnoM9BnoM9BnoM9BnoM9BnoM9BnIM5BnJM5JnJM9BnoM9BnoM9BnoM9BnoM9BnoM9BnoM9BUIKhsqWypaKpoq2irZERDa1dB3iiomlTqyTVkmqpNUSaok1RJqiTVEmqJNUSaok1RJqiTVEmqpNVSaok1RJqiTVEmqJNUSaok1VJqiTVEmqpNVSaqk1ZJqyTVkmqpNWSask1dJq6TV0mrpNXQawk1hBrKTWUGtJNaSa0g1pBrSDW0GtpNcQa4k1xBriDXEGuoNdQa8g15BryDXkGvINeQa8g15BryDXkGvINeQa8g15BryDXkGupNcSa2k1lJrCTWEmrpIP8AbvQe4b24fIf3gfvoPcN68XkYH76D3De3F5GC++g/w3txeRgvroP8N78XkYP66D/DfHF5GC+ug/w3xw+Rg/roP8N8cPkYP66D/DfPF5GD+ug/xX1w+Rg/roP8N9cPkYP66D/DfXD5GE+ug/w3zw+Rg/roRHDfPD5GD+uhEcN88PkYP66ERw31w+Rg/roP8N9cPkYP66D/AA31w+Rg/roP8N9cPkYP66D/AA31w+Rg/roP8N9cPkYP66D/AA33w+RhProP8N98PkYT66D/ABX3w+RhProP8V+cPkYT66D/AA35w+RhProRHDfnB5GE++g/w33w+Rg/voP8N98PkYP76D/DffD5GD+ug/w33w+Rg/roP8N98PkYT66D/DffD5GD+uhEcN98PkYT76D/AA33w+RhPvoRHDfnD5GE++hEcN+cPkYT76D/AA35w+RhPvoP8N+cPkYT76D/AA35w+Rg/voP8N+cPkYP76D/AA35w+Rg/voP8N98PkYP76ERw33w+Rg/voRHDffD5GD++hEcC0odspoYp4cyIcyWDKYMpgy2TKZMpgymTLZMtky2TLZMtky2TLZMtkwNGBowNGBowtGFowtGFowtGFowtGFowtGFswtGFswtkmyTZJsk2IbbWumZtLUt2WybJNkmyTZhbMLZhbMLZhbJNmFsk0YWjC0YWjC0YWjC0YWjA0YGjA0YGjA0YGjA0YGjAyZbJlsmWyZbJlsmUyZLBksGQwZDBkMDNv8AN6D6bVs5LhkumS6Ww7xTPDza2G9QhyyOYttpHykiCjiCjiCjiCjiCjiCjiCiiCjiCjiCiiCiiCiiChiShiShiShiShiShiShiShiShiShiShiSiiShiShiShiSgiSgiR2FeZbTE2JVZH22Fj1i10ESUESUESUMSUMSUMSUMSUMSUMSUMSUESUMSUMSUMSUMSUMSUMSUMSUMSUMSUUSUUSUUSUUQUUQUUQUUSUUQUUQUUQUUQRCFQqK5kYiERDtG+Uj5SPlK+Ur4zDPJd6rjiWkRK7Ytb6IdCWm8cVZ/TvKTYuylhymYLIZiy3v8A8QItVd8OludkMyQcXj7TjiWkPPKiFvxNiBxz93Ld+UjwS0JcRHwqoCJYiLUCVWOWQkXj7Di7G0vv2uqeiZjkPE2F13da5EYrDETJkyZMmTJkyZMmTJkyZMmTJkyZMmTJkyZMmTJkyZMmTJkyZMmTJkyZMmTJkyZMmTJkyZMmTJkyZiMVhHw7cZDU8QhVlj8MNPJdsg4q1XWUrDZFxc7VOORLkJAohz92mG0ko3G43G43G43G43G43G43G43G43G43G43G43G43G43G43G43G43G43G43G43G43G43G43G43G43G43G43G43G43G43G43G43G43G4kow2krbBaUuIiYJUNbDxcyGiMxPUiIRESWXTCzRCMNmWkw2EiRIkSJEiRIkSJEiRIkSJEiRIkSJEiRIkSJEiRIkSJEiRIkSJEiRIkSJEiRIkSJEiRIkSJEiRIkSJEiRIkYTBYWsotFXZCLLLqYsLLJf4Yl+JEiRL8SJf7nX/xAAeEQEAAgMBAAMBAAAAAAAAAAARABABIGAwQFCwwP/aAAgBAwEBPwH8jV8GOrTT5vCmhCEIQhCiFkIQ1KNDwLPpTt8dJjpMdJj+ANdGMaaadHZ8HRpjo7MdW2NOz9CQos1IQh5lHkalngbELLIUQo+U8RjPSvS4z0uM/gf/AP/EAB4RAQEBAAICAwEAAAAAAAAAABEAEAEgMGBAULDA/9oACAECAQE/AfyMiMMIiIjSIiIjD7o+UzjOPge7j0f4fk8p4DD7VmZmZmcZmZmcZ6MzMz3ZmdZmZnGZnGejMzrrjPyT0jnj2Xnj2Xnj8KT/xAA3EAABAwIFAwMCBAQGAwAAAAAAAQMzMpECQGBxkhExQRIhgVGhEyJhciM0UGIEEBQgQ1KgsLH/2gAIAQEABj8C/wDUYdV7FRUVFRUVFRUVFRUVFRUVFRUVFRUVFRUVFRUVFRUVFRUVFRUVFRUVFRUdzudzudzudzud/wDLv/u8nk8nk8nk8nk8nk8nk8nk8nk8nmx5PJ5O53O5UelF98jiMK+nr1IluRLciW5EtyJbkS3IluRLciW5EtyJbkS3IluRLciW5EtyJbkS3IluRfciW5EtyL7kS3IluRLciW5EtyJbkS3IluRLchW5CtyFbkK3IVuQrchW5CtyFbkK3IVuQrchW5CtyFbkK3IFuQLcgW5AtyBbkC3IFuQLcgW5AtyBbkC3IFuQLyIF5EC3IFuQLcgW5AtyBeRAtyBeRAtyBbkC3IFuQLchW5CtyFbkK3IluYF+qdcjiG99JN/tyOIb30k3+3I4hvfSTf7cio3vpJr9uRUb30k1+3IqN76Sa2yKje+kmtkyKje+kmtkyKje+kmtkyKjW+kmtkyKje+kmtkyKje+kmtkyKje+kmtkyKje+kmtkyKje+kmtkyKje+kmtkyKje+kmtkyKje+kmtkyKjW+kmtkyKjW+kmtkyKjW+kmtkyKjW+kmtkyKjW+kmdkyKjW+kmdkyKjW+kmdkyKjW+kmfjIqNb6SZ2TIqNb6SZ2TIqNb6Sa2TIqNb6SZ2TIqNb6SZ+Mio1vpJn4yKjW+kmfjIqNb6SZ+Mio1vpJn4yKjW+kmfjIqNb6SZ+Miu41vpJn4yK7jW+kmdkyK7jW+kmfjIqNb6SZ+Mio1vpJnZMio1vpJn4yKjW+kmfjIqNb6SZ+MioiOYMOLp9UP5dqx/LtWP5dqxA1Yga4kDXEga4kLXEhbsQt2IW7ELfEhb4kLfEhb4kLfEhb4kLfEha4kLfEha4kLXEha4kLXEha4kLXEha4kLXEha4kLXEha4kLXEha4kLXEha4kLXEha4kLXEha4iYfwmvf+0/Lhb4Cp+C1xIWuJC1xIWuJC1xIWuJC1xIWuJC1xIWuJC1xIWuJC1xIWuJC1xIWuJC1xIWuJC1xIW+JC3xIWuJC3xIW+JC3xIW+JC3xIW+JC3xIW+JC3YhbsQt2IW7ELdiFuxC3YhbsQN2IW7DadE75FcKdykpKSkpFcc9sKFS2OnqWxSUFJQUFBQUFJSUlJSUFBQUFBQUFBQUFBQUFBQUFH3KBXMeH8qCKnXqn6Hmx0Tr1VfoUfco+5QUFBQUFBQUFH3KCgoKCgo+5QUFBQUFJQUFBR9ygoKCg9b3shUthG28X5l7FJSUlJSYcS4fbrllxYux1xp+VO2E6K2nX9DBgwp3xf0DpiTqn6kOCxDgsdUawddv6Ai/9cR/ETqgi4cKbofhO1+F+ua9WLsdcXbwh0w9z37n+pdT+Jip/RNBrgxJ1wr7KguD/AI198Kn1Q64VPw3KvC/XMepT1Y/ZE8HpwEWL3/Q9f+Iw+lvD79F86FVvEvTF3wr9BU/CxWMOLFgxYev1P1Pw3O/hct1PdfY9DafB6sX53P8A5olcDmHrhU/EaX1N/dD375ZPWuJOn0U6qmLEv9yn5G0Q7aJ7HvhIumx7YnNvV/57f//EAC4QAAIBAwMEAgEDBAMBAAAAAAABETGh8EBgsRAhUWFBkTAgUIFwcaDRgMHh8f/aAAgBAQABPyH/AD0JRKJRKJRKJRKJRKJRKJRKJRKJRKJRKJRKJRKJRKJRKJRKJRKJRKJRKJRKJRKJRKJRKJRKJRKJRKJRKJRKJRKJRKJRKJRKJRKJRKJRKJRKJRKJRKJRKJRKJRKJRKJRKJRKJRKJRKJRKJRKJRKJRKJRK/5+ra6EXcyI9z6MiMSMaMaMaMaM6M6MaMaM6M6M6MKMKMK6HCtYbba2toOANtm7Jve+j3vo9r6Paz2vo9r+j2v6Pa/o9j+j2P6MiMiMyMyMyMCMCMCMCMCMCMCMyMiMiMiMi6ViR7voe36HufR7/wBHt/R7H0I3dqKNDbCGLK8RMaQhEYgiEIIQCGAMgxHt9WMe/wDupnOM5xjGYShGMYoiratbUsQ5CkM5zmM4zCee9zmGYZx7bxtp2/rcokK2aI0NoXDaKoLPxobQvm0VVFm40NoXXaKqi1caI33aKqiycaHgl82iqotnGh4pd9oqqLLxoeKXPaKqjPeNDeove0VVGe8aG9Rf9oqplPGhukXHaKqtE68Rc9oqq0RLxcl32iqrRcvFyXvaKqtEy6XJe9oqq0TLpcl72iq6Jl0uS77RVVoiXi5LntFV0RLxcl32iq6Jl4uS47RVdES8XJcdoquiZeLkvO0VXRMvFyXHaKrouXi5L7tFVWixfLkvu0VVaLF8uS67RVdFi8XJddoqpbaFcLkuO0VVaKF4uS+7RVdEC8XJddoquiJeLkuu0VXRIvFyX3aKqWWhXi5L3tFVLbQrxcl92iqlloVwuS+7RVS00K8XJfdoqpaaFcLkuu0VUttCuFyXfaKqW2hWjkvu0VUtNCtHJf8AaKrouWjkv+0VUs9CvFyX3aKqWWhXi5LvtFV0SLxcl92iqlloVwuS67RVSy0K4XJddoqpZaE8NXlcisPQulVmWoL/AEd5DDb+wQ7/APrGsYxueYjlOEIAAAcohGMZxBKlEn5j7pOYlCg4/YaM4whDWI4iIAAACBnM973vesZ5/wA/T9X6S9blqIiFCi0KRZYj+R7A3OoaD88Qz85z0OlpM3AlX+5kZlZkZkZkZkZkZjZnZnZL/wCzOzMzAzAzAzAzIzIzMzIz1PswMwMyMwMyMyPomJkH5Pdpyd3KSjQH8Cp/F3t1RMTMzMjMDMTMjMjMz6JmZmZlZkZkfTMDMDMDMjMDMrMzMzMz6RmZiZiZiYrqnceejJIlI1EmNi/+kxMzMzM7Bp3d9M/uEIX/AJqiGBj8V2DXY4kkJCLwteyqvqk7dR7QkSUf7BQFUW+B9W70MZSc6qoPRM7NU398JcpyX+ESN8+Q1s2lh1DvY9hyDSMj5Q1kv+BjWsvwLv8AuI7Z+opvbT48ju74XwSHv34f2yNntpkL7lCazxsh5IkSJHrxIkSOiAABH8IBAh+ADDqQ/S8fwH4kSJDyewRsR/cjvatOHAgGaYVEKHHiQrO3+XTLewpnYT48iNMl9k/7O9y8vx/YegXjEsS2D4AAAAAAAAAOCxbfg8ARArEx3bknsKHU4Wj8kAnVCcrSehM7Qh/N5FP04kUQ9BHwRI9MdNWAgIfkABDWgAAg/EiRIeCX4CPsMmJT2aBuuxVKBAS8L+i9eiP0hHUjbS/LBG1oj8/ztRfmkna0kkkkkkkkkkkk/wBE4IIIIIIIIIIIIIIIIIIIIIIIIIIIIIIIIIIIIIIIIIIIIIIIIIIIIIIIIIIIIIIIIIIIIIIIIIIIIIIIIIIIIIIIIIIIIIIIIIII/wALH//aAAwDAQACAAMAAAAQkkkkkkkkkkkkkkkkkkkkkkkkkkkkkkkkkkkkkkkkkkkkkkkkkkkkkkkkkkkkkkkkkkkkkkkkkkkkkkkkkkkkkkkkkkkkkkkkkkkkkkkkkkkkkkkkkkkkkkkkkkkkkkkkkkkkkkkkkkkkkkkkkkkkkkkkkkkkkkkkkkkkkkkkkkkkkkkkkkkkkkkkkkkkkkkkkkkkkkkkkkkkkkkkkkkkkkkkkkkkkkkkkkkkkkkkkkkkkkkkkkkkkkkkkkkkkkkkkkkkkkkkkkkkkkkkkkkkkkkkkkkkkkkkkkkkkkkkkkkkkkkkkkkkkkkkkkkkkkkkkkkkkkkkkkkkkkkkkkkkkkkkkkkkkkkkkkkkkkkkkkkkkkkkkkkkkkkkkkkkkkkkkkkkkkkkkkkkkkkkkkkkkkkkkkkkkkkkkkkkkkkkkkkkkkkkkkkkkkkkkkkkkkkkkkkkkkkkkkkkkkkkkkkkkkkkkkkkkkkkkkkkkkkkkkkkkkkkkkkkkkkkkkkkkkkkkkkkkkkkkkkkkkkkkkkkkkkkkkkkkkkkkkkkkkkkkkkkkkkkkkkkkkkkkkkkkkkkkkkkkkkkkkkkkkkkkkkkkkkkkkkkkkkkkkkkkkkkkkkkkkkkkkkkkkkkkkkkkkkkkkkkkkkkkkkkkkkkkkkkkkkkkkkkkkkkkkkkkkkkkkkkkkkkkkkkkkkkkkkkkkkkkkkkkkkkkkkkkkkkkkkkkkkkkkkkkkkkkkkkkkkkkkkkkkkkkkkkkkkkkkkkkkkkkkkkkkkkkkkkkkkkkkkkkkkkkkkkkkkkkkkkkkkkkkkkkkkkkkkkkkkkkkkkkkkkkkkkkkkkkkkkkkkkkkkkkkkkkkkkkkkkkkkkkkkkkkkkkkkkkkkkkkkkkkkkkkkkkkkkkkkkkkkkkkkkkkkkkkkkkkkkkkkkkkkkkkkkkkkkkkkkkkkkkkkkkkkkkkkkkkkkkkkkkkkkkkkkkkkkkkkkkkkkkkkkkkkkkkkkkkkkkkkkkkkkkkkkkkkkkkkkkkkkkkkkkkkkkkkkkkkkkkkkkkkkkkkkkkkkkkkkkkkkkkkkkkkkkkkkkkkkkkkkkkkkkkkkkkkkkkkkkkkkkkkkkkkkkkkkkkkkkkkkkkkkkkkkkkkkkkkkkkkkkkkkkkkkkkkkkkkkkkkkkkkkkkkkkkkkkkkkkkkkkkkkkkkkkkkkkkkkkkkkkkkkkkkkkkkkkkkkkkkkkkkkkkkkkkkkkkkkkkkkkkkkkkkkkkkkkkkkkkkkkkkkkkkkkkkkkkkkkkkkkkkkkkkkkkkkkkkkn7fbbbb/AG33/wDvt9tt/ttv9t//ALb/AP22+3+2/wD/APff7fkkkkkkkkcggCEEkEAAAkkggEEQkkAAAlppINJpJJtJJttLtNsAkkkkkkkkcAAAAAAAAAAAAAAAAAAAAAAAAAAAAAAAAAAAAAAAAAkkkkkkkkYAAAAAAAAAAAAAAAAAAAAAAAAAAAAAAAAAAAAAAAAAkkkkkkkk4AAAAAAAAAAAAAAAAAAAAAAAAAAAAAAAAAAAAAAAAEkkkkkkkkcAAAAAAAAAAAAAAAAAAAAAAAAAAAAAAAAAAAAAAAAEEkkkkkkkYAAAAAAAAAAAAAAAAAAAAAAAAAAAAAAAAAAAAAAAAEEkkkkkkk8AAAAAAAAAAAAAAAAAAAAAAAAAAAAAAAAAAAAAAAAEEkkkkkkkdAAAAAAAAAAAAAAAAAAAAAAAAAAAAAAAAAAAAAAAAAEkkkkkkkcAAAAAAAAAAAAAAAAAAAAAAAAAAAAAAAAAAAAAAAAEEkkkkkkkcAAAAAAAAAAAAAAAAAAAAAAAAAAAAAAAAAAAAAAAAAEkkkkkkkcAAAAAAAAAAAAAAAAAAAAAAAAAAAAAAAAAAAAAAAABEkkkkkkk8AAAAAAAAAAAAAAAAAAAAAAAAAAAAAAAAAAAAAAAAEEkkkkkkk4AAAAAAAAAAAAAAAAAAAAAAAAAAAAAAAAAAAAAAAAFEkkkkkkk9AAAAAAAAAAAAAAAAAAAAAAAAAAAAAAAAAAAAAAAAEEkkkkkkkcAAAAAAAAAAAAAAAAAAAAAAAAAAAAAAAAAAAAAAAABEkkkkkkkZAAAAAAAAAAAAAAAAAAAAAAAAAAAAAAAAAAAAAAAABEkkkkkkkcAAAAAAAAAAAAAAAAAAAAAAAAAAAAAAAAAAAAAAAABEkkkkkkkYAAAAAAAAAAAAAAAAAAAAAAAAAAAAAAAAAAAAAAAABEkkkkkkkdAAAAAAAAAAAAAAAAAAAAAAAAAAAAAAAAAAAAAAAABEkkkkkkk8AAAAAAAAAAAAAAAAAAAAAAAAAAAAAAAAAAAAAAAAFEkkkkkkk8AAAAAAAAAAAAAAAAAAAAAAAAAAAAAAAAAAAAAAAAlEkkkkkkk4AAAAAAAAAAAAAAAAAAAAAAAAAAAAAAAAAAAAAAAAFEkkkkkkk4AAAAAAAAAAAAAAAAAAAAAAAAAAAAAAAAAAAAAAAAFEkkkkkkk4AAAAAAAAAAAAAAAAAAAAAAAAAAAAAAAAAAAAAAAABEkkkkkkk8AAAAAAAAAAAAAAAAAAAAAAAAAAAAAAAAAAAAAAAAFEkkkkkkk4AAAAAAAAAAAAAAAAAAAAAAAAAAAAAAAAAAAAAAAAFEkkkkkkk4AAAAAAAAAAAAAAAAAAAAAAAAAAAAAAAAAAAAAAAAFEkkkkkkkYAAAAAAAAAAAAAAAAAAAAAAAAAAAAAAAAAAAAAAAABEkkkkkkkYAAAAAAAAAAAAAAAAAAAAAAAAAAAAAAAAAAAAAAAAFEkkkkkkkcAAAAAAAAAAAAAAAAAAAAAAAAAAAAAAAAAAAAAAAABEkkkkkkkcAAAAAAAAAAAAAAAAAAAAAAAAAAAAAAAAAAAAAAAAkEkkkkkkk8AAAAAAAAAAAAAAAAAAAAAAAAAAAAAAAAAAAAAAAAFEkkkkkkk4AAAAAAAAAAAAAAAAAAAAAAAAAAAAAAAAAAAAAAAAFEkkkkkkk4AAAAAAAAAAAAAAAAAAAAAAAAAAAAAAAAAAAAAAAAFEkkkkkkkYAAAAAAAAAAAAAAAAAAAAAAAAAAAAAAAAAAAAAAAAFEkkkkkkkYAAAAAAAAAAAAAAAAAAAAAAAAAAAAAAAAAAAAAAAAFEkkkkkkkYAAAAAAAAAAAAAAAAAAAAAAAAAAAAAAAAAAAAAAAABEkkkkkkkfAAAAAAAAAAAAAAAAAAAAAAAAAAAAAAAAAAAAAAAABEkkkkkkkcAAAAAAAAAAAAAAAAAAAAAAAAAAAAAAAAAAAAAAAAFEkkkkkkk/AAAAAAAAAAAAAAAAAAAAAAAAAAAAAAAAAAAAAAAAFEkkkkkkk8AAAAAAAAAAAAAAAAAAAAAAAAAAAAAAAAAAAAAAAAgEkkkkkkk5AAAAAAAAAAAAAAAAAAAAAAAAAAAAAAAAAAAAAAAAAEkkkkkkk4AAAAAAAAAAAAAAAAAAAAAAAAAAAAAAAAAAAAAAAAlEkkkkkkkYAAAAAAAAAAAAAAAAAAAAAAAAAAAAAAAAAAAAAAAAmEkkkkkkkcAAAAAAAAAAAAAAAAAAAAAAAAAAAAAAAAAAAAAAAAlEkkkkkkk8gAAAAAAAAAAAAAAAAAAAgAAAAAAAAAAAAAAAAAAAlEkkkkkkkeEEMFM5pvppZrYJpJ79ZplNNbJNt7df97d/eBL59tMEkkkkkkkoEgpkEggNkIgAAhgsgAoZvskgAEkkAEEkEEoEEPMEEEkkkkkkkkkiYckkkkkkkkkkkkEkkj/AJJJJJJJJJJJJJJJJPBJJJJJJJJJJJJIBAAAAAAAJAJBAABJJJJJJJIJJIBBIAAAAABHIBJJJJJJJJJJJR2IJJJJJJJJJJJJJJJJJJJJJJJJJJJJJJJJJAIJJJJJJJJJJJJ+xAJIJJAAJJJJJIJJIAJIJAIIAAAABJJJBBBBABJJJJJAJJJJI5AAAIIJAAABAAAAAAAAAAAAAAABAABAABIJABIJ5JJJJABJJJJJJJJJJJJJJJJJJJJJJJJJJJJJJJJJJJJJJJJJJJJJJJJJJJJJAAAAAAAAAAAAAAABAAAAAIAAAAAAAAAAAAAAAAAAJJJJJJJJJJJJJJJJJJJJJJJJJIJJJJJJAJJJJJJJJJJJJJJJJJJJJJJJJJJJJJJJJJJJJJJJJJJJJJJJJJJBJJJJJJJJJJJJJJJJJJJJJJJJJJJJJJJJJJJJJJJJJBJJJJJJIJJJJJJJJJJJJJJJJJJJJJJJJJJJJJJJJJJJJJJJJJJBJJJJJIBJJJJJJJJJJJJJJJJJJJJJJJJJJJJJJJJJJJJJJJJJJJJJJJJJJJJJJJJJJJJJJJJJJJJJJJJAAAAAAAAAAAAAAAAAAAAAAAAAAAAAAAAAAAAAAAAAAAAAAAAAAJJJJJJJJJJJJJJJJJJJJJJJJJJJJJJJJJJJJJJJJJJJJJJJJJJJJJJJJJJJJJJJJJJJJJJJJJJJJJJJJJJJJJJJJJJJJJJJJJJJJJJJJJJJJJJJJJJJJJJJJJJJJJJJJJJJJJJJJJJJJJJJJJJJJJJJJJJJJJJJJJJJJJJJJJJJJJJJJJJJJJJJJJJJJJJJJJJJJJJJJJJJJJJJJJJJJJJJJJJJJJJJJJJJJJJJJJJJJJJJJJJJJJJJJJJJJJJJJJJJJJJJJJJJJJJJJJJJJJJJJJJJJJJJJJJJJJJJJJJJJJJJJJJJJJJJJJJJJJJJJJJJJJJJJJJJJJJJJJJJJJJJJJJJJJJJJJJJJJJJJJJJJJJJJJJJJJJJJJJJJJJJJJJJJJJJJJJJJJJJJJJJJJJJJJJJJJJJJJJJJJJJJJJJJJJJJJJJJJJJJJJJJJJJJJJJJJJJJJJJJJJJJJJJJJJJJJJJJJJJJJJJJJJJJJJJJJJJJJJJJJJJJJJJJJJJJJJJJJJJJJJJJJJJJJJJJJJJJJJJJJJJJJJJJJJJJJJJJJJJJJJJJJJJJJJJJJJJJJJJJJJJJJJJJJJJJJJJJJJJJP/EAB8RAAMAAwEAAgMAAAAAAAAAAAABETFAYBAgUDCgsP/aAAgBAwEBPxD+RjUVFRV4qKilKUvpUUpfFXirxUVFRUVFKUpSClKUqKUpSlKUpSlKUpSlKUpSlKUpSlKUpSlKUpUVFRUXRYkTxCE/CAT0hPiEIQnieIQniEIQhCeITxCEIQhCEIQhCEIQhCEIQhCEIQhCEIQnhZ0WLklnRfJlnRfJlnRfJlnRfJlnRYuSWdFi5JZ0WLklnRYuSWdFi5JZ0WLklnRYuSWdFi5JZ0WLklnRYuSWdFi5JZ0WLklnRYuSWdFi5JZ0WLklnRYuSWdFi5JZ0WLklnRYuSWdFi5JZ0WLklnRYuSWdFi5JZ0WLklnRYuSWdFi5JZ0WLklnRYuSWdFi5JZ0WLklnRYuSWdFi5JZ0WLklnRYuSWdFi5JZ0WLklnRYuSWdFi5JZ0WLklnRYuSWdFlKUrKysrKysorKysrxRfF8V+Kysr8VlZWVlZRWVlZWVlZWUVlKyisoorKysorKysrK/SsrKy+KysrxX4pWVlZX4pWUpWVlFosjIyEIyMjK8R+IyMojIyMjKK8URkZGRkZGRkZGRlEfiMjIyMnsI/EZGRkfiMjKIyMjIyMjIyiMjIyMjKKIyPxGR+KIyiiMojIxJ67CovoYQn0LKym23RIS4Voa8WwbG6JCXENbBRuiQlxTQ1rk46fvt//8QAHxEAAwEBAQEAAgMAAAAAAAAAAAERQGAQMSBQMKCw/9oACAECAQE/EP8AIxnpH4n5gQn8ACeIQhCEIQhCEIQhCEIQhCEIQhCEIQhCEIQhCEIQhCEIQhCEIQniEwobKUpS+l9L4pSlKUvilKUpfF8UpfFKUpSlKUpSlKUpSlKUpSlKUpSlKUpSlKUpSlKUpSjwofJPCh8k8KHyTwofJPCh8k8KHyTwofJPCh8k8KHyTwofJPCh8k8KHyTwofJPCh8k8KHyTwofJPCh8k8KHyTwofJPCh8k8KHyTwofJPCh8k8KHyTwofJP5hQ+SeFD5J4UPknhQ+SeFD5J4UPknhQ+SeFD5J4UPkn8wofJPCh8k8KHyTwofJPCh8k8KHyT+YUPkn8wofJPCh8k/mFD5J/MKHyT+YV5CEIQhCEIiEIiIhEQiIiIiIRERERERERERERERBEREREREREQiIiIiIIiIiIiIiIiCIgiIiIiIiIiIiIiIiEREQhCIhCEIQeFFKUpSlKioqIIIIIIIIIKiCCCCCCCrxBUVFRBBBHiC+0pUQQQQVFRBBBBBBSCCCCoggqKiojxBBUVEFKiCoggqG8yEHB/oaUv6FIi1iEoNjfCpieoglBsb4eiekSg2XikxMazXjr/AH2//8QALhAAAgECBAUEAgMBAQEBAAAAAAERUXEhMWHwEEBBgdFgkaGxwfEgMOFQoHCA/9oACAEBAAE/EP8A3oaxrGsaxrGsaxrGsaxrGsaxrGsaxrGsaxrGsaxrGsaxrGsaxrGsaxrGsaxrGsaxrGsaxrGsaxrGsaxrGsaxrGsaxrGsaxrGsaxrGsaxrGsaxrGsaxrGsaxrGsaxrGsaxrGsaxrGsaxrGsaxrGsaxrGsaxrGsaxrGsaxrGsa3/79mlE2oY+d6rh7ry0ZuNcNd7uCbzcIT/8AQacyTcix4z8QBvNxRNN7CfkGLEfZmk9jT+xhzD2ND7Gn9jrwisGm9jQ+xp/Y2UaL2OvGLGBMPYw5j7EvT7GBP1N5GPH0Gv8AwJ+UuxuoTsmfY6cvYTuv2NZ7Gq9jFgGLCY+DCdl7XEBkzLhjJ+XBK1g1uJuz8EUzSdX+Df8AtanhnGpf8f8A/wAaM2bVmktWai1ZnaM+DbjQGVnM2Qlcj71xkNMGE0YeRZfA2rqFu8Uf+FHVr8NcSfgl2s8GK3iWlSa00K3+TFls7SFYKdpidK0wYisvgkz9j4P0gbvBOlgWlYaRl7USsMK3wfqXgUESdouuztMLAKT1O0SPB8CVGN2im/FHgwrt8GL+L4P1krs4O5HQ0+BdXtL4P03wfpolfYf9dfAkLq2CWurZ4ErL23gUMN/Z4EufpeCo8JXjEeTdWngSnhDZ4Etz8Lwfq3gS5nFong/XvAldLRLH0KbO7fAkPCK3wJbeOrfBQV2+Bun6Pg/X/A2Zew8C6ntvBoNl8EWCR2+BI8HwNng+DDj4fgxehZ4HDC76+BQdWzwZ0+38EeXdXwYTx5qvgb3ldvjgRZcCybjNmfs/BISU8hLtQ8FSZckTKGcfSN8xGyU8i0NCWvSN8426nkfiPsSPSIfOM/X6vI/BX2hI2GHpH5xNbnByO+1Qkeke+cPtejkfl/ZGS9Ivzj2P1uR+X9l6Sj84fSX4nI7RUWMP0i/OGtficjtFRIfX6fSOTc7t/U5HfKoRLY4ekfnHvfoXI7LVCJV/w+kfnDufS+FyM8PagmLEN+kX5w7Sa/Wh58j0+HT0i/MG2/RDz5DZaDt/SL84fsw+yHnyGy0GQ9IuTcVKr+JDz5DZaDofSL84VT7oQ8+Qjj7UE3vT0jk3LdZfZDz5DfaDK7Y9I5Nx/s+yHnyPSr0jOTcdR9fxIefIb7Qe+9IuRcdav4EPPkN9oFjrL8K9I5Nzr9iQ8+Q2WgSHVl9l6Rybk1v8EPPkN3oMKeq+lekfnC41E/CHnyG10EdT8a9I/OJQ7YQ8+RWjk6vZekcm5ttEPPkNzoGwafX6Rybi9n60PPkNvoGWb+lekfnD2/woefIddvQTc9F6RybmwUQ8+Q3ugjqfhXpHJuPl5Nnwh58hvdBPQ/D6RyLnZ/gQ8+Q3ug2WnpHJuZR4P8aHnyG50C7np6Rybm50Q8+Q3egxt2wvSOTczOXT7IefIbXQNgU+n0jk3HcO2EPPkN7oE3fRekcm5OPovrQ8+Q2ughlY/j9I5NyODVfsh58ht9AsRZfh9I5NzK6/wh58gvc+kS0/xr0jk3IztY/iQ8+Qx7HASi3x6Rybi+4fCHnyG40EpnT+PSORcaWaXwh58hnd8DMp4PB7L0jk3HUL0vZDz5Df6Bp3OC9I5Fx095gh58hvdA87HBekci5j01fCHnyG10D7HovSORcVzz+pDz5Df6COZn9K9I5FyMqc+BDz5B2fE1TWA9n0yKTNh8iawm3qZcjfURe78j6WxcaMty417H2KqWUf6K2/cact+44sVvep+ieRf57yaftqS4reuTb32YWG9ce7fke+fkadr7Oh3P2GjF7txbD+R6L13ZU2bj6cu9Rr2/sbsErfUi62n7i238m7+TafJidDeo1zG7cf+f8AI1/NuyfGLfUhz3Lie9v5MIqUxI+RP4GspCbSlY4i4NTJPNE6m9+RO8TyNOHe/cT629Tp4+9RdfduYex8kez9jTnu3MfZ+R9HZubp5JFh7fyKHHduPp7tyNY79zffItt/Invb+RMo7VE7Z+yRbXyPcvybF5Ksr26ibhtdzHxh2qK+1/0Y+Me1RdaXep01v3HJv/IvEPkXVfvqM54+3URZOz4bEeWnqHlZKShhIefII1QGk3Ew0NJTDgsMWRNy2O43JLa6vBEhDt6szKd3EXlZbi7IbMu8wwVWRN0pYlDTtNJrBkNTzdpDbkveI2J4ozgOFOXsJWsXtJ8V7kkgSTbsJOlIxdLLdL+qRLZVeLHhwrOecmXvVDyHOS5ln7SZeMbOn2jlTj7TQ+0WKvrFRu0XSyVMbxSY6K0YeWWG6QkaUJM7wWNVQ4MvsHBgsWkXPHMErD30QY5KRAlCShNDTRPohSgpEbhLeBj4rPsMBNrYqRyq7Sjn0i6OjFB5UCs2DWqyPIzPTBpc4LkajeBp/aRdOGnhs6y91Q6fCiizYxZIs/6xPSaVXUVB7RSdHYLCDGhr2wiesU+5Kk17sQnrBFeJSQYsPvxmC3jjDJwCCaC3qtVrE2JY2TJuBIailSgvgSYlOsEJWMbFRZS715QFPEk2aJpDz5VAdfu3RVEJo955FXqOwRYCSGmlEKXDaNDhfH8J/hJPCSf4SSSSSSTwkkknhPBNaYSNj9EMOM7PANq4mhE0T14ySSST/CeM8JJJJJ4T/S1c1ElMJz+QzunCTFAsMmmkI6pkQlCTngmuv3zS16mC6tRE5prieCeRCZODXFIahcmG5x1FOJgPizrd/RJJJJJJKJRKJJRKJJJJJJJJJJJJJJJJJJJJJJJJJJJJJJJJJJJJJJJJJJJJJJJJJJJJJ4O3pQSmCan7aWdM1WQuJdaZ4P8A0x+yhynDDBWkUOwhR6/fMYMpHCZ6EI/yMaNrqOSJEShdom0QM4T+hs2VJJ9JWqJySQklELBIl6DWNY1jWIVIVNQ1DUNQjUjUjUjUjUjUjUjUjUjUjUjUjUjUjUjUjU1CNSNSNSNSNSNSNSNTWNYjUjUjUjUjUjUhU1iNSNTWI1IVIVIVNQjUjUhUhUhUhUhUVY1jWNENWaIXzhtLJX08jGQJDWnFPIlRHLsSuMCjSbninVCFk0JNyWj1+xNPlcqBKYOnl1kfYOYvAxglViCe6zqX/lqNMzuesEyU6IhLAT6iVYkFqL+FFayTdw38PZwXL+lPvXB2FyL+GeHP8f38Padv8NeXl/Hnj7y/jyZ4d5fx2qhqob+o8jPpITk4dYMLACf1Ri4CwGm5u4pU2jcSplSUvGTHF/XJP83kPo5PNcTX3X+AblNKJTFoRwnZCVkq7CpDSNIjQ0CFCNCFCNCFCFCNCNCNCNCNCNCNCFCNCNCNCNCNCNCNDSI0I0I0I0I0I0I0I0I0I0I0NIjQjQjQjQjQjQjQjQjQjQjQa0I0I0I0I0I0IUI0I0I0I0I0IUIUIUIUIUNI0jSRpvYecZ2GxJmoaawaF8secoOVJ6bJJ9C1DcISmiE5/sX9EEEEEEEEEEEEEEEEEEEEEEEEEEEEEEEEEEEEEEEEEEEEEEEEEEEEEEEEEEEEEEEEEEEEEEEEEEEEEEEIhEf0x/yUm0ISdWRqQqQqQqQqRqQqaGN0Q10/4q5WCCP4RwgjjHCCCCCCCCCCOEEEEEECqH/ZGhCg1awzIIIIIIII4QQQQQQRwggjhBBBBBBHCCCP+qk24Qqn97zelM7/ALmiHhw9KptORIRqRIkSJEjUiRIkRr0G5/8AiV5eXl5eXl5eXl5eXl5eXl5eXl5eXl5eXl5eXl5eXl5eXl5eXl5eXl5eXl5eXl5eXl5eXl5eXl5eXl5eXl5eXl5eXl5eXl5eXl5eXl5eXl5eXl5eXl5eXl5eXl5eXl5eXl5eXl//AIsf/9k=\" width=\"324\" height=\"324\" /></p>\r\n</body>\r\n</html>', 10, '5e855b8672dc4.jpeg', '150.00', '260.00', 'DISPONIBLE', 99, 'tv_xiaomi_48_nuevo_editado', 3);
INSERT INTO `producto` (`id`, `titulo`, `resena`, `contenido`, `idcategoria`, `poster`, `precio_ahora`, `precio_antes`, `estado`, `stock`, `slug`, `num_ventas`) VALUES
(19, 'Xiaomi Redmi Note 8 Global Version 6.3 inch 4', 'sdfasfasdfsadfasd', '<!DOCTYPE html>\r\n<html>\r\n<head>\r\n</head>\r\n<body>\r\n<p>sdfasdfl&ntilde;kasfj&ntilde;salkfj&ntilde;saldkfjsa&ntilde;lkfdjsa&ntilde;lkfjsdaf</p>\r\n</body>\r\n</html>', 5, '5eab86b26c4ce.webp', '100.00', '100.00', 'DISPONIBLE', 99, 'xiaomi_redmi_note_8_global_version_63_inch_4', 1);

-- --------------------------------------------------------

--
-- Estructura de tabla para la tabla `resena`
--

CREATE TABLE `resena` (
  `id` int(11) NOT NULL,
  `resena` longtext NOT NULL,
  `iduser` int(11) NOT NULL,
  `idproducto` int(11) NOT NULL,
  `createAt` date NOT NULL,
  `foto_uno` varchar(50) DEFAULT NULL,
  `foto_dos` varchar(50) DEFAULT NULL,
  `foto_tres` varchar(50) DEFAULT NULL
) ENGINE=InnoDB DEFAULT CHARSET=utf8mb4;

--
-- Volcado de datos para la tabla `resena`
--

INSERT INTO `resena` (`id`, `resena`, `iduser`, `idproducto`, `createAt`, `foto_uno`, `foto_dos`, `foto_tres`) VALUES
(1, 'El producto esta totalmente perfecto, buen precio grandes caracteristicas, solo espero que el paquete llegue un poco mas temprano.', 5, 3, '2020-03-29', '10.jpg', '20.jpg', '30.jpg'),
(2, 'Muy buen producto, me encanto.', 5, 3, '2020-03-30', '5e82be730203c783769895.jpeg', '5e82be7318ed21071615534.jpeg', '5e82be73191e22108044832.jpeg'),
(3, 'Me gusto el producto, muy buenas condiciones', 6, 15, '2020-04-01', '5e8549c5bd8c8541411073.jpeg', '5e8549c5df6481953218584.jpeg', '5e8549c5dfaa21584607304.jpeg');

-- --------------------------------------------------------

--
-- Estructura de tabla para la tabla `users`
--

CREATE TABLE `users` (
  `id` int(11) NOT NULL,
  `name` varchar(255) COLLATE utf8mb4_unicode_ci DEFAULT NULL,
  `fullname` varchar(255) COLLATE utf8mb4_unicode_ci DEFAULT NULL,
  `email` varchar(255) COLLATE utf8mb4_unicode_ci NOT NULL,
  `email_verified_at` timestamp NULL DEFAULT NULL,
  `password` varchar(255) COLLATE utf8mb4_unicode_ci NOT NULL,
  `role` varchar(20) COLLATE utf8mb4_unicode_ci NOT NULL,
  `telefono` varchar(15) COLLATE utf8mb4_unicode_ci DEFAULT NULL,
  `tipo_doc` varchar(50) COLLATE utf8mb4_unicode_ci DEFAULT NULL,
  `num_doc` varchar(20) COLLATE utf8mb4_unicode_ci DEFAULT NULL,
  `remember_token` varchar(100) COLLATE utf8mb4_unicode_ci DEFAULT NULL,
  `created_at` timestamp NULL DEFAULT NULL,
  `updated_at` timestamp NULL DEFAULT NULL
) ENGINE=InnoDB DEFAULT CHARSET=utf8mb4 COLLATE=utf8mb4_unicode_ci;

--
-- Volcado de datos para la tabla `users`
--

INSERT INTO `users` (`id`, `name`, `fullname`, `email`, `email_verified_at`, `password`, `role`, `telefono`, `tipo_doc`, `num_doc`, `remember_token`, `created_at`, `updated_at`) VALUES
(1, 'Diego Alonso', 'Arroyo Campos', 'diegoarca02@gmail.com', NULL, '$2y$10$pGoaLkcOLTwTScKhg6M/zOIKQyan7WO9nZTWM85Y6f0bVXx49aaSa', 'ADMIN', NULL, NULL, NULL, NULL, '2020-03-17 23:55:36', '2020-03-17 23:55:36'),
(5, 'Vincent', 'Murray', 'vincentmurray01@gmail.com', NULL, '$2y$10$s8P8VhNeTK.bb7ITzte/F.xUr3rt3gcBBprjmvjB0.uIP6U/tpk5u', 'USER', '992648792', 'DNI', '70612413', NULL, NULL, NULL),
(6, 'Diego Alonso', 'Arroyo Campos', 'diegoarca0124@gmail.com', NULL, '$2y$10$E6rWqTq/wEB3yfG83ldFV.PbA9Q0fAtJVo8ghILc8OEFdtCe3nm2.', 'USER', '992648792', 'DNI', '78489586', NULL, NULL, NULL);

-- --------------------------------------------------------

--
-- Estructura de tabla para la tabla `venta`
--

CREATE TABLE `venta` (
  `id` int(11) NOT NULL,
  `codigo` varchar(100) NOT NULL,
  `transaccion` varchar(100) NOT NULL,
  `iduser` int(11) NOT NULL,
  `idproducto` int(11) NOT NULL,
  `metodo` varchar(50) NOT NULL,
  `cantidad` int(11) NOT NULL,
  `createAt` date NOT NULL,
  `iddireccion` int(11) NOT NULL,
  `track` varchar(50) DEFAULT NULL,
  `tiempo` varchar(50) DEFAULT NULL,
  `medio_postal` varchar(50) DEFAULT NULL,
  `estado` varchar(20) NOT NULL,
  `total` decimal(7,2) NOT NULL
) ENGINE=InnoDB DEFAULT CHARSET=utf8mb4;

--
-- Volcado de datos para la tabla `venta`
--

INSERT INTO `venta` (`id`, `codigo`, `transaccion`, `iduser`, `idproducto`, `metodo`, `cantidad`, `createAt`, `iddireccion`, `track`, `tiempo`, `medio_postal`, `estado`, `total`) VALUES
(32, '5e8425dd34e5f', 'PAYID-L2CCLTA4SG54315152995232', 5, 13, 'Paypal', 2, '2020-04-01', 4, NULL, NULL, NULL, 'Reembolsado', '720.00'),
(33, '5e8425dd48423', 'PAYID-L2CCLTA4SG54315152995232', 5, 12, 'Paypal', 1, '2020-04-01', 4, NULL, NULL, NULL, 'Cancelado', '2100.00'),
(34, '5e8425dd55faf', 'PAYID-L2CCLTA4SG54315152995232', 5, 14, 'Paypal', 1, '2020-04-01', 4, NULL, NULL, NULL, 'Reembolsado', '140.00'),
(35, '5e84f091ca93a', 'PAYID-L2CPA6Q42C716954U4597118', 5, 7, 'Paypal', 3, '2020-03-01', 4, NULL, NULL, NULL, 'Enviado', '84.00'),
(36, '5e84f42a894fb', 'PAYID-L2CPIEY9TN147347X427260J', 5, 3, 'Paypal', 1, '2020-04-01', 4, 'ER6546546545PE', '17 de Abril al 30 de Abril', 'Serpost', 'Enviado', '150.00'),
(37, '5e853a0945596', 'PAYID-L2CTT3Q4VF66637M9267572W', 5, 5, 'Paypal', 1, '2020-04-01', 4, NULL, NULL, NULL, 'Procesando', '150.00'),
(38, '5e8548bb1e616', 'PAYID-L2CURHY67M37188MX454532H', 6, 13, 'Paypal', 3, '2020-04-01', 5, NULL, NULL, NULL, 'Enviado', '1080.00'),
(39, '5e8548bb6bf8c', 'PAYID-L2CURHY67M37188MX454532H', 6, 12, 'Paypal', 1, '2020-04-01', 5, NULL, NULL, NULL, 'Cancelado', '2100.00'),
(40, '5e85494d12998', 'PAYID-L2CUSNI9M409442GG8204730', 6, 15, 'Paypal', 1, '2020-04-01', 5, NULL, NULL, NULL, 'Entregado', '35.00'),
(41, '5e855f6ddd3e0', 'PAYID-L2CV6VI1K154976N1252501J', 5, 18, 'Paypal', 2, '2020-04-01', 4, NULL, NULL, NULL, 'Reembolsado', '300.00'),
(43, '5eadf82bd17a4', 'PAYID-L2W7QFA2X094759CF4650359', 5, 19, 'Paypal', 1, '2020-05-02', 4, NULL, NULL, NULL, 'Procesando', '100.00'),
(44, '5eae060954167', 'tkn_test_OabqPk4g6vU4cXZC', 5, 18, 'Paypal', 1, '2020-05-02', 4, NULL, NULL, NULL, 'Procesando', '150.00'),
(45, '5eae1163753ab', 'tkn_test_zIAIqJJIgHAbn6pj', 5, 16, 'Tarjeta de Crédito', 1, '2020-05-02', 4, NULL, NULL, NULL, 'Procesando', '12.00'),
(46, '5eae11e3c8736', 'PAYID-L2XBDUQ2NP14529RB696542E', 5, 12, 'Paypal', 1, '2020-05-02', 4, NULL, NULL, NULL, 'Procesando', '2100.00');

--
-- Índices para tablas volcadas
--

--
-- Indices de la tabla `cancelacion`
--
ALTER TABLE `cancelacion`
  ADD PRIMARY KEY (`id`),
  ADD KEY `fk_cancelacion_venta` (`idventa`);

--
-- Indices de la tabla `carrito`
--
ALTER TABLE `carrito`
  ADD PRIMARY KEY (`id`),
  ADD KEY `fk_carrito_compra` (`idproducto`);

--
-- Indices de la tabla `categoria`
--
ALTER TABLE `categoria`
  ADD PRIMARY KEY (`id`);

--
-- Indices de la tabla `configuraciones`
--
ALTER TABLE `configuraciones`
  ADD PRIMARY KEY (`id`);

--
-- Indices de la tabla `direccion`
--
ALTER TABLE `direccion`
  ADD PRIMARY KEY (`id`);

--
-- Indices de la tabla `failed_jobs`
--
ALTER TABLE `failed_jobs`
  ADD PRIMARY KEY (`id`);

--
-- Indices de la tabla `galeria`
--
ALTER TABLE `galeria`
  ADD PRIMARY KEY (`id`),
  ADD KEY `fk_galeria_producto` (`idproducto`);

--
-- Indices de la tabla `mensajes`
--
ALTER TABLE `mensajes`
  ADD PRIMARY KEY (`id`);

--
-- Indices de la tabla `migrations`
--
ALTER TABLE `migrations`
  ADD PRIMARY KEY (`id`);

--
-- Indices de la tabla `password_resets`
--
ALTER TABLE `password_resets`
  ADD KEY `password_resets_email_index` (`email`);

--
-- Indices de la tabla `producto`
--
ALTER TABLE `producto`
  ADD PRIMARY KEY (`id`),
  ADD KEY `fk_categoria_producto` (`idcategoria`);

--
-- Indices de la tabla `resena`
--
ALTER TABLE `resena`
  ADD PRIMARY KEY (`id`),
  ADD KEY `fk_reseña_producto` (`idproducto`),
  ADD KEY `fk_reseña_user` (`iduser`);

--
-- Indices de la tabla `users`
--
ALTER TABLE `users`
  ADD PRIMARY KEY (`id`),
  ADD UNIQUE KEY `users_email_unique` (`email`);

--
-- Indices de la tabla `venta`
--
ALTER TABLE `venta`
  ADD PRIMARY KEY (`id`),
  ADD KEY `fk_venta_producto` (`idproducto`),
  ADD KEY `fk_venta_direccion` (`iddireccion`);

--
-- AUTO_INCREMENT de las tablas volcadas
--

--
-- AUTO_INCREMENT de la tabla `cancelacion`
--
ALTER TABLE `cancelacion`
  MODIFY `id` int(11) NOT NULL AUTO_INCREMENT, AUTO_INCREMENT=10;

--
-- AUTO_INCREMENT de la tabla `carrito`
--
ALTER TABLE `carrito`
  MODIFY `id` int(11) NOT NULL AUTO_INCREMENT, AUTO_INCREMENT=55;

--
-- AUTO_INCREMENT de la tabla `categoria`
--
ALTER TABLE `categoria`
  MODIFY `id` int(11) NOT NULL AUTO_INCREMENT, AUTO_INCREMENT=12;

--
-- AUTO_INCREMENT de la tabla `configuraciones`
--
ALTER TABLE `configuraciones`
  MODIFY `id` int(11) NOT NULL AUTO_INCREMENT, AUTO_INCREMENT=2;

--
-- AUTO_INCREMENT de la tabla `direccion`
--
ALTER TABLE `direccion`
  MODIFY `id` int(11) NOT NULL AUTO_INCREMENT, AUTO_INCREMENT=7;

--
-- AUTO_INCREMENT de la tabla `failed_jobs`
--
ALTER TABLE `failed_jobs`
  MODIFY `id` bigint(20) UNSIGNED NOT NULL AUTO_INCREMENT;

--
-- AUTO_INCREMENT de la tabla `galeria`
--
ALTER TABLE `galeria`
  MODIFY `id` int(11) NOT NULL AUTO_INCREMENT, AUTO_INCREMENT=73;

--
-- AUTO_INCREMENT de la tabla `mensajes`
--
ALTER TABLE `mensajes`
  MODIFY `id` int(11) NOT NULL AUTO_INCREMENT, AUTO_INCREMENT=2;

--
-- AUTO_INCREMENT de la tabla `migrations`
--
ALTER TABLE `migrations`
  MODIFY `id` int(10) UNSIGNED NOT NULL AUTO_INCREMENT, AUTO_INCREMENT=4;

--
-- AUTO_INCREMENT de la tabla `producto`
--
ALTER TABLE `producto`
  MODIFY `id` int(11) NOT NULL AUTO_INCREMENT, AUTO_INCREMENT=22;

--
-- AUTO_INCREMENT de la tabla `resena`
--
ALTER TABLE `resena`
  MODIFY `id` int(11) NOT NULL AUTO_INCREMENT, AUTO_INCREMENT=5;

--
-- AUTO_INCREMENT de la tabla `users`
--
ALTER TABLE `users`
  MODIFY `id` int(11) NOT NULL AUTO_INCREMENT, AUTO_INCREMENT=7;

--
-- AUTO_INCREMENT de la tabla `venta`
--
ALTER TABLE `venta`
  MODIFY `id` int(11) NOT NULL AUTO_INCREMENT, AUTO_INCREMENT=47;

--
-- Restricciones para tablas volcadas
--

--
-- Filtros para la tabla `cancelacion`
--
ALTER TABLE `cancelacion`
  ADD CONSTRAINT `fk_cancelacion_venta` FOREIGN KEY (`idventa`) REFERENCES `venta` (`id`) ON DELETE CASCADE ON UPDATE CASCADE;

--
-- Filtros para la tabla `carrito`
--
ALTER TABLE `carrito`
  ADD CONSTRAINT `fk_carrito_compra` FOREIGN KEY (`idproducto`) REFERENCES `producto` (`id`) ON DELETE CASCADE ON UPDATE CASCADE;

--
-- Filtros para la tabla `galeria`
--
ALTER TABLE `galeria`
  ADD CONSTRAINT `fk_galeria_producto` FOREIGN KEY (`idproducto`) REFERENCES `producto` (`id`) ON DELETE CASCADE ON UPDATE CASCADE;

--
-- Filtros para la tabla `producto`
--
ALTER TABLE `producto`
  ADD CONSTRAINT `fk_categoria_producto` FOREIGN KEY (`idcategoria`) REFERENCES `categoria` (`id`) ON DELETE CASCADE ON UPDATE CASCADE;

--
-- Filtros para la tabla `resena`
--
ALTER TABLE `resena`
  ADD CONSTRAINT `fk_reseña_producto` FOREIGN KEY (`idproducto`) REFERENCES `producto` (`id`) ON DELETE CASCADE ON UPDATE CASCADE,
  ADD CONSTRAINT `fk_reseña_user` FOREIGN KEY (`iduser`) REFERENCES `users` (`id`) ON DELETE CASCADE ON UPDATE CASCADE;

--
-- Filtros para la tabla `venta`
--
ALTER TABLE `venta`
  ADD CONSTRAINT `fk_venta_direccion` FOREIGN KEY (`iddireccion`) REFERENCES `direccion` (`id`) ON DELETE CASCADE ON UPDATE CASCADE,
  ADD CONSTRAINT `fk_venta_producto` FOREIGN KEY (`idproducto`) REFERENCES `producto` (`id`) ON DELETE CASCADE ON UPDATE CASCADE;
COMMIT;

/*!40101 SET CHARACTER_SET_CLIENT=@OLD_CHARACTER_SET_CLIENT */;
/*!40101 SET CHARACTER_SET_RESULTS=@OLD_CHARACTER_SET_RESULTS */;
/*!40101 SET COLLATION_CONNECTION=@OLD_COLLATION_CONNECTION */;
